ano,id_municipio,cnae_divisao,vinculos_ativos
2002,1200401,NA,57993
2003,1200401,NA,57061
2004,1200401,NA,61146
2005,1200401,NA,65148
2006,1200401,00,583
2006,1200401,01,1645
2006,1200401,02,19
2006,1200401,03,10
2006,1200401,08,346
2006,1200401,10,1109
2006,1200401,11,324
2006,1200401,12,5
2006,1200401,13,15
2006,1200401,14,117
2006,1200401,15,86
2006,1200401,16,550
2006,1200401,17,33
2006,1200401,18,82
2006,1200401,20,14
2006,1200401,21,3
2006,1200401,22,93
2006,1200401,23,441
2006,1200401,24,51
2006,1200401,25,87
2006,1200401,26,3
2006,1200401,27,23
2006,1200401,28,9
2006,1200401,29,32
2006,1200401,31,106
2006,1200401,32,33
2006,1200401,33,52
2006,1200401,35,511
2006,1200401,36,603
2006,1200401,38,109
2006,1200401,41,3069
2006,1200401,42,785
2006,1200401,43,628
2006,1200401,45,1299
2006,1200401,46,1368
2006,1200401,47,8439
2006,1200401,49,1455
2006,1200401,51,85
2006,1200401,52,267
2006,1200401,53,227
2006,1200401,55,409
2006,1200401,56,947
2006,1200401,58,72
2006,1200401,59,40
2006,1200401,60,203
2006,1200401,61,93
2006,1200401,62,31
2006,1200401,63,146
2006,1200401,64,488
2006,1200401,65,30
2006,1200401,66,19
2006,1200401,68,49
2006,1200401,69,146
2006,1200401,70,45
2006,1200401,71,82
2006,1200401,72,297
2006,1200401,73,30
2006,1200401,74,42
2006,1200401,75,13
2006,1200401,77,185
2006,1200401,78,116
2006,1200401,79,77
2006,1200401,80,936
2006,1200401,81,1092
2006,1200401,82,208
2006,1200401,84,33174
2006,1200401,85,3319
2006,1200401,86,1002
2006,1200401,88,290
2006,1200401,90,14
2006,1200401,91,312
2006,1200401,92,13
2006,1200401,93,155
2006,1200401,94,736
2006,1200401,95,87
2006,1200401,96,149
2006,1200401,97,27
2006,1200401,99,1
2007,1200401,00,2450
2007,1200401,01,1608
2007,1200401,02,30
2007,1200401,03,3
2007,1200401,08,124
2007,1200401,10,1171
2007,1200401,11,342
2007,1200401,12,3
2007,1200401,13,78
2007,1200401,14,105
2007,1200401,15,111
2007,1200401,16,704
2007,1200401,17,48
2007,1200401,18,83
2007,1200401,20,23
2007,1200401,21,4
2007,1200401,22,90
2007,1200401,23,507
2007,1200401,24,56
2007,1200401,25,101
2007,1200401,26,30
2007,1200401,27,21
2007,1200401,28,6
2007,1200401,29,33
2007,1200401,31,116
2007,1200401,32,61
2007,1200401,33,46
2007,1200401,35,289
2007,1200401,36,272
2007,1200401,38,111
2007,1200401,41,2274
2007,1200401,42,906
2007,1200401,43,1267
2007,1200401,45,1535
2007,1200401,46,1361
2007,1200401,47,8521
2007,1200401,49,1615
2007,1200401,51,109
2007,1200401,52,294
2007,1200401,53,237
2007,1200401,55,463
2007,1200401,56,1035
2007,1200401,58,62
2007,1200401,59,38
2007,1200401,60,218
2007,1200401,61,117
2007,1200401,62,37
2007,1200401,63,194
2007,1200401,64,553
2007,1200401,65,128
2007,1200401,66,30
2007,1200401,68,58
2007,1200401,69,95
2007,1200401,70,4
2007,1200401,71,83
2007,1200401,72,296
2007,1200401,73,16
2007,1200401,74,29
2007,1200401,75,13
2007,1200401,77,55
2007,1200401,78,373
2007,1200401,79,70
2007,1200401,80,1036
2007,1200401,81,911
2007,1200401,82,245
2007,1200401,84,37453
2007,1200401,85,1791
2007,1200401,86,1531
2007,1200401,87,2
2007,1200401,88,293
2007,1200401,90,18
2007,1200401,91,327
2007,1200401,92,2
2007,1200401,93,164
2007,1200401,94,716
2007,1200401,95,87
2007,1200401,96,151
2007,1200401,97,32
2007,1200401,99,1
2008,1200401,00,782
2008,1200401,01,1751
2008,1200401,02,41
2008,1200401,03,4
2008,1200401,08,167
2008,1200401,10,1139
2008,1200401,11,346
2008,1200401,12,3
2008,1200401,13,56
2008,1200401,14,145
2008,1200401,15,94
2008,1200401,16,832
2008,1200401,17,39
2008,1200401,18,94
2008,1200401,20,21
2008,1200401,22,101
2008,1200401,23,533
2008,1200401,24,52
2008,1200401,25,109
2008,1200401,26,6
2008,1200401,27,42
2008,1200401,28,15
2008,1200401,29,52
2008,1200401,30,5
2008,1200401,31,183
2008,1200401,32,37
2008,1200401,33,25
2008,1200401,35,515
2008,1200401,36,415
2008,1200401,38,113
2008,1200401,41,3325
2008,1200401,42,838
2008,1200401,43,597
2008,1200401,45,1885
2008,1200401,46,1596
2008,1200401,47,9387
2008,1200401,49,1770
2008,1200401,51,101
2008,1200401,52,292
2008,1200401,53,229
2008,1200401,55,501
2008,1200401,56,1116
2008,1200401,58,77
2008,1200401,59,33
2008,1200401,60,170
2008,1200401,61,163
2008,1200401,62,13
2008,1200401,63,177
2008,1200401,64,542
2008,1200401,65,132
2008,1200401,66,24
2008,1200401,68,79
2008,1200401,69,144
2008,1200401,70,8
2008,1200401,71,143
2008,1200401,72,140
2008,1200401,73,21
2008,1200401,74,41
2008,1200401,75,14
2008,1200401,77,153
2008,1200401,78,486
2008,1200401,79,159
2008,1200401,80,1325
2008,1200401,81,1883
2008,1200401,82,276
2008,1200401,84,37423
2008,1200401,85,2979
2008,1200401,86,1688
2008,1200401,87,4
2008,1200401,88,327
2008,1200401,90,9
2008,1200401,91,322
2008,1200401,93,183
2008,1200401,94,877
2008,1200401,95,74
2008,1200401,96,185
2008,1200401,97,32
2008,1200401,99,1
2009,1200401,01,1708
2009,1200401,02,11
2009,1200401,03,5
2009,1200401,07,4
2009,1200401,08,178
2009,1200401,10,1211
2009,1200401,11,390
2009,1200401,12,2
2009,1200401,13,13
2009,1200401,14,108
2009,1200401,15,97
2009,1200401,16,795
2009,1200401,17,44
2009,1200401,18,111
2009,1200401,20,17
2009,1200401,22,153
2009,1200401,23,533
2009,1200401,24,21
2009,1200401,25,151
2009,1200401,27,35
2009,1200401,28,25
2009,1200401,29,54
2009,1200401,31,155
2009,1200401,32,31
2009,1200401,33,19
2009,1200401,35,537
2009,1200401,36,403
2009,1200401,38,113
2009,1200401,41,4298
2009,1200401,42,1118
2009,1200401,43,2022
2009,1200401,45,2033
2009,1200401,46,1903
2009,1200401,47,10014
2009,1200401,49,1851
2009,1200401,51,111
2009,1200401,52,299
2009,1200401,53,228
2009,1200401,55,504
2009,1200401,56,1287
2009,1200401,58,74
2009,1200401,59,27
2009,1200401,60,162
2009,1200401,61,143
2009,1200401,62,26
2009,1200401,63,164
2009,1200401,64,559
2009,1200401,65,150
2009,1200401,66,20
2009,1200401,68,129
2009,1200401,69,209
2009,1200401,70,173
2009,1200401,71,261
2009,1200401,72,141
2009,1200401,73,51
2009,1200401,74,435
2009,1200401,75,10
2009,1200401,77,226
2009,1200401,78,86
2009,1200401,79,171
2009,1200401,80,1467
2009,1200401,81,2096
2009,1200401,82,268
2009,1200401,84,37758
2009,1200401,85,1848
2009,1200401,86,2898
2009,1200401,87,7
2009,1200401,88,239
2009,1200401,90,8
2009,1200401,91,332
2009,1200401,93,390
2009,1200401,94,900
2009,1200401,95,85
2009,1200401,96,179
2009,1200401,97,37
2009,1200401,99,1
2010,1200401,01,1822
2010,1200401,02,16
2010,1200401,03,5
2010,1200401,08,176
2010,1200401,10,1339
2010,1200401,11,416
2010,1200401,12,2
2010,1200401,13,40
2010,1200401,14,150
2010,1200401,15,104
2010,1200401,16,1041
2010,1200401,17,34
2010,1200401,18,128
2010,1200401,19,2
2010,1200401,20,10
2010,1200401,22,151
2010,1200401,23,689
2010,1200401,24,17
2010,1200401,25,183
2010,1200401,26,2
2010,1200401,27,44
2010,1200401,28,36
2010,1200401,29,49
2010,1200401,31,158
2010,1200401,32,31
2010,1200401,33,13
2010,1200401,35,369
2010,1200401,36,521
2010,1200401,38,133
2010,1200401,41,4637
2010,1200401,42,1620
2010,1200401,43,1229
2010,1200401,45,1915
2010,1200401,46,2068
2010,1200401,47,10636
2010,1200401,49,1510
2010,1200401,51,128
2010,1200401,52,327
2010,1200401,53,203
2010,1200401,55,523
2010,1200401,56,1591
2010,1200401,58,83
2010,1200401,59,28
2010,1200401,60,225
2010,1200401,61,100
2010,1200401,62,51
2010,1200401,63,154
2010,1200401,64,637
2010,1200401,65,146
2010,1200401,66,127
2010,1200401,68,92
2010,1200401,69,358
2010,1200401,70,165
2010,1200401,71,160
2010,1200401,72,146
2010,1200401,73,55
2010,1200401,74,756
2010,1200401,75,21
2010,1200401,77,279
2010,1200401,78,295
2010,1200401,79,168
2010,1200401,80,1645
2010,1200401,81,2258
2010,1200401,82,194
2010,1200401,84,45578
2010,1200401,85,2980
2010,1200401,86,4055
2010,1200401,88,248
2010,1200401,90,6
2010,1200401,91,341
2010,1200401,93,178
2010,1200401,94,825
2010,1200401,95,140
2010,1200401,96,189
2010,1200401,97,25
2010,1200401,99,2
2011,1200401,01,1419
2011,1200401,02,14
2011,1200401,03,7
2011,1200401,08,295
2011,1200401,10,1412
2011,1200401,11,444
2011,1200401,12,2
2011,1200401,13,55
2011,1200401,14,160
2011,1200401,15,104
2011,1200401,16,1060
2011,1200401,17,32
2011,1200401,18,122
2011,1200401,19,1
2011,1200401,20,17
2011,1200401,22,156
2011,1200401,23,788
2011,1200401,24,16
2011,1200401,25,116
2011,1200401,27,42
2011,1200401,28,23
2011,1200401,29,72
2011,1200401,31,163
2011,1200401,32,35
2011,1200401,33,29
2011,1200401,35,391
2011,1200401,36,498
2011,1200401,38,198
2011,1200401,41,3803
2011,1200401,42,1670
2011,1200401,43,825
2011,1200401,45,1928
2011,1200401,46,2641
2011,1200401,47,13095
2011,1200401,49,1793
2011,1200401,51,118
2011,1200401,52,434
2011,1200401,53,244
2011,1200401,55,579
2011,1200401,56,1812
2011,1200401,58,86
2011,1200401,59,59
2011,1200401,60,174
2011,1200401,61,177
2011,1200401,62,38
2011,1200401,63,163
2011,1200401,64,697
2011,1200401,65,140
2011,1200401,66,60
2011,1200401,68,89
2011,1200401,69,458
2011,1200401,70,184
2011,1200401,71,222
2011,1200401,72,155
2011,1200401,73,38
2011,1200401,74,165
2011,1200401,75,11
2011,1200401,77,745
2011,1200401,78,442
2011,1200401,79,106
2011,1200401,80,2058
2011,1200401,81,2752
2011,1200401,82,740
2011,1200401,84,40782
2011,1200401,85,3297
2011,1200401,86,4379
2011,1200401,88,298
2011,1200401,90,8
2011,1200401,91,218
2011,1200401,93,228
2011,1200401,94,962
2011,1200401,95,194
2011,1200401,96,190
2011,1200401,97,29
2011,1200401,99,2
2012,1200401,01,1327
2012,1200401,02,15
2012,1200401,03,8
2012,1200401,07,1
2012,1200401,08,318
2012,1200401,10,1254
2012,1200401,11,395
2012,1200401,12,2
2012,1200401,13,43
2012,1200401,14,165
2012,1200401,15,106
2012,1200401,16,903
2012,1200401,17,6
2012,1200401,18,136
2012,1200401,19,1
2012,1200401,20,70
2012,1200401,22,194
2012,1200401,23,787
2012,1200401,24,16
2012,1200401,25,102
2012,1200401,26,4
2012,1200401,27,4
2012,1200401,28,27
2012,1200401,29,59
2012,1200401,30,21
2012,1200401,31,123
2012,1200401,32,41
2012,1200401,33,27
2012,1200401,35,607
2012,1200401,36,412
2012,1200401,38,186
2012,1200401,41,4565
2012,1200401,42,930
2012,1200401,43,1475
2012,1200401,45,2168
2012,1200401,46,2741
2012,1200401,47,13545
2012,1200401,49,1880
2012,1200401,51,103
2012,1200401,52,481
2012,1200401,53,269
2012,1200401,55,615
2012,1200401,56,1872
2012,1200401,58,86
2012,1200401,59,50
2012,1200401,60,253
2012,1200401,61,123
2012,1200401,62,37
2012,1200401,63,178
2012,1200401,64,708
2012,1200401,65,152
2012,1200401,66,62
2012,1200401,68,84
2012,1200401,69,950
2012,1200401,70,161
2012,1200401,71,259
2012,1200401,72,157
2012,1200401,73,31
2012,1200401,74,173
2012,1200401,75,15
2012,1200401,77,818
2012,1200401,78,802
2012,1200401,79,93
2012,1200401,80,2209
2012,1200401,81,2714
2012,1200401,82,686
2012,1200401,84,40528
2012,1200401,85,3448
2012,1200401,86,4549
2012,1200401,88,423
2012,1200401,90,5
2012,1200401,91,226
2012,1200401,93,246
2012,1200401,94,960
2012,1200401,95,225
2012,1200401,96,176
2012,1200401,97,8
2012,1200401,99,2
2013,1200401,01,1418
2013,1200401,02,30
2013,1200401,03,11
2013,1200401,07,1
2013,1200401,08,233
2013,1200401,10,1182
2013,1200401,11,416
2013,1200401,13,39
2013,1200401,14,216
2013,1200401,15,109
2013,1200401,16,697
2013,1200401,17,2
2013,1200401,18,132
2013,1200401,19,1
2013,1200401,20,76
2013,1200401,22,172
2013,1200401,23,953
2013,1200401,24,17
2013,1200401,25,112
2013,1200401,27,17
2013,1200401,28,27
2013,1200401,29,56
2013,1200401,30,21
2013,1200401,31,109
2013,1200401,32,54
2013,1200401,33,33
2013,1200401,35,529
2013,1200401,36,536
2013,1200401,38,216
2013,1200401,41,4760
2013,1200401,42,530
2013,1200401,43,1554
2013,1200401,45,2187
2013,1200401,46,2460
2013,1200401,47,13251
2013,1200401,49,2109
2013,1200401,51,123
2013,1200401,52,637
2013,1200401,53,260
2013,1200401,55,633
2013,1200401,56,1880
2013,1200401,58,71
2013,1200401,59,60
2013,1200401,60,263
2013,1200401,61,171
2013,1200401,62,44
2013,1200401,63,146
2013,1200401,64,719
2013,1200401,65,112
2013,1200401,66,61
2013,1200401,68,127
2013,1200401,69,550
2013,1200401,70,158
2013,1200401,71,390
2013,1200401,72,156
2013,1200401,73,22
2013,1200401,74,167
2013,1200401,75,1
2013,1200401,77,556
2013,1200401,78,609
2013,1200401,79,68
2013,1200401,80,2062
2013,1200401,81,5558
2013,1200401,82,1067
2013,1200401,84,40852
2013,1200401,85,2971
2013,1200401,86,4586
2013,1200401,88,336
2013,1200401,90,2
2013,1200401,91,218
2013,1200401,93,254
2013,1200401,94,985
2013,1200401,95,185
2013,1200401,96,231
2013,1200401,97,10
2013,1200401,99,2
2014,1200401,01,1456
2014,1200401,02,102
2014,1200401,03,9
2014,1200401,07,1
2014,1200401,08,78
2014,1200401,10,1267
2014,1200401,11,388
2014,1200401,13,38
2014,1200401,14,175
2014,1200401,15,94
2014,1200401,16,428
2014,1200401,17,2
2014,1200401,18,128
2014,1200401,19,1
2014,1200401,20,68
2014,1200401,22,153
2014,1200401,23,764
2014,1200401,24,37
2014,1200401,25,123
2014,1200401,27,18
2014,1200401,28,4
2014,1200401,29,55
2014,1200401,31,137
2014,1200401,32,48
2014,1200401,33,37
2014,1200401,35,520
2014,1200401,36,499
2014,1200401,38,237
2014,1200401,41,4327
2014,1200401,42,1581
2014,1200401,43,1741
2014,1200401,45,2303
2014,1200401,46,2665
2014,1200401,47,13596
2014,1200401,49,2285
2014,1200401,51,129
2014,1200401,52,472
2014,1200401,53,309
2014,1200401,55,710
2014,1200401,56,2034
2014,1200401,58,127
2014,1200401,59,61
2014,1200401,60,264
2014,1200401,61,168
2014,1200401,62,40
2014,1200401,63,132
2014,1200401,64,723
2014,1200401,65,138
2014,1200401,66,65
2014,1200401,68,157
2014,1200401,69,616
2014,1200401,70,162
2014,1200401,71,345
2014,1200401,72,150
2014,1200401,73,22
2014,1200401,74,133
2014,1200401,75,10
2014,1200401,77,689
2014,1200401,78,52
2014,1200401,79,81
2014,1200401,80,2177
2014,1200401,81,6834
2014,1200401,82,931
2014,1200401,84,39892
2014,1200401,85,4756
2014,1200401,86,4404
2014,1200401,87,6
2014,1200401,88,365
2014,1200401,90,4
2014,1200401,91,202
2014,1200401,93,313
2014,1200401,94,1045
2014,1200401,95,107
2014,1200401,96,256
2014,1200401,97,8
2014,1200401,99,3
2015,1200401,01,1311
2015,1200401,02,10
2015,1200401,03,3
2015,1200401,07,1
2015,1200401,08,245
2015,1200401,10,1478
2015,1200401,11,322
2015,1200401,13,29
2015,1200401,14,154
2015,1200401,15,93
2015,1200401,16,378
2015,1200401,17,3
2015,1200401,18,125
2015,1200401,19,1
2015,1200401,20,65
2015,1200401,22,145
2015,1200401,23,669
2015,1200401,24,34
2015,1200401,25,113
2015,1200401,27,20
2015,1200401,28,28
2015,1200401,29,42
2015,1200401,31,118
2015,1200401,32,31
2015,1200401,33,68
2015,1200401,35,520
2015,1200401,36,1080
2015,1200401,38,224
2015,1200401,41,2805
2015,1200401,42,1354
2015,1200401,43,823
2015,1200401,45,2385
2015,1200401,46,2995
2015,1200401,47,13143
2015,1200401,49,2094
2015,1200401,51,122
2015,1200401,52,466
2015,1200401,53,291
2015,1200401,55,709
2015,1200401,56,2042
2015,1200401,58,106
2015,1200401,59,50
2015,1200401,60,274
2015,1200401,61,161
2015,1200401,62,45
2015,1200401,63,193
2015,1200401,64,721
2015,1200401,65,133
2015,1200401,66,191
2015,1200401,68,168
2015,1200401,69,631
2015,1200401,70,177
2015,1200401,71,283
2015,1200401,72,146
2015,1200401,73,71
2015,1200401,74,175
2015,1200401,75,13
2015,1200401,77,292
2015,1200401,78,168
2015,1200401,79,82
2015,1200401,80,1822
2015,1200401,81,5491
2015,1200401,82,2756
2015,1200401,84,43081
2015,1200401,85,5072
2015,1200401,86,4195
2015,1200401,88,378
2015,1200401,90,2
2015,1200401,91,207
2015,1200401,93,298
2015,1200401,94,937
2015,1200401,95,105
2015,1200401,96,278
2015,1200401,97,7
2015,1200401,99,4
2016,1200401,01,1741
2016,1200401,02,4
2016,1200401,03,1
2016,1200401,07,1
2016,1200401,08,204
2016,1200401,10,1401
2016,1200401,11,263
2016,1200401,13,23
2016,1200401,14,153
2016,1200401,15,115
2016,1200401,16,206
2016,1200401,17,4
2016,1200401,18,132
2016,1200401,20,62
2016,1200401,22,131
2016,1200401,23,539
2016,1200401,24,21
2016,1200401,25,99
2016,1200401,26,3
2016,1200401,27,21
2016,1200401,28,22
2016,1200401,29,35
2016,1200401,30,37
2016,1200401,31,126
2016,1200401,32,60
2016,1200401,33,51
2016,1200401,35,473
2016,1200401,36,1048
2016,1200401,38,214
2016,1200401,41,1987
2016,1200401,42,1222
2016,1200401,43,781
2016,1200401,45,2134
2016,1200401,46,2879
2016,1200401,47,12381
2016,1200401,49,1764
2016,1200401,51,75
2016,1200401,52,466
2016,1200401,53,290
2016,1200401,55,688
2016,1200401,56,1985
2016,1200401,58,137
2016,1200401,59,14
2016,1200401,60,274
2016,1200401,61,165
2016,1200401,62,186
2016,1200401,63,151
2016,1200401,64,682
2016,1200401,65,111
2016,1200401,66,62
2016,1200401,68,95
2016,1200401,69,739
2016,1200401,70,124
2016,1200401,71,238
2016,1200401,72,142
2016,1200401,73,91
2016,1200401,74,154
2016,1200401,75,23
2016,1200401,77,189
2016,1200401,78,40
2016,1200401,79,85
2016,1200401,80,1384
2016,1200401,81,4106
2016,1200401,82,3835
2016,1200401,84,39799
2016,1200401,85,5197
2016,1200401,86,4075
2016,1200401,87,5
2016,1200401,88,386
2016,1200401,90,5
2016,1200401,91,338
2016,1200401,93,342
2016,1200401,94,981
2016,1200401,95,101
2016,1200401,96,291
2016,1200401,97,6
2016,1200401,99,4
2017,1200401,01,1708
2017,1200401,02,8
2017,1200401,03,7
2017,1200401,07,1
2017,1200401,08,35
2017,1200401,10,1468
2017,1200401,11,180
2017,1200401,13,11
2017,1200401,14,142
2017,1200401,15,112
2017,1200401,16,332
2017,1200401,17,4
2017,1200401,18,141
2017,1200401,20,56
2017,1200401,21,4
2017,1200401,22,189
2017,1200401,23,468
2017,1200401,24,23
2017,1200401,25,95
2017,1200401,26,3
2017,1200401,27,17
2017,1200401,28,25
2017,1200401,29,60
2017,1200401,30,33
2017,1200401,31,105
2017,1200401,32,59
2017,1200401,33,42
2017,1200401,35,436
2017,1200401,36,1067
2017,1200401,38,226
2017,1200401,41,1662
2017,1200401,42,1261
2017,1200401,43,2136
2017,1200401,45,2031
2017,1200401,46,2849
2017,1200401,47,12914
2017,1200401,49,1614
2017,1200401,51,75
2017,1200401,52,412
2017,1200401,53,285
2017,1200401,55,638
2017,1200401,56,1990
2017,1200401,58,117
2017,1200401,59,16
2017,1200401,60,264
2017,1200401,61,196
2017,1200401,62,66
2017,1200401,63,150
2017,1200401,64,715
2017,1200401,65,127
2017,1200401,66,179
2017,1200401,68,88
2017,1200401,69,602
2017,1200401,70,117
2017,1200401,71,258
2017,1200401,72,139
2017,1200401,73,202
2017,1200401,74,81
2017,1200401,75,27
2017,1200401,77,125
2017,1200401,78,27
2017,1200401,79,75
2017,1200401,80,1544
2017,1200401,81,4178
2017,1200401,82,3307
2017,1200401,84,40325
2017,1200401,85,5341
2017,1200401,86,3733
2017,1200401,88,365
2017,1200401,90,35
2017,1200401,91,323
2017,1200401,93,316
2017,1200401,94,975
2017,1200401,95,96
2017,1200401,96,269
2017,1200401,97,10
2017,1200401,99,4
2018,1200401,01,1474
2018,1200401,02,10
2018,1200401,03,6
2018,1200401,05,1
2018,1200401,07,1
2018,1200401,08,46
2018,1200401,10,1412
2018,1200401,11,175
2018,1200401,13,8
2018,1200401,14,130
2018,1200401,15,118
2018,1200401,16,358
2018,1200401,17,6
2018,1200401,18,150
2018,1200401,20,53
2018,1200401,21,3
2018,1200401,22,162
2018,1200401,23,454
2018,1200401,25,84
2018,1200401,26,3
2018,1200401,27,14
2018,1200401,28,8
2018,1200401,29,58
2018,1200401,30,37
2018,1200401,31,122
2018,1200401,32,50
2018,1200401,33,41
2018,1200401,35,457
2018,1200401,36,937
2018,1200401,38,219
2018,1200401,41,1681
2018,1200401,42,1183
2018,1200401,43,1898
2018,1200401,45,2092
2018,1200401,46,2963
2018,1200401,47,13158
2018,1200401,49,1586
2018,1200401,51,72
2018,1200401,52,279
2018,1200401,53,272
2018,1200401,55,609
2018,1200401,56,2032
2018,1200401,58,104
2018,1200401,59,5
2018,1200401,60,260
2018,1200401,61,211
2018,1200401,62,48
2018,1200401,63,143
2018,1200401,64,691
2018,1200401,65,127
2018,1200401,66,168
2018,1200401,68,82
2018,1200401,69,597
2018,1200401,70,90
2018,1200401,71,387
2018,1200401,72,137
2018,1200401,73,118
2018,1200401,74,81
2018,1200401,75,23
2018,1200401,77,132
2018,1200401,78,702
2018,1200401,79,68
2018,1200401,80,1743
2018,1200401,81,3573
2018,1200401,82,2978
2018,1200401,84,36408
2018,1200401,85,5406
2018,1200401,86,3514
2018,1200401,87,9
2018,1200401,88,377
2018,1200401,90,16
2018,1200401,91,237
2018,1200401,93,303
2018,1200401,94,979
2018,1200401,95,141
2018,1200401,96,293
2018,1200401,97,8
2018,1200401,99,4
2019,1200401,01,1131
2019,1200401,02,11
2019,1200401,03,5
2019,1200401,07,1
2019,1200401,08,29
2019,1200401,10,1469
2019,1200401,11,60
2019,1200401,13,7
2019,1200401,14,117
2019,1200401,15,132
2019,1200401,16,532
2019,1200401,17,5
2019,1200401,18,135
2019,1200401,20,44
2019,1200401,21,2
2019,1200401,22,157
2019,1200401,23,527
2019,1200401,25,80
2019,1200401,26,3
2019,1200401,27,13
2019,1200401,28,5
2019,1200401,29,60
2019,1200401,30,36
2019,1200401,31,101
2019,1200401,32,44
2019,1200401,33,37
2019,1200401,35,459
2019,1200401,36,846
2019,1200401,38,212
2019,1200401,41,1521
2019,1200401,42,935
2019,1200401,43,1899
2019,1200401,45,2197
2019,1200401,46,3081
2019,1200401,47,12225
2019,1200401,49,1448
2019,1200401,51,68
2019,1200401,52,279
2019,1200401,53,249
2019,1200401,55,528
2019,1200401,56,1815
2019,1200401,58,82
2019,1200401,59,40
2019,1200401,60,214
2019,1200401,61,252
2019,1200401,62,63
2019,1200401,63,172
2019,1200401,64,706
2019,1200401,65,132
2019,1200401,66,57
2019,1200401,68,184
2019,1200401,69,593
2019,1200401,70,104
2019,1200401,71,798
2019,1200401,72,128
2019,1200401,73,118
2019,1200401,74,128
2019,1200401,75,24
2019,1200401,77,117
2019,1200401,78,1507
2019,1200401,79,75
2019,1200401,80,1793
2019,1200401,81,5114
2019,1200401,82,1597
2019,1200401,84,36762
2019,1200401,85,3816
2019,1200401,86,3710
2019,1200401,88,369
2019,1200401,90,12
2019,1200401,91,168
2019,1200401,93,280
2019,1200401,94,923
2019,1200401,95,147
2019,1200401,96,286
2019,1200401,97,2
2019,1200401,99,4
2020,1200401,01,1053
2020,1200401,02,13
2020,1200401,03,6
2020,1200401,07,1
2020,1200401,08,9
2020,1200401,10,1418
2020,1200401,11,71
2020,1200401,13,3
2020,1200401,14,112
2020,1200401,15,137
2020,1200401,16,491
2020,1200401,17,5
2020,1200401,18,114
2020,1200401,20,56
2020,1200401,22,156
2020,1200401,23,532
2020,1200401,25,80
2020,1200401,26,2
2020,1200401,27,16
2020,1200401,28,7
2020,1200401,29,56
2020,1200401,30,42
2020,1200401,31,103
2020,1200401,32,34
2020,1200401,33,37
2020,1200401,35,621
2020,1200401,36,349
2020,1200401,38,226
2020,1200401,41,1233
2020,1200401,42,1458
2020,1200401,43,2286
2020,1200401,45,2281
2020,1200401,46,3135
2020,1200401,47,12467
2020,1200401,49,1450
2020,1200401,51,57
2020,1200401,52,292
2020,1200401,53,307
2020,1200401,55,493
2020,1200401,56,1413
2020,1200401,58,79
2020,1200401,59,38
2020,1200401,60,209
2020,1200401,61,280
2020,1200401,62,27
2020,1200401,63,165
2020,1200401,64,677
2020,1200401,65,121
2020,1200401,66,1432
2020,1200401,68,209
2020,1200401,69,631
2020,1200401,70,297
2020,1200401,71,924
2020,1200401,72,118
2020,1200401,73,119
2020,1200401,74,93
2020,1200401,75,27
2020,1200401,77,91
2020,1200401,78,1850
2020,1200401,79,60
2020,1200401,80,1783
2020,1200401,81,3801
2020,1200401,82,2256
2020,1200401,84,43192
2020,1200401,85,2920
2020,1200401,86,3788
2020,1200401,88,300
2020,1200401,90,8
2020,1200401,91,257
2020,1200401,93,316
2020,1200401,94,931
2020,1200401,95,138
2020,1200401,96,281
2020,1200401,97,2
2020,1200401,99,4
2021,1200401,01,1101
2021,1200401,02,11
2021,1200401,03,7
2021,1200401,07,1
2021,1200401,08,9
2021,1200401,10,1520
2021,1200401,11,75
2021,1200401,13,12
2021,1200401,14,97
2021,1200401,15,139
2021,1200401,16,591
2021,1200401,18,120
2021,1200401,19,5
2021,1200401,20,40
2021,1200401,22,146
2021,1200401,23,511
2021,1200401,25,89
2021,1200401,26,3
2021,1200401,27,18
2021,1200401,28,6
2021,1200401,29,58
2021,1200401,30,46
2021,1200401,31,100
2021,1200401,32,32
2021,1200401,33,48
2021,1200401,35,728
2021,1200401,36,368
2021,1200401,38,207
2021,1200401,41,1415
2021,1200401,42,1094
2021,1200401,43,2523
2021,1200401,45,2505
2021,1200401,46,3329
2021,1200401,47,13091
2021,1200401,49,1363
2021,1200401,51,60
2021,1200401,52,309
2021,1200401,53,284
2021,1200401,55,381
2021,1200401,56,1673
2021,1200401,58,76
2021,1200401,59,41
2021,1200401,60,192
2021,1200401,61,294
2021,1200401,62,45
2021,1200401,63,152
2021,1200401,64,721
2021,1200401,65,125
2021,1200401,66,1396
2021,1200401,68,204
2021,1200401,69,652
2021,1200401,70,221
2021,1200401,71,1174
2021,1200401,72,113
2021,1200401,73,110
2021,1200401,74,117
2021,1200401,75,45
2021,1200401,77,115
2021,1200401,78,2620
2021,1200401,79,50
2021,1200401,80,1688
2021,1200401,81,3523
2021,1200401,82,2924
2021,1200401,84,44379
2021,1200401,85,3390
2021,1200401,86,3958
2021,1200401,88,295
2021,1200401,90,9
2021,1200401,91,236
2021,1200401,93,262
2021,1200401,94,1109
2021,1200401,95,157
2021,1200401,96,287
2021,1200401,97,1
2021,1200401,99,4
2022,1200401,01,1162
2022,1200401,02,33
2022,1200401,03,6
2022,1200401,07,1
2022,1200401,08,23
2022,1200401,10,1668
2022,1200401,11,44
2022,1200401,13,13
2022,1200401,14,131
2022,1200401,15,136
2022,1200401,16,455
2022,1200401,17,9
2022,1200401,18,137
2022,1200401,19,4
2022,1200401,20,48
2022,1200401,22,159
2022,1200401,23,548
2022,1200401,25,124
2022,1200401,27,13
2022,1200401,28,13
2022,1200401,29,61
2022,1200401,30,55
2022,1200401,31,107
2022,1200401,32,36
2022,1200401,33,66
2022,1200401,35,755
2022,1200401,36,649
2022,1200401,38,233
2022,1200401,41,1858
2022,1200401,42,931
2022,1200401,43,4083
2022,1200401,45,2777
2022,1200401,46,3634
2022,1200401,47,14571
2022,1200401,49,1706
2022,1200401,51,53
2022,1200401,52,262
2022,1200401,53,291
2022,1200401,55,512
2022,1200401,56,2425
2022,1200401,58,84
2022,1200401,59,41
2022,1200401,60,224
2022,1200401,61,244
2022,1200401,62,79
2022,1200401,63,164
2022,1200401,64,723
2022,1200401,65,128
2022,1200401,66,2607
2022,1200401,68,142
2022,1200401,69,878
2022,1200401,70,197
2022,1200401,71,1024
2022,1200401,72,109
2022,1200401,73,143
2022,1200401,74,138
2022,1200401,75,71
2022,1200401,77,257
2022,1200401,78,3070
2022,1200401,79,63
2022,1200401,80,2076
2022,1200401,81,3997
2022,1200401,82,2627
2022,1200401,84,39905
2022,1200401,85,5569
2022,1200401,86,4130
2022,1200401,87,35
2022,1200401,88,334
2022,1200401,90,45
2022,1200401,91,193
2022,1200401,93,435
2022,1200401,94,1063
2022,1200401,95,192
2022,1200401,96,368
2022,1200401,97,2
2022,1200401,99,4
2023,1200401,01,1176
2023,1200401,02,26
2023,1200401,03,6
2023,1200401,07,1
2023,1200401,08,20
2023,1200401,10,1618
2023,1200401,11,34
2023,1200401,13,12
2023,1200401,14,147
2023,1200401,15,151
2023,1200401,16,407
2023,1200401,17,7
2023,1200401,18,175
2023,1200401,19,3
2023,1200401,20,52
2023,1200401,22,127
2023,1200401,23,569
2023,1200401,25,121
2023,1200401,27,13
2023,1200401,28,14
2023,1200401,29,54
2023,1200401,30,50
2023,1200401,31,111
2023,1200401,32,46
2023,1200401,33,77
2023,1200401,35,770
2023,1200401,36,571
2023,1200401,38,246
2023,1200401,41,1795
2023,1200401,42,1112
2023,1200401,43,4719
2023,1200401,45,2845
2023,1200401,46,4324
2023,1200401,47,13860
2023,1200401,49,1874
2023,1200401,51,57
2023,1200401,52,324
2023,1200401,53,289
2023,1200401,55,502
2023,1200401,56,2547
2023,1200401,58,74
2023,1200401,59,38
2023,1200401,60,260
2023,1200401,61,322
2023,1200401,62,329
2023,1200401,63,211
2023,1200401,64,747
2023,1200401,65,140
2023,1200401,66,2284
2023,1200401,68,197
2023,1200401,69,915
2023,1200401,70,226
2023,1200401,71,991
2023,1200401,72,155
2023,1200401,73,260
2023,1200401,74,179
2023,1200401,75,78
2023,1200401,77,126
2023,1200401,78,3831
2023,1200401,79,67
2023,1200401,80,2401
2023,1200401,81,4300
2023,1200401,82,3391
2023,1200401,84,52648
2023,1200401,85,5614
2023,1200401,86,4368
2023,1200401,87,94
2023,1200401,88,346
2023,1200401,90,49
2023,1200401,91,268
2023,1200401,93,501
2023,1200401,94,1146
2023,1200401,95,197
2023,1200401,96,370
2023,1200401,99,4
2002,1501402,NA,278447
2003,1501402,NA,275925
2004,1501402,NA,286530
2005,1501402,NA,294983
2006,1501402,00,12732
2006,1501402,01,952
2006,1501402,02,120
2006,1501402,03,1359
2006,1501402,05,4
2006,1501402,06,32
2006,1501402,07,10
2006,1501402,08,35
2006,1501402,09,7
2006,1501402,10,3188
2006,1501402,11,1842
2006,1501402,12,75
2006,1501402,13,643
2006,1501402,14,518
2006,1501402,15,294
2006,1501402,16,4190
2006,1501402,17,622
2006,1501402,18,319
2006,1501402,19,231
2006,1501402,20,540
2006,1501402,21,67
2006,1501402,22,200
2006,1501402,23,310
2006,1501402,24,420
2006,1501402,25,256
2006,1501402,26,1
2006,1501402,27,63
2006,1501402,28,66
2006,1501402,29,36
2006,1501402,30,411
2006,1501402,31,173
2006,1501402,32,108
2006,1501402,33,463
2006,1501402,35,1672
2006,1501402,36,3
2006,1501402,37,1129
2006,1501402,38,481
2006,1501402,41,6810
2006,1501402,42,3589
2006,1501402,43,1990
2006,1501402,45,3592
2006,1501402,46,7224
2006,1501402,47,44171
2006,1501402,49,6937
2006,1501402,50,1739
2006,1501402,51,301
2006,1501402,52,1319
2006,1501402,53,1432
2006,1501402,55,2210
2006,1501402,56,5778
2006,1501402,58,919
2006,1501402,59,154
2006,1501402,60,852
2006,1501402,61,1601
2006,1501402,62,706
2006,1501402,63,783
2006,1501402,64,5419
2006,1501402,65,616
2006,1501402,66,702
2006,1501402,68,771
2006,1501402,69,1430
2006,1501402,70,227
2006,1501402,71,929
2006,1501402,72,2447
2006,1501402,73,530
2006,1501402,74,443
2006,1501402,75,32
2006,1501402,77,728
2006,1501402,78,2463
2006,1501402,79,446
2006,1501402,80,8324
2006,1501402,81,11205
2006,1501402,82,2579
2006,1501402,84,113468
2006,1501402,85,15057
2006,1501402,86,9614
2006,1501402,87,30
2006,1501402,88,391
2006,1501402,90,121
2006,1501402,91,3
2006,1501402,92,73
2006,1501402,93,1734
2006,1501402,94,8041
2006,1501402,95,739
2006,1501402,96,1313
2006,1501402,97,37
2006,1501402,99,10
2007,1501402,00,44180
2007,1501402,01,909
2007,1501402,02,127
2007,1501402,03,1309
2007,1501402,05,19
2007,1501402,06,28
2007,1501402,07,62
2007,1501402,08,34
2007,1501402,09,19
2007,1501402,10,4027
2007,1501402,11,1685
2007,1501402,12,100
2007,1501402,13,685
2007,1501402,14,565
2007,1501402,15,313
2007,1501402,16,3616
2007,1501402,17,687
2007,1501402,18,360
2007,1501402,19,234
2007,1501402,20,553
2007,1501402,21,72
2007,1501402,22,221
2007,1501402,23,468
2007,1501402,24,564
2007,1501402,25,312
2007,1501402,26,72
2007,1501402,27,41
2007,1501402,28,66
2007,1501402,29,37
2007,1501402,30,203
2007,1501402,31,146
2007,1501402,32,103
2007,1501402,33,363
2007,1501402,35,1752
2007,1501402,36,1
2007,1501402,37,903
2007,1501402,38,503
2007,1501402,41,8625
2007,1501402,42,2331
2007,1501402,43,1960
2007,1501402,45,4308
2007,1501402,46,8081
2007,1501402,47,47167
2007,1501402,49,7446
2007,1501402,50,2207
2007,1501402,51,524
2007,1501402,52,1317
2007,1501402,53,1680
2007,1501402,55,2430
2007,1501402,56,6141
2007,1501402,58,995
2007,1501402,59,120
2007,1501402,60,946
2007,1501402,61,1127
2007,1501402,62,819
2007,1501402,63,797
2007,1501402,64,4254
2007,1501402,65,626
2007,1501402,66,735
2007,1501402,68,447
2007,1501402,69,1502
2007,1501402,70,281
2007,1501402,71,1489
2007,1501402,72,2318
2007,1501402,73,538
2007,1501402,74,401
2007,1501402,75,41
2007,1501402,77,829
2007,1501402,78,1704
2007,1501402,79,478
2007,1501402,80,9700
2007,1501402,81,11666
2007,1501402,82,3403
2007,1501402,84,87665
2007,1501402,85,15635
2007,1501402,86,10756
2007,1501402,87,12
2007,1501402,88,421
2007,1501402,90,154
2007,1501402,91,2
2007,1501402,92,31
2007,1501402,93,1961
2007,1501402,94,8269
2007,1501402,95,637
2007,1501402,96,1432
2007,1501402,97,37
2007,1501402,99,7
2008,1501402,00,1677
2008,1501402,01,1179
2008,1501402,02,46
2008,1501402,03,1335
2008,1501402,06,34
2008,1501402,07,53
2008,1501402,08,34
2008,1501402,09,9
2008,1501402,10,3608
2008,1501402,11,1758
2008,1501402,12,100
2008,1501402,13,450
2008,1501402,14,526
2008,1501402,15,178
2008,1501402,16,2676
2008,1501402,17,721
2008,1501402,18,392
2008,1501402,19,260
2008,1501402,20,719
2008,1501402,21,50
2008,1501402,22,236
2008,1501402,23,439
2008,1501402,24,571
2008,1501402,25,285
2008,1501402,26,39
2008,1501402,27,90
2008,1501402,28,71
2008,1501402,29,46
2008,1501402,30,519
2008,1501402,31,140
2008,1501402,32,190
2008,1501402,33,496
2008,1501402,35,1796
2008,1501402,36,857
2008,1501402,37,1258
2008,1501402,38,644
2008,1501402,41,12146
2008,1501402,42,4108
2008,1501402,43,2235
2008,1501402,45,4824
2008,1501402,46,8113
2008,1501402,47,49401
2008,1501402,49,7748
2008,1501402,50,2412
2008,1501402,51,524
2008,1501402,52,1577
2008,1501402,53,1974
2008,1501402,55,2517
2008,1501402,56,6918
2008,1501402,58,1088
2008,1501402,59,163
2008,1501402,60,1022
2008,1501402,61,1171
2008,1501402,62,859
2008,1501402,63,633
2008,1501402,64,5872
2008,1501402,65,667
2008,1501402,66,648
2008,1501402,68,323
2008,1501402,69,1667
2008,1501402,70,425
2008,1501402,71,1253
2008,1501402,72,2294
2008,1501402,73,567
2008,1501402,74,428
2008,1501402,75,41
2008,1501402,77,1070
2008,1501402,78,1792
2008,1501402,79,606
2008,1501402,80,10650
2008,1501402,81,12939
2008,1501402,82,3837
2008,1501402,84,137283
2008,1501402,85,16966
2008,1501402,86,12581
2008,1501402,87,16
2008,1501402,88,551
2008,1501402,90,125
2008,1501402,91,7
2008,1501402,92,11
2008,1501402,93,2110
2008,1501402,94,7939
2008,1501402,95,773
2008,1501402,96,1435
2008,1501402,97,67
2008,1501402,99,19
2009,1501402,01,1012
2009,1501402,02,17
2009,1501402,03,898
2009,1501402,05,5
2009,1501402,06,32
2009,1501402,07,63
2009,1501402,08,59
2009,1501402,09,34
2009,1501402,10,3578
2009,1501402,11,1719
2009,1501402,12,85
2009,1501402,13,190
2009,1501402,14,614
2009,1501402,15,365
2009,1501402,16,1924
2009,1501402,17,790
2009,1501402,18,432
2009,1501402,19,255
2009,1501402,20,616
2009,1501402,21,58
2009,1501402,22,249
2009,1501402,23,497
2009,1501402,24,655
2009,1501402,25,283
2009,1501402,26,6
2009,1501402,27,89
2009,1501402,28,84
2009,1501402,29,49
2009,1501402,30,553
2009,1501402,31,171
2009,1501402,32,268
2009,1501402,33,291
2009,1501402,35,1771
2009,1501402,36,848
2009,1501402,37,1770
2009,1501402,38,955
2009,1501402,39,5
2009,1501402,41,13998
2009,1501402,42,2882
2009,1501402,43,2839
2009,1501402,45,5166
2009,1501402,46,8861
2009,1501402,47,51393
2009,1501402,49,8647
2009,1501402,50,2060
2009,1501402,51,536
2009,1501402,52,2072
2009,1501402,53,1670
2009,1501402,55,2531
2009,1501402,56,7475
2009,1501402,58,1024
2009,1501402,59,164
2009,1501402,60,1066
2009,1501402,61,923
2009,1501402,62,805
2009,1501402,63,578
2009,1501402,64,5970
2009,1501402,65,620
2009,1501402,66,698
2009,1501402,68,465
2009,1501402,69,1842
2009,1501402,70,369
2009,1501402,71,1147
2009,1501402,72,3107
2009,1501402,73,527
2009,1501402,74,418
2009,1501402,75,29
2009,1501402,77,1072
2009,1501402,78,1577
2009,1501402,79,492
2009,1501402,80,10934
2009,1501402,81,14917
2009,1501402,82,4623
2009,1501402,84,132864
2009,1501402,85,13196
2009,1501402,86,12778
2009,1501402,87,15
2009,1501402,88,621
2009,1501402,90,118
2009,1501402,91,267
2009,1501402,92,3
2009,1501402,93,2152
2009,1501402,94,8481
2009,1501402,95,705
2009,1501402,96,1581
2009,1501402,97,58
2009,1501402,99,19
2010,1501402,01,954
2010,1501402,02,23
2010,1501402,03,940
2010,1501402,05,1
2010,1501402,06,43
2010,1501402,07,96
2010,1501402,08,71
2010,1501402,09,1
2010,1501402,10,4286
2010,1501402,11,1969
2010,1501402,12,74
2010,1501402,13,61
2010,1501402,14,602
2010,1501402,15,396
2010,1501402,16,1834
2010,1501402,17,839
2010,1501402,18,457
2010,1501402,19,233
2010,1501402,20,847
2010,1501402,21,18
2010,1501402,22,222
2010,1501402,23,706
2010,1501402,24,523
2010,1501402,25,252
2010,1501402,26,4
2010,1501402,27,71
2010,1501402,28,92
2010,1501402,29,76
2010,1501402,30,512
2010,1501402,31,167
2010,1501402,32,292
2010,1501402,33,458
2010,1501402,35,1443
2010,1501402,36,844
2010,1501402,37,1004
2010,1501402,38,1373
2010,1501402,39,1
2010,1501402,41,15789
2010,1501402,42,4750
2010,1501402,43,3900
2010,1501402,45,5629
2010,1501402,46,9167
2010,1501402,47,56261
2010,1501402,49,9404
2010,1501402,50,2086
2010,1501402,51,719
2010,1501402,52,2770
2010,1501402,53,1515
2010,1501402,55,2580
2010,1501402,56,7666
2010,1501402,58,1080
2010,1501402,59,253
2010,1501402,60,1210
2010,1501402,61,1167
2010,1501402,62,747
2010,1501402,63,665
2010,1501402,64,5746
2010,1501402,65,683
2010,1501402,66,747
2010,1501402,68,410
2010,1501402,69,1958
2010,1501402,70,344
2010,1501402,71,1393
2010,1501402,72,2300
2010,1501402,73,534
2010,1501402,74,569
2010,1501402,75,31
2010,1501402,77,927
2010,1501402,78,3124
2010,1501402,79,505
2010,1501402,80,12039
2010,1501402,81,17406
2010,1501402,82,4129
2010,1501402,84,142900
2010,1501402,85,17347
2010,1501402,86,13526
2010,1501402,87,222
2010,1501402,88,580
2010,1501402,90,137
2010,1501402,91,261
2010,1501402,92,2
2010,1501402,93,2354
2010,1501402,94,9068
2010,1501402,95,953
2010,1501402,96,1757
2010,1501402,97,54
2010,1501402,99,19
2011,1501402,01,2018
2011,1501402,02,58
2011,1501402,03,758
2011,1501402,05,1
2011,1501402,06,39
2011,1501402,07,108
2011,1501402,08,75
2011,1501402,09,7
2011,1501402,10,3134
2011,1501402,11,1937
2011,1501402,12,71
2011,1501402,13,121
2011,1501402,14,618
2011,1501402,15,338
2011,1501402,16,1759
2011,1501402,17,920
2011,1501402,18,518
2011,1501402,19,230
2011,1501402,20,770
2011,1501402,21,16
2011,1501402,22,233
2011,1501402,23,766
2011,1501402,24,251
2011,1501402,25,280
2011,1501402,26,5
2011,1501402,27,202
2011,1501402,28,96
2011,1501402,29,64
2011,1501402,30,533
2011,1501402,31,212
2011,1501402,32,288
2011,1501402,33,400
2011,1501402,35,1443
2011,1501402,36,855
2011,1501402,37,395
2011,1501402,38,1675
2011,1501402,41,18876
2011,1501402,42,5730
2011,1501402,43,5134
2011,1501402,45,5921
2011,1501402,46,8413
2011,1501402,47,58220
2011,1501402,49,9918
2011,1501402,50,2342
2011,1501402,51,566
2011,1501402,52,3141
2011,1501402,53,1464
2011,1501402,55,2850
2011,1501402,56,8442
2011,1501402,58,1089
2011,1501402,59,229
2011,1501402,60,1269
2011,1501402,61,1286
2011,1501402,62,783
2011,1501402,63,696
2011,1501402,64,5907
2011,1501402,65,728
2011,1501402,66,703
2011,1501402,68,573
2011,1501402,69,2232
2011,1501402,70,395
2011,1501402,71,1102
2011,1501402,72,1953
2011,1501402,73,586
2011,1501402,74,502
2011,1501402,75,46
2011,1501402,77,1242
2011,1501402,78,6363
2011,1501402,79,499
2011,1501402,80,13311
2011,1501402,81,19024
2011,1501402,82,5364
2011,1501402,84,153686
2011,1501402,85,18597
2011,1501402,86,14358
2011,1501402,87,237
2011,1501402,88,565
2011,1501402,90,198
2011,1501402,91,257
2011,1501402,92,2
2011,1501402,93,2608
2011,1501402,94,8527
2011,1501402,95,1005
2011,1501402,96,1825
2011,1501402,97,43
2011,1501402,99,22
2012,1501402,01,3723
2012,1501402,02,22
2012,1501402,03,604
2012,1501402,05,2
2012,1501402,06,46
2012,1501402,07,116
2012,1501402,08,71
2012,1501402,10,3191
2012,1501402,11,1900
2012,1501402,12,71
2012,1501402,13,131
2012,1501402,14,649
2012,1501402,15,333
2012,1501402,16,1766
2012,1501402,17,888
2012,1501402,18,546
2012,1501402,19,205
2012,1501402,20,749
2012,1501402,21,17
2012,1501402,22,231
2012,1501402,23,666
2012,1501402,24,87
2012,1501402,25,309
2012,1501402,26,1
2012,1501402,27,136
2012,1501402,28,109
2012,1501402,29,56
2012,1501402,30,706
2012,1501402,31,328
2012,1501402,32,330
2012,1501402,33,457
2012,1501402,35,1757
2012,1501402,36,833
2012,1501402,37,400
2012,1501402,38,1376
2012,1501402,41,18488
2012,1501402,42,5689
2012,1501402,43,5044
2012,1501402,45,6234
2012,1501402,46,11012
2012,1501402,47,61723
2012,1501402,49,9681
2012,1501402,50,2435
2012,1501402,51,578
2012,1501402,52,3073
2012,1501402,53,1474
2012,1501402,55,2862
2012,1501402,56,9254
2012,1501402,58,1074
2012,1501402,59,311
2012,1501402,60,1266
2012,1501402,61,1708
2012,1501402,62,836
2012,1501402,63,657
2012,1501402,64,6609
2012,1501402,65,783
2012,1501402,66,677
2012,1501402,68,877
2012,1501402,69,3109
2012,1501402,70,406
2012,1501402,71,1151
2012,1501402,72,2018
2012,1501402,73,678
2012,1501402,74,612
2012,1501402,75,46
2012,1501402,77,1363
2012,1501402,78,4461
2012,1501402,79,643
2012,1501402,80,12844
2012,1501402,81,20890
2012,1501402,82,5859
2012,1501402,84,125411
2012,1501402,85,22292
2012,1501402,86,16596
2012,1501402,87,273
2012,1501402,88,734
2012,1501402,90,201
2012,1501402,91,250
2012,1501402,92,22
2012,1501402,93,2828
2012,1501402,94,9208
2012,1501402,95,897
2012,1501402,96,1947
2012,1501402,97,27
2012,1501402,99,19
2013,1501402,01,5807
2013,1501402,02,147
2013,1501402,03,364
2013,1501402,05,3
2013,1501402,06,43
2013,1501402,07,190
2013,1501402,08,43
2013,1501402,09,11
2013,1501402,10,3461
2013,1501402,11,1759
2013,1501402,12,72
2013,1501402,13,107
2013,1501402,14,545
2013,1501402,15,314
2013,1501402,16,1808
2013,1501402,17,956
2013,1501402,18,509
2013,1501402,19,189
2013,1501402,20,791
2013,1501402,21,17
2013,1501402,22,293
2013,1501402,23,664
2013,1501402,24,43
2013,1501402,25,245
2013,1501402,26,30
2013,1501402,27,110
2013,1501402,28,121
2013,1501402,29,54
2013,1501402,30,711
2013,1501402,31,241
2013,1501402,32,331
2013,1501402,33,622
2013,1501402,35,1494
2013,1501402,36,843
2013,1501402,37,736
2013,1501402,38,1610
2013,1501402,39,36
2013,1501402,41,22355
2013,1501402,42,5149
2013,1501402,43,6611
2013,1501402,45,5957
2013,1501402,46,9904
2013,1501402,47,61880
2013,1501402,49,9024
2013,1501402,50,2377
2013,1501402,51,594
2013,1501402,52,3121
2013,1501402,53,1447
2013,1501402,55,2630
2013,1501402,56,10944
2013,1501402,58,1043
2013,1501402,59,294
2013,1501402,60,1227
2013,1501402,61,1784
2013,1501402,62,938
2013,1501402,63,583
2013,1501402,64,6883
2013,1501402,65,1011
2013,1501402,66,479
2013,1501402,68,870
2013,1501402,69,3018
2013,1501402,70,417
2013,1501402,71,1152
2013,1501402,72,2125
2013,1501402,73,682
2013,1501402,74,1177
2013,1501402,75,45
2013,1501402,77,1181
2013,1501402,78,4868
2013,1501402,79,580
2013,1501402,80,12370
2013,1501402,81,21429
2013,1501402,82,5607
2013,1501402,84,147636
2013,1501402,85,22674
2013,1501402,86,16865
2013,1501402,87,202
2013,1501402,88,740
2013,1501402,90,220
2013,1501402,91,297
2013,1501402,92,14
2013,1501402,93,2179
2013,1501402,94,8657
2013,1501402,95,882
2013,1501402,96,2010
2013,1501402,97,32
2013,1501402,99,17
2014,1501402,01,734
2014,1501402,02,65
2014,1501402,03,343
2014,1501402,05,3
2014,1501402,06,34
2014,1501402,07,102
2014,1501402,08,25
2014,1501402,09,6
2014,1501402,10,3553
2014,1501402,11,1792
2014,1501402,12,60
2014,1501402,13,100
2014,1501402,14,611
2014,1501402,15,413
2014,1501402,16,1394
2014,1501402,17,1003
2014,1501402,18,530
2014,1501402,19,185
2014,1501402,20,847
2014,1501402,21,21
2014,1501402,22,248
2014,1501402,23,574
2014,1501402,24,42
2014,1501402,25,229
2014,1501402,26,25
2014,1501402,27,81
2014,1501402,28,135
2014,1501402,29,46
2014,1501402,30,1141
2014,1501402,31,685
2014,1501402,32,264
2014,1501402,33,729
2014,1501402,35,1567
2014,1501402,36,1009
2014,1501402,37,837
2014,1501402,38,1691
2014,1501402,39,29
2014,1501402,41,17810
2014,1501402,42,4580
2014,1501402,43,6090
2014,1501402,45,6041
2014,1501402,46,9982
2014,1501402,47,60406
2014,1501402,49,7957
2014,1501402,50,2468
2014,1501402,51,587
2014,1501402,52,2370
2014,1501402,53,1470
2014,1501402,55,2800
2014,1501402,56,10442
2014,1501402,58,963
2014,1501402,59,278
2014,1501402,60,1226
2014,1501402,61,1649
2014,1501402,62,911
2014,1501402,63,594
2014,1501402,64,6264
2014,1501402,65,1133
2014,1501402,66,486
2014,1501402,68,1128
2014,1501402,69,3128
2014,1501402,70,420
2014,1501402,71,1487
2014,1501402,72,2044
2014,1501402,73,774
2014,1501402,74,842
2014,1501402,75,52
2014,1501402,77,1267
2014,1501402,78,5777
2014,1501402,79,561
2014,1501402,80,12331
2014,1501402,81,20967
2014,1501402,82,5637
2014,1501402,84,140604
2014,1501402,85,23382
2014,1501402,86,19576
2014,1501402,87,159
2014,1501402,88,782
2014,1501402,90,207
2014,1501402,91,287
2014,1501402,92,16
2014,1501402,93,3311
2014,1501402,94,8364
2014,1501402,95,944
2014,1501402,96,2149
2014,1501402,97,20
2014,1501402,99,20
2015,1501402,01,590
2015,1501402,02,210
2015,1501402,03,445
2015,1501402,05,3
2015,1501402,06,25
2015,1501402,07,72
2015,1501402,08,57
2015,1501402,10,3516
2015,1501402,11,1819
2015,1501402,12,69
2015,1501402,13,86
2015,1501402,14,473
2015,1501402,15,418
2015,1501402,16,1508
2015,1501402,17,900
2015,1501402,18,492
2015,1501402,19,187
2015,1501402,20,775
2015,1501402,21,2
2015,1501402,22,278
2015,1501402,23,496
2015,1501402,24,39
2015,1501402,25,175
2015,1501402,26,40
2015,1501402,27,60
2015,1501402,28,138
2015,1501402,29,42
2015,1501402,30,762
2015,1501402,31,566
2015,1501402,32,199
2015,1501402,33,635
2015,1501402,35,1452
2015,1501402,36,1014
2015,1501402,37,772
2015,1501402,38,1620
2015,1501402,39,35
2015,1501402,41,18040
2015,1501402,42,2945
2015,1501402,43,4612
2015,1501402,45,5668
2015,1501402,46,9274
2015,1501402,47,58973
2015,1501402,49,8800
2015,1501402,50,2546
2015,1501402,51,578
2015,1501402,52,1932
2015,1501402,53,1464
2015,1501402,55,2570
2015,1501402,56,10980
2015,1501402,58,857
2015,1501402,59,360
2015,1501402,60,1227
2015,1501402,61,1756
2015,1501402,62,944
2015,1501402,63,664
2015,1501402,64,6381
2015,1501402,65,1218
2015,1501402,66,622
2015,1501402,68,1149
2015,1501402,69,2891
2015,1501402,70,639
2015,1501402,71,1484
2015,1501402,72,1775
2015,1501402,73,756
2015,1501402,74,526
2015,1501402,75,66
2015,1501402,77,1076
2015,1501402,78,5325
2015,1501402,79,533
2015,1501402,80,10996
2015,1501402,81,19923
2015,1501402,82,4838
2015,1501402,84,141925
2015,1501402,85,23587
2015,1501402,86,20740
2015,1501402,87,225
2015,1501402,88,826
2015,1501402,90,214
2015,1501402,91,271
2015,1501402,92,13
2015,1501402,93,3321
2015,1501402,94,8269
2015,1501402,95,1013
2015,1501402,96,2203
2015,1501402,97,16
2015,1501402,99,18
2016,1501402,01,560
2016,1501402,02,131
2016,1501402,03,419
2016,1501402,05,1
2016,1501402,06,21
2016,1501402,07,39
2016,1501402,08,33
2016,1501402,10,3317
2016,1501402,11,1601
2016,1501402,12,69
2016,1501402,13,102
2016,1501402,14,361
2016,1501402,15,347
2016,1501402,16,754
2016,1501402,17,921
2016,1501402,18,503
2016,1501402,19,28
2016,1501402,20,774
2016,1501402,21,2
2016,1501402,22,248
2016,1501402,23,501
2016,1501402,24,32
2016,1501402,25,168
2016,1501402,26,2
2016,1501402,27,86
2016,1501402,28,125
2016,1501402,29,51
2016,1501402,30,734
2016,1501402,31,608
2016,1501402,32,178
2016,1501402,33,606
2016,1501402,35,1469
2016,1501402,36,936
2016,1501402,37,657
2016,1501402,38,1530
2016,1501402,39,38
2016,1501402,41,16119
2016,1501402,42,2560
2016,1501402,43,3082
2016,1501402,45,5429
2016,1501402,46,8682
2016,1501402,47,57184
2016,1501402,49,9051
2016,1501402,50,1847
2016,1501402,51,518
2016,1501402,52,1970
2016,1501402,53,1419
2016,1501402,55,2233
2016,1501402,56,10385
2016,1501402,58,700
2016,1501402,59,327
2016,1501402,60,1192
2016,1501402,61,1682
2016,1501402,62,974
2016,1501402,63,680
2016,1501402,64,5777
2016,1501402,65,1477
2016,1501402,66,528
2016,1501402,68,875
2016,1501402,69,2799
2016,1501402,70,699
2016,1501402,71,1737
2016,1501402,72,1795
2016,1501402,73,605
2016,1501402,74,535
2016,1501402,75,71
2016,1501402,77,1198
2016,1501402,78,5928
2016,1501402,79,501
2016,1501402,80,9803
2016,1501402,81,22160
2016,1501402,82,4502
2016,1501402,84,140649
2016,1501402,85,24053
2016,1501402,86,21991
2016,1501402,87,243
2016,1501402,88,920
2016,1501402,90,182
2016,1501402,91,253
2016,1501402,92,14
2016,1501402,93,3405
2016,1501402,94,8017
2016,1501402,95,972
2016,1501402,96,2356
2016,1501402,97,5
2016,1501402,99,17
2017,1501402,01,702
2017,1501402,02,156
2017,1501402,03,362
2017,1501402,05,1
2017,1501402,06,16
2017,1501402,07,34
2017,1501402,08,29
2017,1501402,10,3399
2017,1501402,11,1537
2017,1501402,13,116
2017,1501402,14,317
2017,1501402,15,390
2017,1501402,16,714
2017,1501402,17,854
2017,1501402,18,444
2017,1501402,19,26
2017,1501402,20,718
2017,1501402,21,2
2017,1501402,22,213
2017,1501402,23,480
2017,1501402,24,32
2017,1501402,25,183
2017,1501402,26,14
2017,1501402,27,72
2017,1501402,28,124
2017,1501402,29,46
2017,1501402,30,744
2017,1501402,31,597
2017,1501402,32,191
2017,1501402,33,820
2017,1501402,35,1140
2017,1501402,36,919
2017,1501402,37,593
2017,1501402,38,1662
2017,1501402,41,9411
2017,1501402,42,4288
2017,1501402,43,7554
2017,1501402,45,5213
2017,1501402,46,8281
2017,1501402,47,52648
2017,1501402,49,8864
2017,1501402,50,1944
2017,1501402,51,441
2017,1501402,52,2238
2017,1501402,53,1430
2017,1501402,55,2196
2017,1501402,56,9799
2017,1501402,58,678
2017,1501402,59,287
2017,1501402,60,1166
2017,1501402,61,1652
2017,1501402,62,979
2017,1501402,63,1847
2017,1501402,64,6009
2017,1501402,65,1643
2017,1501402,66,391
2017,1501402,68,1013
2017,1501402,69,2852
2017,1501402,70,455
2017,1501402,71,2032
2017,1501402,72,1768
2017,1501402,73,786
2017,1501402,74,549
2017,1501402,75,116
2017,1501402,77,1139
2017,1501402,78,6667
2017,1501402,79,444
2017,1501402,80,9095
2017,1501402,81,20373
2017,1501402,82,4544
2017,1501402,84,134244
2017,1501402,85,25220
2017,1501402,86,25053
2017,1501402,87,304
2017,1501402,88,837
2017,1501402,90,177
2017,1501402,91,236
2017,1501402,92,3
2017,1501402,93,3204
2017,1501402,94,7321
2017,1501402,95,875
2017,1501402,96,2280
2017,1501402,97,15
2017,1501402,99,15
2018,1501402,01,551
2018,1501402,02,187
2018,1501402,03,380
2018,1501402,05,1
2018,1501402,06,6
2018,1501402,07,34
2018,1501402,08,30
2018,1501402,09,1
2018,1501402,10,3219
2018,1501402,11,1494
2018,1501402,13,107
2018,1501402,14,261
2018,1501402,15,356
2018,1501402,16,773
2018,1501402,17,851
2018,1501402,18,442
2018,1501402,19,26
2018,1501402,20,702
2018,1501402,21,4
2018,1501402,22,224
2018,1501402,23,445
2018,1501402,24,19
2018,1501402,25,201
2018,1501402,26,14
2018,1501402,27,72
2018,1501402,28,72
2018,1501402,29,46
2018,1501402,30,388
2018,1501402,31,544
2018,1501402,32,163
2018,1501402,33,850
2018,1501402,35,1157
2018,1501402,36,941
2018,1501402,37,338
2018,1501402,38,2007
2018,1501402,41,9963
2018,1501402,42,3317
2018,1501402,43,8400
2018,1501402,45,5295
2018,1501402,46,7759
2018,1501402,47,51551
2018,1501402,49,8576
2018,1501402,50,2081
2018,1501402,51,473
2018,1501402,52,2214
2018,1501402,53,1420
2018,1501402,55,2184
2018,1501402,56,9715
2018,1501402,58,624
2018,1501402,59,280
2018,1501402,60,1213
2018,1501402,61,1647
2018,1501402,62,1150
2018,1501402,63,2158
2018,1501402,64,6187
2018,1501402,65,1656
2018,1501402,66,406
2018,1501402,68,1068
2018,1501402,69,2950
2018,1501402,70,402
2018,1501402,71,2312
2018,1501402,72,1674
2018,1501402,73,611
2018,1501402,74,528
2018,1501402,75,152
2018,1501402,77,1536
2018,1501402,78,5823
2018,1501402,79,398
2018,1501402,80,12014
2018,1501402,81,23755
2018,1501402,82,5463
2018,1501402,84,139044
2018,1501402,85,26163
2018,1501402,86,24689
2018,1501402,87,461
2018,1501402,88,869
2018,1501402,90,138
2018,1501402,91,221
2018,1501402,93,3273
2018,1501402,94,7483
2018,1501402,95,852
2018,1501402,96,2199
2018,1501402,97,7
2018,1501402,99,17
2019,1501402,01,500
2019,1501402,02,188
2019,1501402,03,337
2019,1501402,06,5
2019,1501402,07,20
2019,1501402,08,29
2019,1501402,10,3366
2019,1501402,11,1463
2019,1501402,13,90
2019,1501402,14,269
2019,1501402,15,171
2019,1501402,16,815
2019,1501402,17,13
2019,1501402,18,388
2019,1501402,20,410
2019,1501402,21,3
2019,1501402,22,183
2019,1501402,23,397
2019,1501402,24,7
2019,1501402,25,108
2019,1501402,26,15
2019,1501402,27,61
2019,1501402,28,31
2019,1501402,29,40
2019,1501402,30,400
2019,1501402,31,502
2019,1501402,32,179
2019,1501402,33,594
2019,1501402,35,1269
2019,1501402,36,993
2019,1501402,37,35
2019,1501402,38,1810
2019,1501402,41,12495
2019,1501402,42,3101
2019,1501402,43,4925
2019,1501402,45,5182
2019,1501402,46,7904
2019,1501402,47,50008
2019,1501402,49,8004
2019,1501402,50,2382
2019,1501402,51,407
2019,1501402,52,2437
2019,1501402,53,1379
2019,1501402,55,2167
2019,1501402,56,9421
2019,1501402,58,294
2019,1501402,59,261
2019,1501402,60,1065
2019,1501402,61,1529
2019,1501402,62,1240
2019,1501402,63,2085
2019,1501402,64,6210
2019,1501402,65,1800
2019,1501402,66,383
2019,1501402,68,1571
2019,1501402,69,2918
2019,1501402,70,368
2019,1501402,71,2372
2019,1501402,72,854
2019,1501402,73,762
2019,1501402,74,505
2019,1501402,75,183
2019,1501402,77,1665
2019,1501402,78,5226
2019,1501402,79,325
2019,1501402,80,12212
2019,1501402,81,23062
2019,1501402,82,5734
2019,1501402,84,136074
2019,1501402,85,22833
2019,1501402,86,25143
2019,1501402,87,579
2019,1501402,88,877
2019,1501402,90,123
2019,1501402,91,218
2019,1501402,92,3
2019,1501402,93,3010
2019,1501402,94,8038
2019,1501402,95,762
2019,1501402,96,1891
2019,1501402,97,7
2019,1501402,99,14
2020,1501402,01,507
2020,1501402,02,283
2020,1501402,03,364
2020,1501402,06,1
2020,1501402,07,26
2020,1501402,08,22
2020,1501402,10,3560
2020,1501402,11,1597
2020,1501402,13,111
2020,1501402,14,208
2020,1501402,15,200
2020,1501402,16,854
2020,1501402,17,35
2020,1501402,18,345
2020,1501402,20,428
2020,1501402,21,4
2020,1501402,22,146
2020,1501402,23,395
2020,1501402,24,7
2020,1501402,25,109
2020,1501402,26,23
2020,1501402,27,49
2020,1501402,28,26
2020,1501402,29,35
2020,1501402,30,495
2020,1501402,31,615
2020,1501402,32,162
2020,1501402,33,683
2020,1501402,35,1237
2020,1501402,36,995
2020,1501402,37,214
2020,1501402,38,1918
2020,1501402,41,12445
2020,1501402,42,4068
2020,1501402,43,5084
2020,1501402,45,5305
2020,1501402,46,8127
2020,1501402,47,51058
2020,1501402,49,7659
2020,1501402,50,2073
2020,1501402,51,330
2020,1501402,52,2263
2020,1501402,53,1388
2020,1501402,55,1719
2020,1501402,56,8413
2020,1501402,58,566
2020,1501402,59,228
2020,1501402,60,1082
2020,1501402,61,1663
2020,1501402,62,1372
2020,1501402,63,1493
2020,1501402,64,5934
2020,1501402,65,1840
2020,1501402,66,390
2020,1501402,68,1634
2020,1501402,69,2795
2020,1501402,70,420
2020,1501402,71,2253
2020,1501402,72,884
2020,1501402,73,672
2020,1501402,74,654
2020,1501402,75,201
2020,1501402,77,1750
2020,1501402,78,5197
2020,1501402,79,276
2020,1501402,80,12916
2020,1501402,81,23140
2020,1501402,82,5726
2020,1501402,84,141526
2020,1501402,85,16849
2020,1501402,86,26699
2020,1501402,87,619
2020,1501402,88,713
2020,1501402,90,82
2020,1501402,92,2
2020,1501402,93,2831
2020,1501402,94,7927
2020,1501402,95,734
2020,1501402,96,2040
2020,1501402,97,8
2020,1501402,99,12
2021,1501402,01,583
2021,1501402,02,261
2021,1501402,03,394
2021,1501402,06,2
2021,1501402,07,27
2021,1501402,08,18
2021,1501402,10,3659
2021,1501402,11,1559
2021,1501402,13,124
2021,1501402,14,246
2021,1501402,15,175
2021,1501402,16,842
2021,1501402,17,657
2021,1501402,18,376
2021,1501402,20,420
2021,1501402,22,138
2021,1501402,23,384
2021,1501402,24,9
2021,1501402,25,134
2021,1501402,26,11
2021,1501402,27,31
2021,1501402,28,28
2021,1501402,29,45
2021,1501402,30,544
2021,1501402,31,774
2021,1501402,32,166
2021,1501402,33,629
2021,1501402,35,1115
2021,1501402,36,964
2021,1501402,37,229
2021,1501402,38,1953
2021,1501402,41,13034
2021,1501402,42,3759
2021,1501402,43,4995
2021,1501402,45,5472
2021,1501402,46,8169
2021,1501402,47,53803
2021,1501402,49,7082
2021,1501402,50,2232
2021,1501402,51,422
2021,1501402,52,2578
2021,1501402,53,1206
2021,1501402,55,1835
2021,1501402,56,8955
2021,1501402,58,504
2021,1501402,59,238
2021,1501402,60,994
2021,1501402,61,1907
2021,1501402,62,1436
2021,1501402,63,843
2021,1501402,64,6245
2021,1501402,65,2847
2021,1501402,66,414
2021,1501402,68,1774
2021,1501402,69,3077
2021,1501402,70,342
2021,1501402,71,2397
2021,1501402,72,926
2021,1501402,73,746
2021,1501402,74,667
2021,1501402,75,163
2021,1501402,77,1693
2021,1501402,78,6629
2021,1501402,79,293
2021,1501402,80,13137
2021,1501402,81,19109
2021,1501402,82,7562
2021,1501402,84,141078
2021,1501402,85,17530
2021,1501402,86,26197
2021,1501402,87,767
2021,1501402,88,1526
2021,1501402,90,85
2021,1501402,92,3
2021,1501402,93,2883
2021,1501402,94,7581
2021,1501402,95,844
2021,1501402,96,2227
2021,1501402,97,3
2021,1501402,99,12
2022,1501402,01,510
2022,1501402,02,294
2022,1501402,03,231
2022,1501402,06,1
2022,1501402,07,36
2022,1501402,08,18
2022,1501402,10,4365
2022,1501402,11,1620
2022,1501402,13,160
2022,1501402,14,438
2022,1501402,15,160
2022,1501402,16,943
2022,1501402,17,671
2022,1501402,18,474
2022,1501402,20,432
2022,1501402,21,3
2022,1501402,22,59
2022,1501402,23,446
2022,1501402,24,10
2022,1501402,25,105
2022,1501402,26,16
2022,1501402,27,39
2022,1501402,28,43
2022,1501402,29,52
2022,1501402,30,557
2022,1501402,31,685
2022,1501402,32,222
2022,1501402,33,529
2022,1501402,35,1116
2022,1501402,36,941
2022,1501402,37,431
2022,1501402,38,2099
2022,1501402,41,11727
2022,1501402,42,3919
2022,1501402,43,5123
2022,1501402,45,5900
2022,1501402,46,8639
2022,1501402,47,54988
2022,1501402,49,6366
2022,1501402,50,2532
2022,1501402,51,463
2022,1501402,52,3097
2022,1501402,53,1317
2022,1501402,55,2022
2022,1501402,56,11605
2022,1501402,58,497
2022,1501402,59,290
2022,1501402,60,1021
2022,1501402,61,2033
2022,1501402,62,1582
2022,1501402,63,840
2022,1501402,64,6134
2022,1501402,65,2820
2022,1501402,66,521
2022,1501402,68,1797
2022,1501402,69,3435
2022,1501402,70,673
2022,1501402,71,3370
2022,1501402,72,987
2022,1501402,73,1089
2022,1501402,74,829
2022,1501402,75,280
2022,1501402,77,2144
2022,1501402,78,5806
2022,1501402,79,380
2022,1501402,80,14296
2022,1501402,81,23870
2022,1501402,82,9550
2022,1501402,84,137071
2022,1501402,85,27828
2022,1501402,86,30396
2022,1501402,87,749
2022,1501402,88,667
2022,1501402,90,178
2022,1501402,91,193
2022,1501402,93,3623
2022,1501402,94,10175
2022,1501402,95,746
2022,1501402,96,2619
2022,1501402,97,1
2022,1501402,99,5
2023,1501402,01,494
2023,1501402,02,417
2023,1501402,03,242
2023,1501402,06,1
2023,1501402,07,6
2023,1501402,08,14
2023,1501402,09,148
2023,1501402,10,4525
2023,1501402,11,1657
2023,1501402,13,146
2023,1501402,14,499
2023,1501402,15,162
2023,1501402,16,766
2023,1501402,17,646
2023,1501402,18,456
2023,1501402,20,462
2023,1501402,21,3
2023,1501402,22,32
2023,1501402,23,520
2023,1501402,24,10
2023,1501402,25,121
2023,1501402,26,22
2023,1501402,27,38
2023,1501402,28,39
2023,1501402,29,54
2023,1501402,30,695
2023,1501402,31,531
2023,1501402,32,249
2023,1501402,33,694
2023,1501402,35,1091
2023,1501402,36,909
2023,1501402,37,389
2023,1501402,38,2038
2023,1501402,41,11740
2023,1501402,42,5827
2023,1501402,43,6061
2023,1501402,45,6075
2023,1501402,46,8729
2023,1501402,47,55714
2023,1501402,49,6688
2023,1501402,50,2736
2023,1501402,51,479
2023,1501402,52,3235
2023,1501402,53,1302
2023,1501402,55,1974
2023,1501402,56,12044
2023,1501402,58,483
2023,1501402,59,284
2023,1501402,60,1328
2023,1501402,61,1878
2023,1501402,62,1614
2023,1501402,63,787
2023,1501402,64,6211
2023,1501402,65,3130
2023,1501402,66,499
2023,1501402,68,2106
2023,1501402,69,3186
2023,1501402,70,811
2023,1501402,71,3228
2023,1501402,72,1050
2023,1501402,73,1043
2023,1501402,74,829
2023,1501402,75,328
2023,1501402,77,2321
2023,1501402,78,5702
2023,1501402,79,450
2023,1501402,80,15500
2023,1501402,81,24091
2023,1501402,82,8511
2023,1501402,84,128621
2023,1501402,85,28888
2023,1501402,86,30832
2023,1501402,87,760
2023,1501402,88,748
2023,1501402,90,170
2023,1501402,91,195
2023,1501402,93,3971
2023,1501402,94,11460
2023,1501402,95,774
2023,1501402,96,2717
2023,1501402,99,13
2002,2111300,NA,176170
2003,2111300,NA,161147
2004,2111300,NA,169947
2005,2111300,NA,180928
2006,2111300,00,3178
2006,2111300,01,404
2006,2111300,02,2
2006,2111300,03,24
2006,2111300,07,13
2006,2111300,08,60
2006,2111300,09,25
2006,2111300,10,876
2006,2111300,11,1094
2006,2111300,13,209
2006,2111300,14,289
2006,2111300,15,2
2006,2111300,16,149
2006,2111300,17,270
2006,2111300,18,568
2006,2111300,19,103
2006,2111300,20,532
2006,2111300,21,56
2006,2111300,22,355
2006,2111300,23,466
2006,2111300,24,2020
2006,2111300,25,943
2006,2111300,26,6
2006,2111300,27,15
2006,2111300,28,16
2006,2111300,29,85
2006,2111300,30,24
2006,2111300,31,268
2006,2111300,32,29
2006,2111300,33,477
2006,2111300,35,772
2006,2111300,36,1088
2006,2111300,37,26
2006,2111300,38,831
2006,2111300,41,7504
2006,2111300,42,7608
2006,2111300,43,2185
2006,2111300,45,3882
2006,2111300,46,4113
2006,2111300,47,26704
2006,2111300,49,9295
2006,2111300,50,492
2006,2111300,51,192
2006,2111300,52,1479
2006,2111300,53,967
2006,2111300,55,1500
2006,2111300,56,3977
2006,2111300,58,246
2006,2111300,59,136
2006,2111300,60,468
2006,2111300,61,477
2006,2111300,62,193
2006,2111300,63,242
2006,2111300,64,3275
2006,2111300,65,420
2006,2111300,66,275
2006,2111300,68,248
2006,2111300,69,636
2006,2111300,70,181
2006,2111300,71,658
2006,2111300,72,9
2006,2111300,73,174
2006,2111300,74,324
2006,2111300,75,17
2006,2111300,77,602
2006,2111300,78,4024
2006,2111300,79,275
2006,2111300,80,6037
2006,2111300,81,4348
2006,2111300,82,1966
2006,2111300,84,81816
2006,2111300,85,6812
2006,2111300,86,7073
2006,2111300,87,62
2006,2111300,88,667
2006,2111300,90,38
2006,2111300,91,40
2006,2111300,92,4
2006,2111300,93,290
2006,2111300,94,9217
2006,2111300,95,353
2006,2111300,96,906
2006,2111300,97,51
2007,2111300,00,2732
2007,2111300,01,338
2007,2111300,02,35
2007,2111300,03,13
2007,2111300,06,1
2007,2111300,07,33
2007,2111300,08,70
2007,2111300,09,27
2007,2111300,10,945
2007,2111300,11,1050
2007,2111300,13,227
2007,2111300,14,343
2007,2111300,16,195
2007,2111300,17,238
2007,2111300,18,594
2007,2111300,19,100
2007,2111300,20,435
2007,2111300,21,15
2007,2111300,22,244
2007,2111300,23,563
2007,2111300,24,2062
2007,2111300,25,1368
2007,2111300,26,36
2007,2111300,27,4
2007,2111300,28,1668
2007,2111300,29,89
2007,2111300,30,31
2007,2111300,31,276
2007,2111300,32,32
2007,2111300,33,275
2007,2111300,35,1050
2007,2111300,36,1257
2007,2111300,37,20
2007,2111300,38,866
2007,2111300,41,7807
2007,2111300,42,10433
2007,2111300,43,2477
2007,2111300,45,5056
2007,2111300,46,5859
2007,2111300,47,27820
2007,2111300,49,9763
2007,2111300,50,488
2007,2111300,51,212
2007,2111300,52,1363
2007,2111300,53,1136
2007,2111300,55,1458
2007,2111300,56,4918
2007,2111300,58,275
2007,2111300,59,132
2007,2111300,60,507
2007,2111300,61,518
2007,2111300,62,291
2007,2111300,63,187
2007,2111300,64,2155
2007,2111300,65,392
2007,2111300,66,442
2007,2111300,68,290
2007,2111300,69,733
2007,2111300,70,288
2007,2111300,71,1379
2007,2111300,72,4
2007,2111300,73,189
2007,2111300,74,269
2007,2111300,75,12
2007,2111300,77,871
2007,2111300,78,1804
2007,2111300,79,334
2007,2111300,80,6833
2007,2111300,81,8330
2007,2111300,82,2222
2007,2111300,84,83403
2007,2111300,85,6986
2007,2111300,86,7708
2007,2111300,87,50
2007,2111300,88,694
2007,2111300,90,46
2007,2111300,91,30
2007,2111300,92,2
2007,2111300,93,246
2007,2111300,94,10633
2007,2111300,95,317
2007,2111300,96,684
2007,2111300,97,51
2008,2111300,00,4299
2008,2111300,01,478
2008,2111300,03,8
2008,2111300,07,19
2008,2111300,08,72
2008,2111300,09,26
2008,2111300,10,1091
2008,2111300,11,1139
2008,2111300,13,112
2008,2111300,14,407
2008,2111300,15,12
2008,2111300,16,195
2008,2111300,17,263
2008,2111300,18,685
2008,2111300,19,105
2008,2111300,20,558
2008,2111300,21,21
2008,2111300,22,210
2008,2111300,23,591
2008,2111300,24,1989
2008,2111300,25,1448
2008,2111300,26,22
2008,2111300,27,6
2008,2111300,28,2695
2008,2111300,29,49
2008,2111300,30,40
2008,2111300,31,270
2008,2111300,32,96
2008,2111300,33,448
2008,2111300,35,945
2008,2111300,36,1535
2008,2111300,37,23
2008,2111300,38,808
2008,2111300,41,11329
2008,2111300,42,15277
2008,2111300,43,3881
2008,2111300,45,5108
2008,2111300,46,6491
2008,2111300,47,29292
2008,2111300,49,11083
2008,2111300,50,506
2008,2111300,51,205
2008,2111300,52,1542
2008,2111300,53,1128
2008,2111300,55,1790
2008,2111300,56,5560
2008,2111300,58,313
2008,2111300,59,148
2008,2111300,60,495
2008,2111300,61,628
2008,2111300,62,335
2008,2111300,63,192
2008,2111300,64,2304
2008,2111300,65,497
2008,2111300,66,226
2008,2111300,68,361
2008,2111300,69,1023
2008,2111300,70,390
2008,2111300,71,1069
2008,2111300,72,5
2008,2111300,73,287
2008,2111300,74,228
2008,2111300,75,12
2008,2111300,77,904
2008,2111300,78,2856
2008,2111300,79,454
2008,2111300,80,7561
2008,2111300,81,9303
2008,2111300,82,4968
2008,2111300,84,101552
2008,2111300,85,7728
2008,2111300,86,8313
2008,2111300,87,118
2008,2111300,88,781
2008,2111300,90,74
2008,2111300,93,330
2008,2111300,94,8937
2008,2111300,95,354
2008,2111300,96,771
2008,2111300,97,35
2009,2111300,01,333
2009,2111300,03,10
2009,2111300,05,2
2009,2111300,07,23
2009,2111300,08,54
2009,2111300,09,64
2009,2111300,10,1059
2009,2111300,11,1168
2009,2111300,13,162
2009,2111300,14,413
2009,2111300,16,102
2009,2111300,17,258
2009,2111300,18,710
2009,2111300,19,105
2009,2111300,20,503
2009,2111300,21,58
2009,2111300,22,200
2009,2111300,23,569
2009,2111300,24,1951
2009,2111300,25,848
2009,2111300,26,20
2009,2111300,27,6
2009,2111300,28,78
2009,2111300,29,129
2009,2111300,30,16
2009,2111300,31,339
2009,2111300,32,65
2009,2111300,33,381
2009,2111300,35,971
2009,2111300,36,1485
2009,2111300,37,7
2009,2111300,38,1101
2009,2111300,41,14994
2009,2111300,42,8572
2009,2111300,43,4082
2009,2111300,45,5470
2009,2111300,46,7447
2009,2111300,47,31236
2009,2111300,49,11398
2009,2111300,50,553
2009,2111300,51,203
2009,2111300,52,1326
2009,2111300,53,994
2009,2111300,55,2057
2009,2111300,56,5614
2009,2111300,58,345
2009,2111300,59,153
2009,2111300,60,511
2009,2111300,61,551
2009,2111300,62,429
2009,2111300,63,225
2009,2111300,64,2418
2009,2111300,65,510
2009,2111300,66,303
2009,2111300,68,476
2009,2111300,69,1038
2009,2111300,70,146
2009,2111300,71,905
2009,2111300,72,9
2009,2111300,73,322
2009,2111300,74,378
2009,2111300,75,20
2009,2111300,77,984
2009,2111300,78,3576
2009,2111300,79,385
2009,2111300,80,7835
2009,2111300,81,9980
2009,2111300,82,3962
2009,2111300,84,104771
2009,2111300,85,8677
2009,2111300,86,9730
2009,2111300,87,126
2009,2111300,88,790
2009,2111300,90,86
2009,2111300,91,27
2009,2111300,92,9
2009,2111300,93,423
2009,2111300,94,8712
2009,2111300,95,370
2009,2111300,96,887
2009,2111300,97,40
2009,2111300,99,3
2010,2111300,01,375
2010,2111300,02,4
2010,2111300,03,3
2010,2111300,05,2
2010,2111300,06,30
2010,2111300,07,86
2010,2111300,08,118
2010,2111300,09,1
2010,2111300,10,1032
2010,2111300,11,1778
2010,2111300,13,149
2010,2111300,14,402
2010,2111300,15,13
2010,2111300,16,120
2010,2111300,17,192
2010,2111300,18,804
2010,2111300,19,110
2010,2111300,20,579
2010,2111300,21,39
2010,2111300,22,229
2010,2111300,23,685
2010,2111300,24,1976
2010,2111300,25,1035
2010,2111300,26,58
2010,2111300,27,5
2010,2111300,28,54
2010,2111300,29,129
2010,2111300,30,14
2010,2111300,31,327
2010,2111300,32,54
2010,2111300,33,1227
2010,2111300,35,770
2010,2111300,36,1418
2010,2111300,37,5
2010,2111300,38,1774
2010,2111300,41,25712
2010,2111300,42,16708
2010,2111300,43,5616
2010,2111300,45,6190
2010,2111300,46,8114
2010,2111300,47,36153
2010,2111300,49,12586
2010,2111300,50,641
2010,2111300,51,246
2010,2111300,52,1807
2010,2111300,53,949
2010,2111300,55,2138
2010,2111300,56,6578
2010,2111300,58,327
2010,2111300,59,243
2010,2111300,60,501
2010,2111300,61,645
2010,2111300,62,435
2010,2111300,63,240
2010,2111300,64,2499
2010,2111300,65,547
2010,2111300,66,393
2010,2111300,68,669
2010,2111300,69,1268
2010,2111300,70,183
2010,2111300,71,1703
2010,2111300,72,30
2010,2111300,73,398
2010,2111300,74,342
2010,2111300,75,15
2010,2111300,77,1353
2010,2111300,78,3910
2010,2111300,79,367
2010,2111300,80,8633
2010,2111300,81,9651
2010,2111300,82,4620
2010,2111300,84,113226
2010,2111300,85,11107
2010,2111300,86,10167
2010,2111300,87,202
2010,2111300,88,820
2010,2111300,90,55
2010,2111300,91,65
2010,2111300,92,3
2010,2111300,93,413
2010,2111300,94,8763
2010,2111300,95,401
2010,2111300,96,1053
2010,2111300,97,17
2011,2111300,01,393
2011,2111300,02,58
2011,2111300,03,4
2011,2111300,05,2
2011,2111300,06,9
2011,2111300,07,15
2011,2111300,08,216
2011,2111300,10,1302
2011,2111300,11,1587
2011,2111300,13,128
2011,2111300,14,472
2011,2111300,16,89
2011,2111300,17,126
2011,2111300,18,830
2011,2111300,19,174
2011,2111300,20,526
2011,2111300,21,95
2011,2111300,22,229
2011,2111300,23,749
2011,2111300,24,2272
2011,2111300,25,1165
2011,2111300,26,61
2011,2111300,27,15
2011,2111300,28,424
2011,2111300,29,162
2011,2111300,30,9
2011,2111300,31,407
2011,2111300,32,164
2011,2111300,33,1029
2011,2111300,35,747
2011,2111300,36,1477
2011,2111300,37,9
2011,2111300,38,1953
2011,2111300,41,25147
2011,2111300,42,13180
2011,2111300,43,6004
2011,2111300,45,6798
2011,2111300,46,9428
2011,2111300,47,38212
2011,2111300,49,14408
2011,2111300,50,669
2011,2111300,51,270
2011,2111300,52,1906
2011,2111300,53,1024
2011,2111300,55,2357
2011,2111300,56,7094
2011,2111300,58,290
2011,2111300,59,206
2011,2111300,60,684
2011,2111300,61,670
2011,2111300,62,405
2011,2111300,63,628
2011,2111300,64,2760
2011,2111300,65,535
2011,2111300,66,266
2011,2111300,68,1422
2011,2111300,69,1404
2011,2111300,70,220
2011,2111300,71,2572
2011,2111300,72,47
2011,2111300,73,418
2011,2111300,74,610
2011,2111300,75,21
2011,2111300,77,1956
2011,2111300,78,4124
2011,2111300,79,394
2011,2111300,80,10681
2011,2111300,81,11006
2011,2111300,82,5690
2011,2111300,84,112650
2011,2111300,85,11997
2011,2111300,86,10548
2011,2111300,87,258
2011,2111300,88,812
2011,2111300,90,57
2011,2111300,91,79
2011,2111300,92,3
2011,2111300,93,509
2011,2111300,94,8023
2011,2111300,95,546
2011,2111300,96,1228
2011,2111300,97,26
2012,2111300,01,317
2012,2111300,02,58
2012,2111300,03,6
2012,2111300,05,1
2012,2111300,06,18
2012,2111300,07,9
2012,2111300,08,140
2012,2111300,09,93
2012,2111300,10,1445
2012,2111300,11,2031
2012,2111300,13,135
2012,2111300,14,429
2012,2111300,15,6
2012,2111300,16,75
2012,2111300,17,17
2012,2111300,18,837
2012,2111300,19,133
2012,2111300,20,627
2012,2111300,21,99
2012,2111300,22,287
2012,2111300,23,1422
2012,2111300,24,2289
2012,2111300,25,1107
2012,2111300,26,37
2012,2111300,27,179
2012,2111300,28,105
2012,2111300,29,153
2012,2111300,30,9
2012,2111300,31,322
2012,2111300,32,92
2012,2111300,33,586
2012,2111300,35,978
2012,2111300,36,1685
2012,2111300,37,181
2012,2111300,38,256
2012,2111300,41,20879
2012,2111300,42,13326
2012,2111300,43,7161
2012,2111300,45,7034
2012,2111300,46,11107
2012,2111300,47,40386
2012,2111300,49,15199
2012,2111300,50,738
2012,2111300,51,300
2012,2111300,52,1917
2012,2111300,53,1103
2012,2111300,55,2493
2012,2111300,56,7917
2012,2111300,58,336
2012,2111300,59,261
2012,2111300,60,801
2012,2111300,61,731
2012,2111300,62,393
2012,2111300,63,483
2012,2111300,64,2847
2012,2111300,65,597
2012,2111300,66,248
2012,2111300,68,1395
2012,2111300,69,1711
2012,2111300,70,211
2012,2111300,71,3261
2012,2111300,72,51
2012,2111300,73,359
2012,2111300,74,519
2012,2111300,75,39
2012,2111300,77,2375
2012,2111300,78,2975
2012,2111300,79,351
2012,2111300,80,12594
2012,2111300,81,12798
2012,2111300,82,7905
2012,2111300,84,111460
2012,2111300,85,13444
2012,2111300,86,11467
2012,2111300,87,370
2012,2111300,88,955
2012,2111300,90,93
2012,2111300,91,57
2012,2111300,92,2
2012,2111300,93,540
2012,2111300,94,9021
2012,2111300,95,691
2012,2111300,96,1341
2012,2111300,97,15
2013,2111300,01,363
2013,2111300,02,38
2013,2111300,03,16
2013,2111300,05,1
2013,2111300,06,29
2013,2111300,07,4
2013,2111300,08,180
2013,2111300,09,495
2013,2111300,10,1531
2013,2111300,11,2039
2013,2111300,13,52
2013,2111300,14,410
2013,2111300,16,43
2013,2111300,17,12
2013,2111300,18,827
2013,2111300,19,148
2013,2111300,20,652
2013,2111300,22,280
2013,2111300,23,1687
2013,2111300,24,2139
2013,2111300,25,1066
2013,2111300,26,28
2013,2111300,27,191
2013,2111300,28,67
2013,2111300,29,97
2013,2111300,30,36
2013,2111300,31,295
2013,2111300,32,100
2013,2111300,33,667
2013,2111300,35,972
2013,2111300,36,1402
2013,2111300,37,328
2013,2111300,38,223
2013,2111300,41,24496
2013,2111300,42,11999
2013,2111300,43,5260
2013,2111300,45,6655
2013,2111300,46,10883
2013,2111300,47,42111
2013,2111300,49,15107
2013,2111300,50,863
2013,2111300,51,317
2013,2111300,52,1857
2013,2111300,53,1277
2013,2111300,55,2133
2013,2111300,56,8667
2013,2111300,58,293
2013,2111300,59,329
2013,2111300,60,778
2013,2111300,61,768
2013,2111300,62,493
2013,2111300,63,482
2013,2111300,64,2737
2013,2111300,65,484
2013,2111300,66,265
2013,2111300,68,1549
2013,2111300,69,1783
2013,2111300,70,175
2013,2111300,71,2911
2013,2111300,72,64
2013,2111300,73,329
2013,2111300,74,724
2013,2111300,75,45
2013,2111300,77,2184
2013,2111300,78,2512
2013,2111300,79,368
2013,2111300,80,13409
2013,2111300,81,12159
2013,2111300,82,10957
2013,2111300,84,106384
2013,2111300,85,13811
2013,2111300,86,12234
2013,2111300,87,374
2013,2111300,88,979
2013,2111300,90,70
2013,2111300,91,55
2013,2111300,93,590
2013,2111300,94,9847
2013,2111300,95,676
2013,2111300,96,1383
2013,2111300,97,8
2014,2111300,01,336
2014,2111300,02,11
2014,2111300,03,15
2014,2111300,07,3
2014,2111300,08,182
2014,2111300,09,468
2014,2111300,10,1566
2014,2111300,11,2132
2014,2111300,13,42
2014,2111300,14,446
2014,2111300,15,1
2014,2111300,16,41
2014,2111300,17,24
2014,2111300,18,792
2014,2111300,19,119
2014,2111300,20,514
2014,2111300,22,317
2014,2111300,23,889
2014,2111300,24,1849
2014,2111300,25,750
2014,2111300,26,32
2014,2111300,27,172
2014,2111300,28,84
2014,2111300,29,105
2014,2111300,30,2
2014,2111300,31,284
2014,2111300,32,140
2014,2111300,33,632
2014,2111300,35,1116
2014,2111300,36,1447
2014,2111300,37,181
2014,2111300,38,270
2014,2111300,41,26979
2014,2111300,42,12560
2014,2111300,43,4926
2014,2111300,45,6505
2014,2111300,46,10907
2014,2111300,47,43906
2014,2111300,49,15329
2014,2111300,50,873
2014,2111300,51,322
2014,2111300,52,1527
2014,2111300,53,1246
2014,2111300,55,2221
2014,2111300,56,8916
2014,2111300,58,284
2014,2111300,59,328
2014,2111300,60,757
2014,2111300,61,725
2014,2111300,62,485
2014,2111300,63,400
2014,2111300,64,2715
2014,2111300,65,513
2014,2111300,66,321
2014,2111300,68,1314
2014,2111300,69,1847
2014,2111300,70,273
2014,2111300,71,2252
2014,2111300,72,67
2014,2111300,73,308
2014,2111300,74,304
2014,2111300,75,48
2014,2111300,77,2152
2014,2111300,78,2322
2014,2111300,79,365
2014,2111300,80,14017
2014,2111300,81,11811
2014,2111300,82,11818
2014,2111300,84,103044
2014,2111300,85,14989
2014,2111300,86,12862
2014,2111300,87,558
2014,2111300,88,1036
2014,2111300,90,86
2014,2111300,91,46
2014,2111300,92,3
2014,2111300,93,709
2014,2111300,94,12229
2014,2111300,95,621
2014,2111300,96,1318
2014,2111300,97,18
2015,2111300,01,287
2015,2111300,02,20
2015,2111300,03,6
2015,2111300,05,1
2015,2111300,07,2
2015,2111300,08,132
2015,2111300,09,403
2015,2111300,10,1443
2015,2111300,11,2271
2015,2111300,13,67
2015,2111300,14,470
2015,2111300,15,1
2015,2111300,16,18
2015,2111300,17,42
2015,2111300,18,663
2015,2111300,19,115
2015,2111300,20,461
2015,2111300,22,305
2015,2111300,23,728
2015,2111300,24,1178
2015,2111300,25,762
2015,2111300,26,3
2015,2111300,27,141
2015,2111300,28,172
2015,2111300,29,106
2015,2111300,30,2
2015,2111300,31,277
2015,2111300,32,88
2015,2111300,33,685
2015,2111300,35,1165
2015,2111300,36,1493
2015,2111300,37,80
2015,2111300,38,262
2015,2111300,39,16
2015,2111300,41,16858
2015,2111300,42,9321
2015,2111300,43,4964
2015,2111300,45,6048
2015,2111300,46,10781
2015,2111300,47,42655
2015,2111300,49,15819
2015,2111300,50,932
2015,2111300,51,298
2015,2111300,52,2057
2015,2111300,53,1157
2015,2111300,55,2149
2015,2111300,56,9067
2015,2111300,58,263
2015,2111300,59,333
2015,2111300,60,690
2015,2111300,61,715
2015,2111300,62,384
2015,2111300,63,429
2015,2111300,64,2588
2015,2111300,65,439
2015,2111300,66,340
2015,2111300,68,1347
2015,2111300,69,1672
2015,2111300,70,184
2015,2111300,71,1556
2015,2111300,72,103
2015,2111300,73,293
2015,2111300,74,445
2015,2111300,75,52
2015,2111300,77,2260
2015,2111300,78,2313
2015,2111300,79,340
2015,2111300,80,10627
2015,2111300,81,9440
2015,2111300,82,12865
2015,2111300,84,104275
2015,2111300,85,16339
2015,2111300,86,14653
2015,2111300,87,359
2015,2111300,88,981
2015,2111300,90,99
2015,2111300,91,47
2015,2111300,92,1
2015,2111300,93,820
2015,2111300,94,7838
2015,2111300,95,639
2015,2111300,96,1264
2015,2111300,97,10
2016,2111300,01,221
2016,2111300,02,5
2016,2111300,03,8
2016,2111300,07,2
2016,2111300,08,108
2016,2111300,09,345
2016,2111300,10,1661
2016,2111300,11,2094
2016,2111300,13,77
2016,2111300,14,532
2016,2111300,15,2
2016,2111300,16,14
2016,2111300,17,26
2016,2111300,18,728
2016,2111300,19,19
2016,2111300,20,623
2016,2111300,22,308
2016,2111300,23,644
2016,2111300,24,1170
2016,2111300,25,530
2016,2111300,27,88
2016,2111300,28,141
2016,2111300,29,90
2016,2111300,30,9
2016,2111300,31,187
2016,2111300,32,72
2016,2111300,33,1007
2016,2111300,35,995
2016,2111300,36,1500
2016,2111300,37,52
2016,2111300,38,212
2016,2111300,39,18
2016,2111300,41,11921
2016,2111300,42,7744
2016,2111300,43,4360
2016,2111300,45,5725
2016,2111300,46,10861
2016,2111300,47,41571
2016,2111300,49,16466
2016,2111300,50,830
2016,2111300,51,261
2016,2111300,52,2009
2016,2111300,53,1102
2016,2111300,55,1830
2016,2111300,56,8834
2016,2111300,58,171
2016,2111300,59,293
2016,2111300,60,636
2016,2111300,61,780
2016,2111300,62,382
2016,2111300,63,3636
2016,2111300,64,2479
2016,2111300,65,434
2016,2111300,66,396
2016,2111300,68,1344
2016,2111300,69,1835
2016,2111300,70,194
2016,2111300,71,1381
2016,2111300,72,173
2016,2111300,73,281
2016,2111300,74,379
2016,2111300,75,53
2016,2111300,77,1902
2016,2111300,78,1226
2016,2111300,79,292
2016,2111300,80,10184
2016,2111300,81,9226
2016,2111300,82,13594
2016,2111300,84,106569
2016,2111300,85,15621
2016,2111300,86,16459
2016,2111300,87,484
2016,2111300,88,1062
2016,2111300,90,75
2016,2111300,91,47
2016,2111300,92,2
2016,2111300,93,748
2016,2111300,94,10031
2016,2111300,95,601
2016,2111300,96,1254
2016,2111300,97,7
2017,2111300,01,289
2017,2111300,02,12
2017,2111300,03,39
2017,2111300,07,2
2017,2111300,08,68
2017,2111300,09,298
2017,2111300,10,1672
2017,2111300,11,1905
2017,2111300,13,85
2017,2111300,14,410
2017,2111300,15,6
2017,2111300,16,5
2017,2111300,17,3
2017,2111300,18,634
2017,2111300,19,21
2017,2111300,20,627
2017,2111300,22,223
2017,2111300,23,526
2017,2111300,24,1280
2017,2111300,25,412
2017,2111300,26,11
2017,2111300,27,47
2017,2111300,28,148
2017,2111300,29,101
2017,2111300,30,6
2017,2111300,31,183
2017,2111300,32,107
2017,2111300,33,1075
2017,2111300,35,1256
2017,2111300,36,1619
2017,2111300,37,54
2017,2111300,38,233
2017,2111300,39,16
2017,2111300,41,11464
2017,2111300,42,8842
2017,2111300,43,2657
2017,2111300,45,5625
2017,2111300,46,10776
2017,2111300,47,39810
2017,2111300,49,16599
2017,2111300,50,926
2017,2111300,51,263
2017,2111300,52,2156
2017,2111300,53,1024
2017,2111300,55,1876
2017,2111300,56,8965
2017,2111300,58,206
2017,2111300,59,282
2017,2111300,60,711
2017,2111300,61,664
2017,2111300,62,485
2017,2111300,63,2655
2017,2111300,64,2320
2017,2111300,65,427
2017,2111300,66,468
2017,2111300,68,1455
2017,2111300,69,1864
2017,2111300,70,217
2017,2111300,71,1601
2017,2111300,72,317
2017,2111300,73,287
2017,2111300,74,299
2017,2111300,75,61
2017,2111300,77,1548
2017,2111300,78,2342
2017,2111300,79,295
2017,2111300,80,9741
2017,2111300,81,8464
2017,2111300,82,12805
2017,2111300,84,106458
2017,2111300,85,16410
2017,2111300,86,18637
2017,2111300,87,620
2017,2111300,88,1043
2017,2111300,90,119
2017,2111300,91,58
2017,2111300,93,751
2017,2111300,94,9953
2017,2111300,95,553
2017,2111300,96,1245
2017,2111300,97,36
2018,2111300,01,230
2018,2111300,02,10
2018,2111300,03,24
2018,2111300,06,8
2018,2111300,07,172
2018,2111300,08,77
2018,2111300,09,226
2018,2111300,10,1908
2018,2111300,11,1843
2018,2111300,13,90
2018,2111300,14,450
2018,2111300,15,13
2018,2111300,16,7
2018,2111300,17,4
2018,2111300,18,689
2018,2111300,19,13
2018,2111300,20,639
2018,2111300,22,184
2018,2111300,23,562
2018,2111300,24,1241
2018,2111300,25,558
2018,2111300,26,9
2018,2111300,27,57
2018,2111300,28,14
2018,2111300,29,88
2018,2111300,30,4
2018,2111300,31,219
2018,2111300,32,139
2018,2111300,33,885
2018,2111300,35,1181
2018,2111300,36,1423
2018,2111300,37,43
2018,2111300,38,1730
2018,2111300,39,9
2018,2111300,41,10857
2018,2111300,42,7200
2018,2111300,43,3625
2018,2111300,45,5805
2018,2111300,46,11310
2018,2111300,47,38966
2018,2111300,49,16485
2018,2111300,50,898
2018,2111300,51,250
2018,2111300,52,2310
2018,2111300,53,1006
2018,2111300,55,1768
2018,2111300,56,9198
2018,2111300,58,172
2018,2111300,59,253
2018,2111300,60,709
2018,2111300,61,708
2018,2111300,62,614
2018,2111300,63,1814
2018,2111300,64,2346
2018,2111300,65,418
2018,2111300,66,259
2018,2111300,68,1508
2018,2111300,69,1918
2018,2111300,70,261
2018,2111300,71,1716
2018,2111300,72,52
2018,2111300,73,265
2018,2111300,74,330
2018,2111300,75,70
2018,2111300,77,1533
2018,2111300,78,2195
2018,2111300,79,276
2018,2111300,80,10214
2018,2111300,81,12906
2018,2111300,82,9830
2018,2111300,84,113596
2018,2111300,85,16786
2018,2111300,86,18426
2018,2111300,87,594
2018,2111300,88,768
2018,2111300,90,91
2018,2111300,91,59
2018,2111300,93,859
2018,2111300,94,12513
2018,2111300,95,550
2018,2111300,96,1294
2018,2111300,97,5
2019,2111300,01,141
2019,2111300,02,11
2019,2111300,03,3
2019,2111300,06,7
2019,2111300,07,187
2019,2111300,08,106
2019,2111300,09,204
2019,2111300,10,2020
2019,2111300,11,1651
2019,2111300,12,1
2019,2111300,13,91
2019,2111300,14,418
2019,2111300,15,5
2019,2111300,16,5
2019,2111300,17,4
2019,2111300,18,586
2019,2111300,19,13
2019,2111300,20,638
2019,2111300,22,245
2019,2111300,23,635
2019,2111300,24,1214
2019,2111300,25,710
2019,2111300,27,61
2019,2111300,28,13
2019,2111300,29,101
2019,2111300,30,18
2019,2111300,31,236
2019,2111300,32,177
2019,2111300,33,977
2019,2111300,35,1241
2019,2111300,36,38
2019,2111300,37,14
2019,2111300,38,244
2019,2111300,39,16
2019,2111300,41,12222
2019,2111300,42,6185
2019,2111300,43,4580
2019,2111300,45,5721
2019,2111300,46,12496
2019,2111300,47,37557
2019,2111300,49,16305
2019,2111300,50,837
2019,2111300,51,244
2019,2111300,52,2380
2019,2111300,53,1012
2019,2111300,55,1711
2019,2111300,56,8816
2019,2111300,58,244
2019,2111300,59,187
2019,2111300,60,684
2019,2111300,61,882
2019,2111300,62,1069
2019,2111300,63,1914
2019,2111300,64,3098
2019,2111300,65,424
2019,2111300,66,327
2019,2111300,68,1580
2019,2111300,69,1808
2019,2111300,70,207
2019,2111300,71,2545
2019,2111300,72,56
2019,2111300,73,261
2019,2111300,74,255
2019,2111300,75,49
2019,2111300,77,1368
2019,2111300,78,3142
2019,2111300,79,214
2019,2111300,80,8150
2019,2111300,81,10557
2019,2111300,82,11820
2019,2111300,84,113511
2019,2111300,85,17186
2019,2111300,86,26073
2019,2111300,87,604
2019,2111300,88,805
2019,2111300,90,86
2019,2111300,91,60
2019,2111300,93,820
2019,2111300,94,10565
2019,2111300,95,542
2019,2111300,96,1339
2019,2111300,97,6
2020,2111300,01,148
2020,2111300,02,10
2020,2111300,03,3
2020,2111300,06,13
2020,2111300,07,181
2020,2111300,08,83
2020,2111300,09,184
2020,2111300,10,2008
2020,2111300,11,1781
2020,2111300,12,1
2020,2111300,13,111
2020,2111300,14,393
2020,2111300,15,5
2020,2111300,16,12
2020,2111300,17,4
2020,2111300,18,575
2020,2111300,19,9
2020,2111300,20,695
2020,2111300,22,306
2020,2111300,23,663
2020,2111300,24,1231
2020,2111300,25,988
2020,2111300,27,32
2020,2111300,28,17
2020,2111300,29,85
2020,2111300,30,22
2020,2111300,31,207
2020,2111300,32,145
2020,2111300,33,1126
2020,2111300,35,1292
2020,2111300,36,1337
2020,2111300,37,46
2020,2111300,38,257
2020,2111300,39,16
2020,2111300,41,13091
2020,2111300,42,6650
2020,2111300,43,4903
2020,2111300,45,5477
2020,2111300,46,12936
2020,2111300,47,38581
2020,2111300,49,16334
2020,2111300,50,792
2020,2111300,51,187
2020,2111300,52,2472
2020,2111300,53,960
2020,2111300,55,1323
2020,2111300,56,7848
2020,2111300,58,166
2020,2111300,59,156
2020,2111300,60,660
2020,2111300,61,993
2020,2111300,62,1313
2020,2111300,63,1840
2020,2111300,64,2849
2020,2111300,65,313
2020,2111300,66,360
2020,2111300,68,1640
2020,2111300,69,1833
2020,2111300,70,154
2020,2111300,71,3086
2020,2111300,72,57
2020,2111300,73,287
2020,2111300,74,245
2020,2111300,75,57
2020,2111300,77,1293
2020,2111300,78,3621
2020,2111300,79,157
2020,2111300,80,8814
2020,2111300,81,10803
2020,2111300,82,11092
2020,2111300,84,103419
2020,2111300,85,16219
2020,2111300,86,33075
2020,2111300,87,827
2020,2111300,88,677
2020,2111300,90,41
2020,2111300,91,53
2020,2111300,93,809
2020,2111300,94,10882
2020,2111300,95,499
2020,2111300,96,1240
2020,2111300,97,3
2021,2111300,01,170
2021,2111300,02,4
2021,2111300,03,6
2021,2111300,06,7
2021,2111300,07,172
2021,2111300,08,73
2021,2111300,09,176
2021,2111300,10,2053
2021,2111300,11,1761
2021,2111300,12,1
2021,2111300,13,119
2021,2111300,14,360
2021,2111300,15,13
2021,2111300,16,14
2021,2111300,17,23
2021,2111300,18,528
2021,2111300,19,13
2021,2111300,20,691
2021,2111300,22,226
2021,2111300,23,614
2021,2111300,24,1539
2021,2111300,25,1344
2021,2111300,27,32
2021,2111300,28,18
2021,2111300,29,93
2021,2111300,30,22
2021,2111300,31,195
2021,2111300,32,167
2021,2111300,33,1068
2021,2111300,35,1266
2021,2111300,36,1369
2021,2111300,37,120
2021,2111300,38,204
2021,2111300,39,12
2021,2111300,41,17244
2021,2111300,42,9223
2021,2111300,43,4067
2021,2111300,45,5843
2021,2111300,46,13322
2021,2111300,47,39089
2021,2111300,49,16509
2021,2111300,50,811
2021,2111300,51,179
2021,2111300,52,2806
2021,2111300,53,948
2021,2111300,55,1512
2021,2111300,56,8480
2021,2111300,58,127
2021,2111300,59,128
2021,2111300,60,738
2021,2111300,61,1180
2021,2111300,62,1490
2021,2111300,63,1469
2021,2111300,64,3014
2021,2111300,65,416
2021,2111300,66,487
2021,2111300,68,1984
2021,2111300,69,2001
2021,2111300,70,183
2021,2111300,71,3358
2021,2111300,72,55
2021,2111300,73,237
2021,2111300,74,436
2021,2111300,75,88
2021,2111300,77,1494
2021,2111300,78,3163
2021,2111300,79,135
2021,2111300,80,9000
2021,2111300,81,11289
2021,2111300,82,13841
2021,2111300,84,101335
2021,2111300,85,16439
2021,2111300,86,35763
2021,2111300,87,433
2021,2111300,88,638
2021,2111300,90,73
2021,2111300,91,46
2021,2111300,93,795
2021,2111300,94,13117
2021,2111300,95,499
2021,2111300,96,1308
2021,2111300,97,3
2022,2111300,01,337
2022,2111300,02,8
2022,2111300,03,39
2022,2111300,06,3
2022,2111300,07,172
2022,2111300,08,85
2022,2111300,09,181
2022,2111300,10,2603
2022,2111300,11,1667
2022,2111300,12,1
2022,2111300,13,120
2022,2111300,14,542
2022,2111300,15,27
2022,2111300,16,11
2022,2111300,17,125
2022,2111300,18,657
2022,2111300,19,11
2022,2111300,20,682
2022,2111300,22,291
2022,2111300,23,705
2022,2111300,24,2444
2022,2111300,25,2086
2022,2111300,27,111
2022,2111300,28,97
2022,2111300,29,94
2022,2111300,30,25
2022,2111300,31,250
2022,2111300,32,261
2022,2111300,33,1036
2022,2111300,35,1444
2022,2111300,36,1272
2022,2111300,37,157
2022,2111300,38,219
2022,2111300,39,3
2022,2111300,41,13582
2022,2111300,42,10467
2022,2111300,43,4371
2022,2111300,45,6807
2022,2111300,46,14000
2022,2111300,47,42768
2022,2111300,49,16446
2022,2111300,50,853
2022,2111300,51,168
2022,2111300,52,3333
2022,2111300,53,1125
2022,2111300,55,1803
2022,2111300,56,11246
2022,2111300,58,125
2022,2111300,59,145
2022,2111300,60,748
2022,2111300,61,1425
2022,2111300,62,1937
2022,2111300,63,393
2022,2111300,64,2868
2022,2111300,65,357
2022,2111300,66,434
2022,2111300,68,2460
2022,2111300,69,2447
2022,2111300,70,407
2022,2111300,71,4695
2022,2111300,72,59
2022,2111300,73,470
2022,2111300,74,528
2022,2111300,75,131
2022,2111300,77,1936
2022,2111300,78,4977
2022,2111300,79,196
2022,2111300,80,10028
2022,2111300,81,12293
2022,2111300,82,16450
2022,2111300,84,97066
2022,2111300,85,25873
2022,2111300,86,36896
2022,2111300,87,815
2022,2111300,88,704
2022,2111300,90,54
2022,2111300,91,49
2022,2111300,93,1125
2022,2111300,94,18921
2022,2111300,95,532
2022,2111300,96,1748
2022,2111300,97,33
2022,2111300,99,3
2023,2111300,01,359
2023,2111300,02,14
2023,2111300,03,40
2023,2111300,06,2
2023,2111300,07,244
2023,2111300,08,85
2023,2111300,09,174
2023,2111300,10,2936
2023,2111300,11,1674
2023,2111300,12,1
2023,2111300,13,140
2023,2111300,14,537
2023,2111300,15,19
2023,2111300,16,23
2023,2111300,17,17
2023,2111300,18,631
2023,2111300,19,13
2023,2111300,20,869
2023,2111300,22,314
2023,2111300,23,657
2023,2111300,24,2642
2023,2111300,25,2272
2023,2111300,27,36
2023,2111300,28,42
2023,2111300,29,104
2023,2111300,30,45
2023,2111300,31,292
2023,2111300,32,243
2023,2111300,33,1172
2023,2111300,35,1513
2023,2111300,36,1333
2023,2111300,37,208
2023,2111300,38,342
2023,2111300,39,3
2023,2111300,41,14453
2023,2111300,42,10325
2023,2111300,43,4991
2023,2111300,45,7266
2023,2111300,46,15487
2023,2111300,47,43433
2023,2111300,49,17916
2023,2111300,50,928
2023,2111300,51,186
2023,2111300,52,3641
2023,2111300,53,916
2023,2111300,55,1809
2023,2111300,56,12795
2023,2111300,58,124
2023,2111300,59,113
2023,2111300,60,688
2023,2111300,61,1312
2023,2111300,62,4185
2023,2111300,63,189
2023,2111300,64,2345
2023,2111300,65,352
2023,2111300,66,476
2023,2111300,68,3209
2023,2111300,69,2511
2023,2111300,70,416
2023,2111300,71,3572
2023,2111300,72,71
2023,2111300,73,614
2023,2111300,74,854
2023,2111300,75,212
2023,2111300,77,2272
2023,2111300,78,4204
2023,2111300,79,251
2023,2111300,80,10247
2023,2111300,81,13438
2023,2111300,82,14678
2023,2111300,84,101929
2023,2111300,85,34802
2023,2111300,86,55159
2023,2111300,87,749
2023,2111300,88,639
2023,2111300,90,91
2023,2111300,91,46
2023,2111300,93,1281
2023,2111300,94,16173
2023,2111300,95,481
2023,2111300,96,1805
2023,2111300,97,31
2002,2304400,NA,440636
2003,2304400,NA,445716
2004,2304400,NA,463172
2005,2304400,NA,496545
2006,2304400,00,56328
2006,2304400,01,1939
2006,2304400,02,9
2006,2304400,03,145
2006,2304400,05,1
2006,2304400,06,306
2006,2304400,07,4
2006,2304400,08,175
2006,2304400,09,31
2006,2304400,10,11715
2006,2304400,11,1592
2006,2304400,12,59
2006,2304400,13,3871
2006,2304400,14,27815
2006,2304400,15,3775
2006,2304400,16,874
2006,2304400,17,454
2006,2304400,18,1435
2006,2304400,19,659
2006,2304400,20,799
2006,2304400,21,686
2006,2304400,22,1800
2006,2304400,23,1065
2006,2304400,24,538
2006,2304400,25,1850
2006,2304400,26,272
2006,2304400,27,1051
2006,2304400,28,575
2006,2304400,29,337
2006,2304400,30,521
2006,2304400,31,1299
2006,2304400,32,522
2006,2304400,33,918
2006,2304400,35,1087
2006,2304400,36,265
2006,2304400,37,885
2006,2304400,38,4057
2006,2304400,41,16510
2006,2304400,42,7055
2006,2304400,43,3864
2006,2304400,45,10718
2006,2304400,46,14405
2006,2304400,47,68711
2006,2304400,49,17072
2006,2304400,50,364
2006,2304400,51,566
2006,2304400,52,3052
2006,2304400,53,3594
2006,2304400,55,4116
2006,2304400,56,17010
2006,2304400,58,2352
2006,2304400,59,365
2006,2304400,60,1439
2006,2304400,61,1107
2006,2304400,62,2065
2006,2304400,63,975
2006,2304400,64,7627
2006,2304400,65,1441
2006,2304400,66,975
2006,2304400,68,2027
2006,2304400,69,2220
2006,2304400,70,1329
2006,2304400,71,1979
2006,2304400,72,459
2006,2304400,73,609
2006,2304400,74,671
2006,2304400,75,39
2006,2304400,77,2554
2006,2304400,78,21049
2006,2304400,79,832
2006,2304400,80,4902
2006,2304400,81,16199
2006,2304400,82,12907
2006,2304400,84,72202
2006,2304400,85,23503
2006,2304400,86,17220
2006,2304400,87,582
2006,2304400,88,921
2006,2304400,90,94
2006,2304400,91,12
2006,2304400,92,24
2006,2304400,93,2025
2006,2304400,94,17241
2006,2304400,95,1601
2006,2304400,96,4406
2006,2304400,97,88
2006,2304400,99,2
2007,2304400,00,71830
2007,2304400,01,2215
2007,2304400,02,42
2007,2304400,03,78
2007,2304400,05,2
2007,2304400,06,315
2007,2304400,07,9
2007,2304400,08,176
2007,2304400,09,56
2007,2304400,10,11511
2007,2304400,11,1728
2007,2304400,12,69
2007,2304400,13,4132
2007,2304400,14,32136
2007,2304400,15,3636
2007,2304400,16,608
2007,2304400,17,490
2007,2304400,18,1524
2007,2304400,19,631
2007,2304400,20,870
2007,2304400,21,610
2007,2304400,22,1496
2007,2304400,23,1015
2007,2304400,24,464
2007,2304400,25,2144
2007,2304400,26,321
2007,2304400,27,1182
2007,2304400,28,655
2007,2304400,29,364
2007,2304400,30,617
2007,2304400,31,1282
2007,2304400,32,718
2007,2304400,33,719
2007,2304400,35,1131
2007,2304400,36,1072
2007,2304400,37,11
2007,2304400,38,2578
2007,2304400,39,8
2007,2304400,41,16690
2007,2304400,42,7854
2007,2304400,43,4537
2007,2304400,45,11777
2007,2304400,46,16332
2007,2304400,47,74709
2007,2304400,49,17515
2007,2304400,50,400
2007,2304400,51,951
2007,2304400,52,3242
2007,2304400,53,3980
2007,2304400,55,4122
2007,2304400,56,17958
2007,2304400,58,2538
2007,2304400,59,355
2007,2304400,60,1403
2007,2304400,61,1092
2007,2304400,62,2477
2007,2304400,63,969
2007,2304400,64,7686
2007,2304400,65,1547
2007,2304400,66,1123
2007,2304400,68,1738
2007,2304400,69,2624
2007,2304400,70,993
2007,2304400,71,1289
2007,2304400,72,492
2007,2304400,73,587
2007,2304400,74,670
2007,2304400,75,39
2007,2304400,77,2669
2007,2304400,78,18348
2007,2304400,79,826
2007,2304400,80,7006
2007,2304400,81,21468
2007,2304400,82,13970
2007,2304400,84,67682
2007,2304400,85,26393
2007,2304400,86,17294
2007,2304400,87,1623
2007,2304400,88,1229
2007,2304400,90,180
2007,2304400,91,3
2007,2304400,92,15
2007,2304400,93,2008
2007,2304400,94,17199
2007,2304400,95,1747
2007,2304400,96,4592
2007,2304400,97,88
2007,2304400,99,1
2008,2304400,00,2779
2008,2304400,01,2332
2008,2304400,02,6
2008,2304400,03,53
2008,2304400,06,334
2008,2304400,07,11
2008,2304400,08,165
2008,2304400,09,49
2008,2304400,10,11260
2008,2304400,11,1858
2008,2304400,12,76
2008,2304400,13,3314
2008,2304400,14,34673
2008,2304400,15,3340
2008,2304400,16,769
2008,2304400,17,515
2008,2304400,18,1813
2008,2304400,19,629
2008,2304400,20,782
2008,2304400,21,467
2008,2304400,22,1506
2008,2304400,23,1004
2008,2304400,24,366
2008,2304400,25,2304
2008,2304400,26,364
2008,2304400,27,1182
2008,2304400,28,859
2008,2304400,29,461
2008,2304400,30,720
2008,2304400,31,1317
2008,2304400,32,790
2008,2304400,33,827
2008,2304400,35,1126
2008,2304400,36,1085
2008,2304400,37,28
2008,2304400,38,2488
2008,2304400,39,2
2008,2304400,41,20821
2008,2304400,42,9534
2008,2304400,43,6168
2008,2304400,45,13026
2008,2304400,46,18340
2008,2304400,47,79116
2008,2304400,49,17738
2008,2304400,50,404
2008,2304400,51,968
2008,2304400,52,3425
2008,2304400,53,3562
2008,2304400,55,4267
2008,2304400,56,19438
2008,2304400,58,2411
2008,2304400,59,370
2008,2304400,60,1482
2008,2304400,61,1158
2008,2304400,62,2418
2008,2304400,63,912
2008,2304400,64,8953
2008,2304400,65,1989
2008,2304400,66,1098
2008,2304400,68,1465
2008,2304400,69,2889
2008,2304400,70,936
2008,2304400,71,1312
2008,2304400,72,520
2008,2304400,73,699
2008,2304400,74,817
2008,2304400,75,43
2008,2304400,77,3486
2008,2304400,78,21996
2008,2304400,79,1153
2008,2304400,80,7762
2008,2304400,81,26008
2008,2304400,82,17672
2008,2304400,84,148599
2008,2304400,85,31566
2008,2304400,86,19896
2008,2304400,87,1759
2008,2304400,88,1439
2008,2304400,90,185
2008,2304400,91,5
2008,2304400,92,9
2008,2304400,93,2142
2008,2304400,94,16015
2008,2304400,95,2194
2008,2304400,96,4764
2008,2304400,97,102
2008,2304400,99,5
2009,2304400,01,1701
2009,2304400,02,5
2009,2304400,03,59
2009,2304400,06,318
2009,2304400,07,2
2009,2304400,08,170
2009,2304400,09,54
2009,2304400,10,11539
2009,2304400,11,2485
2009,2304400,12,85
2009,2304400,13,3355
2009,2304400,14,35772
2009,2304400,15,4068
2009,2304400,16,626
2009,2304400,17,490
2009,2304400,18,1912
2009,2304400,19,621
2009,2304400,20,803
2009,2304400,21,526
2009,2304400,22,1524
2009,2304400,23,1224
2009,2304400,24,438
2009,2304400,25,2406
2009,2304400,26,259
2009,2304400,27,1285
2009,2304400,28,883
2009,2304400,29,520
2009,2304400,30,724
2009,2304400,31,1419
2009,2304400,32,867
2009,2304400,33,1038
2009,2304400,35,1221
2009,2304400,36,1041
2009,2304400,37,27
2009,2304400,38,2621
2009,2304400,39,23
2009,2304400,41,26304
2009,2304400,42,12750
2009,2304400,43,7526
2009,2304400,45,14054
2009,2304400,46,20062
2009,2304400,47,84908
2009,2304400,49,19023
2009,2304400,50,400
2009,2304400,51,903
2009,2304400,52,4134
2009,2304400,53,3148
2009,2304400,55,4511
2009,2304400,56,20471
2009,2304400,58,2571
2009,2304400,59,439
2009,2304400,60,1636
2009,2304400,61,1126
2009,2304400,62,2792
2009,2304400,63,835
2009,2304400,64,8819
2009,2304400,65,2064
2009,2304400,66,1194
2009,2304400,68,2129
2009,2304400,69,3736
2009,2304400,70,883
2009,2304400,71,3162
2009,2304400,72,551
2009,2304400,73,1147
2009,2304400,74,1397
2009,2304400,75,34
2009,2304400,77,3476
2009,2304400,78,23414
2009,2304400,79,1106
2009,2304400,80,8996
2009,2304400,81,26058
2009,2304400,82,21953
2009,2304400,84,152654
2009,2304400,85,33558
2009,2304400,86,24053
2009,2304400,87,1908
2009,2304400,88,1372
2009,2304400,90,247
2009,2304400,91,3
2009,2304400,92,6
2009,2304400,93,2342
2009,2304400,94,17316
2009,2304400,95,2201
2009,2304400,96,5096
2009,2304400,97,155
2009,2304400,99,11
2010,2304400,01,1697
2010,2304400,02,6
2010,2304400,03,56
2010,2304400,06,3
2010,2304400,08,263
2010,2304400,10,12280
2010,2304400,11,2412
2010,2304400,12,106
2010,2304400,13,3719
2010,2304400,14,38687
2010,2304400,15,4315
2010,2304400,16,870
2010,2304400,17,640
2010,2304400,18,2106
2010,2304400,19,1001
2010,2304400,20,893
2010,2304400,21,520
2010,2304400,22,1548
2010,2304400,23,1345
2010,2304400,24,336
2010,2304400,25,2896
2010,2304400,26,526
2010,2304400,27,1207
2010,2304400,28,930
2010,2304400,29,580
2010,2304400,30,1159
2010,2304400,31,1640
2010,2304400,32,1122
2010,2304400,33,1385
2010,2304400,35,1206
2010,2304400,36,999
2010,2304400,37,11
2010,2304400,38,2799
2010,2304400,39,27
2010,2304400,41,36993
2010,2304400,42,15049
2010,2304400,43,9038
2010,2304400,45,15953
2010,2304400,46,20844
2010,2304400,47,93162
2010,2304400,49,19525
2010,2304400,50,410
2010,2304400,51,849
2010,2304400,52,3605
2010,2304400,53,3355
2010,2304400,55,4540
2010,2304400,56,23388
2010,2304400,58,2584
2010,2304400,59,606
2010,2304400,60,1783
2010,2304400,61,1744
2010,2304400,62,4310
2010,2304400,63,571
2010,2304400,64,9231
2010,2304400,65,2149
2010,2304400,66,1195
2010,2304400,68,2226
2010,2304400,69,4607
2010,2304400,70,2738
2010,2304400,71,2866
2010,2304400,72,594
2010,2304400,73,1040
2010,2304400,74,1540
2010,2304400,75,39
2010,2304400,77,6785
2010,2304400,78,26765
2010,2304400,79,1215
2010,2304400,80,10403
2010,2304400,81,30127
2010,2304400,82,23160
2010,2304400,84,157368
2010,2304400,85,34864
2010,2304400,86,20368
2010,2304400,87,498
2010,2304400,88,1437
2010,2304400,90,293
2010,2304400,91,3
2010,2304400,92,63
2010,2304400,93,2511
2010,2304400,94,25795
2010,2304400,95,2448
2010,2304400,96,5528
2010,2304400,97,66
2010,2304400,99,4
2011,2304400,01,2132
2011,2304400,02,1
2011,2304400,03,59
2011,2304400,06,80
2011,2304400,07,1
2011,2304400,08,245
2011,2304400,09,14
2011,2304400,10,12479
2011,2304400,11,2639
2011,2304400,12,102
2011,2304400,13,3872
2011,2304400,14,36932
2011,2304400,15,4204
2011,2304400,16,678
2011,2304400,17,621
2011,2304400,18,2441
2011,2304400,19,678
2011,2304400,20,933
2011,2304400,21,376
2011,2304400,22,1478
2011,2304400,23,1358
2011,2304400,24,262
2011,2304400,25,3175
2011,2304400,26,690
2011,2304400,27,1061
2011,2304400,28,988
2011,2304400,29,650
2011,2304400,30,721
2011,2304400,31,1825
2011,2304400,32,952
2011,2304400,33,2065
2011,2304400,35,1337
2011,2304400,36,994
2011,2304400,37,11
2011,2304400,38,2688
2011,2304400,39,27
2011,2304400,41,45017
2011,2304400,42,16498
2011,2304400,43,8803
2011,2304400,45,16933
2011,2304400,46,24378
2011,2304400,47,100215
2011,2304400,49,22258
2011,2304400,50,442
2011,2304400,51,913
2011,2304400,52,4513
2011,2304400,53,3570
2011,2304400,55,4764
2011,2304400,56,25520
2011,2304400,58,2311
2011,2304400,59,620
2011,2304400,60,1710
2011,2304400,61,1908
2011,2304400,62,4977
2011,2304400,63,781
2011,2304400,64,10019
2011,2304400,65,2370
2011,2304400,66,1081
2011,2304400,68,2010
2011,2304400,69,5592
2011,2304400,70,922
2011,2304400,71,3350
2011,2304400,72,735
2011,2304400,73,1313
2011,2304400,74,4289
2011,2304400,75,36
2011,2304400,77,4391
2011,2304400,78,38336
2011,2304400,79,1365
2011,2304400,80,12274
2011,2304400,81,19898
2011,2304400,82,26796
2011,2304400,84,157009
2011,2304400,85,38791
2011,2304400,86,21982
2011,2304400,87,748
2011,2304400,88,1026
2011,2304400,90,336
2011,2304400,91,4
2011,2304400,92,9
2011,2304400,93,2976
2011,2304400,94,25204
2011,2304400,95,3190
2011,2304400,96,5916
2011,2304400,97,140
2011,2304400,99,9
2012,2304400,01,2251
2012,2304400,02,2
2012,2304400,03,51
2012,2304400,06,95
2012,2304400,08,210
2012,2304400,09,9
2012,2304400,10,12545
2012,2304400,11,2545
2012,2304400,12,99
2012,2304400,13,4047
2012,2304400,14,35807
2012,2304400,15,4317
2012,2304400,16,622
2012,2304400,17,642
2012,2304400,18,2674
2012,2304400,19,998
2012,2304400,20,1086
2012,2304400,21,190
2012,2304400,22,1589
2012,2304400,23,2218
2012,2304400,24,295
2012,2304400,25,6858
2012,2304400,26,467
2012,2304400,27,528
2012,2304400,28,1323
2012,2304400,29,587
2012,2304400,30,679
2012,2304400,31,1735
2012,2304400,32,874
2012,2304400,33,2972
2012,2304400,35,1360
2012,2304400,36,1044
2012,2304400,37,15
2012,2304400,38,1596
2012,2304400,39,35
2012,2304400,41,43550
2012,2304400,42,15677
2012,2304400,43,10965
2012,2304400,45,17682
2012,2304400,46,25060
2012,2304400,47,105736
2012,2304400,49,24704
2012,2304400,50,510
2012,2304400,51,924
2012,2304400,52,4039
2012,2304400,53,3496
2012,2304400,55,4984
2012,2304400,56,27198
2012,2304400,58,2359
2012,2304400,59,591
2012,2304400,60,1802
2012,2304400,61,2777
2012,2304400,62,5705
2012,2304400,63,791
2012,2304400,64,10379
2012,2304400,65,3622
2012,2304400,66,984
2012,2304400,68,2669
2012,2304400,69,6035
2012,2304400,70,831
2012,2304400,71,3596
2012,2304400,72,864
2012,2304400,73,1256
2012,2304400,74,2322
2012,2304400,75,60
2012,2304400,77,4710
2012,2304400,78,39587
2012,2304400,79,1290
2012,2304400,80,14134
2012,2304400,81,26013
2012,2304400,82,27919
2012,2304400,84,156580
2012,2304400,85,42098
2012,2304400,86,24168
2012,2304400,87,837
2012,2304400,88,1230
2012,2304400,90,352
2012,2304400,91,8
2012,2304400,92,10
2012,2304400,93,3368
2012,2304400,94,25006
2012,2304400,95,2963
2012,2304400,96,6159
2012,2304400,97,76
2012,2304400,99,4
2013,2304400,01,2331
2013,2304400,02,2
2013,2304400,03,63
2013,2304400,05,4
2013,2304400,06,108
2013,2304400,08,185
2013,2304400,09,7
2013,2304400,10,12728
2013,2304400,11,2343
2013,2304400,12,111
2013,2304400,13,3692
2013,2304400,14,35066
2013,2304400,15,4222
2013,2304400,16,537
2013,2304400,17,637
2013,2304400,18,2545
2013,2304400,19,901
2013,2304400,20,1015
2013,2304400,21,97
2013,2304400,22,1222
2013,2304400,23,1921
2013,2304400,24,432
2013,2304400,25,6412
2013,2304400,26,457
2013,2304400,27,475
2013,2304400,28,1254
2013,2304400,29,592
2013,2304400,30,649
2013,2304400,31,1648
2013,2304400,32,917
2013,2304400,33,2596
2013,2304400,35,1358
2013,2304400,36,1164
2013,2304400,37,25
2013,2304400,38,1769
2013,2304400,39,31
2013,2304400,41,44762
2013,2304400,42,16095
2013,2304400,43,10868
2013,2304400,45,17538
2013,2304400,46,26090
2013,2304400,47,108859
2013,2304400,49,24768
2013,2304400,50,341
2013,2304400,51,915
2013,2304400,52,5266
2013,2304400,53,3946
2013,2304400,55,5455
2013,2304400,56,28982
2013,2304400,58,2210
2013,2304400,59,593
2013,2304400,60,1864
2013,2304400,61,3687
2013,2304400,62,6533
2013,2304400,63,809
2013,2304400,64,10301
2013,2304400,65,3439
2013,2304400,66,1173
2013,2304400,68,4245
2013,2304400,69,6197
2013,2304400,70,997
2013,2304400,71,3876
2013,2304400,72,952
2013,2304400,73,1322
2013,2304400,74,3201
2013,2304400,75,59
2013,2304400,77,5703
2013,2304400,78,39756
2013,2304400,79,1215
2013,2304400,80,16615
2013,2304400,81,24304
2013,2304400,82,30785
2013,2304400,84,147302
2013,2304400,85,43855
2013,2304400,86,26414
2013,2304400,87,953
2013,2304400,88,1396
2013,2304400,90,363
2013,2304400,91,6
2013,2304400,92,4
2013,2304400,93,3527
2013,2304400,94,19546
2013,2304400,95,2861
2013,2304400,96,6594
2013,2304400,97,77
2013,2304400,99,8
2014,2304400,01,2161
2014,2304400,02,2
2014,2304400,03,79
2014,2304400,05,4
2014,2304400,06,108
2014,2304400,08,108
2014,2304400,09,14
2014,2304400,10,13113
2014,2304400,11,2480
2014,2304400,12,132
2014,2304400,13,3649
2014,2304400,14,34644
2014,2304400,15,4260
2014,2304400,16,545
2014,2304400,17,738
2014,2304400,18,2666
2014,2304400,19,661
2014,2304400,20,1016
2014,2304400,21,91
2014,2304400,22,1226
2014,2304400,23,2025
2014,2304400,24,525
2014,2304400,25,6345
2014,2304400,26,452
2014,2304400,27,415
2014,2304400,28,1359
2014,2304400,29,568
2014,2304400,30,601
2014,2304400,31,1436
2014,2304400,32,977
2014,2304400,33,3370
2014,2304400,35,1284
2014,2304400,36,1145
2014,2304400,37,26
2014,2304400,38,2527
2014,2304400,39,37
2014,2304400,41,46992
2014,2304400,42,13661
2014,2304400,43,11854
2014,2304400,45,17644
2014,2304400,46,25993
2014,2304400,47,112235
2014,2304400,49,25630
2014,2304400,50,339
2014,2304400,51,943
2014,2304400,52,5335
2014,2304400,53,3828
2014,2304400,55,5552
2014,2304400,56,32021
2014,2304400,58,2174
2014,2304400,59,716
2014,2304400,60,1492
2014,2304400,61,4282
2014,2304400,62,5033
2014,2304400,63,847
2014,2304400,64,10722
2014,2304400,65,3541
2014,2304400,66,1183
2014,2304400,68,3081
2014,2304400,69,6543
2014,2304400,70,1857
2014,2304400,71,3667
2014,2304400,72,925
2014,2304400,73,1475
2014,2304400,74,3264
2014,2304400,75,62
2014,2304400,77,5668
2014,2304400,78,42425
2014,2304400,79,1175
2014,2304400,80,16739
2014,2304400,81,26446
2014,2304400,82,38595
2014,2304400,84,153978
2014,2304400,85,46626
2014,2304400,86,29121
2014,2304400,87,1002
2014,2304400,88,1430
2014,2304400,90,391
2014,2304400,91,10
2014,2304400,92,13
2014,2304400,93,3234
2014,2304400,94,18348
2014,2304400,95,2798
2014,2304400,96,6502
2014,2304400,97,91
2014,2304400,99,8
2015,2304400,01,2277
2015,2304400,02,1
2015,2304400,03,82
2015,2304400,06,98
2015,2304400,08,105
2015,2304400,09,12
2015,2304400,10,13427
2015,2304400,11,2171
2015,2304400,12,116
2015,2304400,13,3844
2015,2304400,14,29989
2015,2304400,15,3696
2015,2304400,16,463
2015,2304400,17,672
2015,2304400,18,2564
2015,2304400,19,319
2015,2304400,20,977
2015,2304400,21,87
2015,2304400,22,1153
2015,2304400,23,1750
2015,2304400,24,456
2015,2304400,25,2639
2015,2304400,26,424
2015,2304400,27,382
2015,2304400,28,1300
2015,2304400,29,573
2015,2304400,30,644
2015,2304400,31,1464
2015,2304400,32,1057
2015,2304400,33,3143
2015,2304400,35,1311
2015,2304400,36,1180
2015,2304400,37,29
2015,2304400,38,3160
2015,2304400,39,37
2015,2304400,41,40045
2015,2304400,42,12097
2015,2304400,43,10509
2015,2304400,45,17037
2015,2304400,46,23673
2015,2304400,47,109734
2015,2304400,49,24396
2015,2304400,50,341
2015,2304400,51,913
2015,2304400,52,5137
2015,2304400,53,3484
2015,2304400,55,5413
2015,2304400,56,31312
2015,2304400,58,1883
2015,2304400,59,586
2015,2304400,60,1459
2015,2304400,61,4275
2015,2304400,62,5661
2015,2304400,63,1271
2015,2304400,64,10929
2015,2304400,65,3547
2015,2304400,66,1519
2015,2304400,68,3972
2015,2304400,69,6590
2015,2304400,70,1304
2015,2304400,71,2844
2015,2304400,72,854
2015,2304400,73,1528
2015,2304400,74,2791
2015,2304400,75,95
2015,2304400,77,5670
2015,2304400,78,41367
2015,2304400,79,1136
2015,2304400,80,15360
2015,2304400,81,26096
2015,2304400,82,38054
2015,2304400,84,166816
2015,2304400,85,48400
2015,2304400,86,28901
2015,2304400,87,1111
2015,2304400,88,1530
2015,2304400,90,466
2015,2304400,91,8
2015,2304400,92,11
2015,2304400,93,3405
2015,2304400,94,19386
2015,2304400,95,2910
2015,2304400,96,6151
2015,2304400,97,87
2015,2304400,99,8
2016,2304400,01,2114
2016,2304400,02,2
2016,2304400,03,58
2016,2304400,06,89
2016,2304400,08,58
2016,2304400,09,8
2016,2304400,10,13011
2016,2304400,11,1989
2016,2304400,12,121
2016,2304400,13,3133
2016,2304400,14,26880
2016,2304400,15,2971
2016,2304400,16,407
2016,2304400,17,644
2016,2304400,18,2358
2016,2304400,19,316
2016,2304400,20,981
2016,2304400,21,73
2016,2304400,22,1235
2016,2304400,23,1929
2016,2304400,24,266
2016,2304400,25,2207
2016,2304400,26,309
2016,2304400,27,3234
2016,2304400,28,1063
2016,2304400,29,470
2016,2304400,30,666
2016,2304400,31,1294
2016,2304400,32,992
2016,2304400,33,2239
2016,2304400,35,1601
2016,2304400,36,1142
2016,2304400,37,32
2016,2304400,38,2581
2016,2304400,39,30
2016,2304400,41,25533
2016,2304400,42,11544
2016,2304400,43,8613
2016,2304400,45,15629
2016,2304400,46,22813
2016,2304400,47,103057
2016,2304400,49,23855
2016,2304400,50,227
2016,2304400,51,802
2016,2304400,52,4965
2016,2304400,53,3814
2016,2304400,55,5221
2016,2304400,56,29197
2016,2304400,58,1746
2016,2304400,59,669
2016,2304400,60,1396
2016,2304400,61,3988
2016,2304400,62,5398
2016,2304400,63,1408
2016,2304400,64,10482
2016,2304400,65,3614
2016,2304400,66,1437
2016,2304400,68,3308
2016,2304400,69,6604
2016,2304400,70,921
2016,2304400,71,2424
2016,2304400,72,719
2016,2304400,73,1521
2016,2304400,74,2046
2016,2304400,75,112
2016,2304400,77,5528
2016,2304400,78,40358
2016,2304400,79,960
2016,2304400,80,14896
2016,2304400,81,26606
2016,2304400,82,40446
2016,2304400,84,153785
2016,2304400,85,48873
2016,2304400,86,29717
2016,2304400,87,999
2016,2304400,88,1452
2016,2304400,90,504
2016,2304400,91,11
2016,2304400,92,10
2016,2304400,93,3490
2016,2304400,94,17547
2016,2304400,95,2665
2016,2304400,96,5562
2016,2304400,97,48
2016,2304400,99,10
2017,2304400,01,2063
2017,2304400,02,2
2017,2304400,03,61
2017,2304400,06,64
2017,2304400,08,61
2017,2304400,09,7
2017,2304400,10,12552
2017,2304400,11,1830
2017,2304400,13,3063
2017,2304400,14,26386
2017,2304400,15,2905
2017,2304400,16,343
2017,2304400,17,603
2017,2304400,18,2325
2017,2304400,19,280
2017,2304400,20,889
2017,2304400,21,170
2017,2304400,22,950
2017,2304400,23,1497
2017,2304400,24,196
2017,2304400,25,2091
2017,2304400,26,278
2017,2304400,27,3009
2017,2304400,28,958
2017,2304400,29,397
2017,2304400,30,696
2017,2304400,31,1039
2017,2304400,32,902
2017,2304400,33,2465
2017,2304400,35,1311
2017,2304400,36,1173
2017,2304400,37,25
2017,2304400,38,2818
2017,2304400,39,35
2017,2304400,41,21757
2017,2304400,42,10497
2017,2304400,43,8947
2017,2304400,45,15390
2017,2304400,46,23511
2017,2304400,47,100631
2017,2304400,49,24062
2017,2304400,50,206
2017,2304400,51,811
2017,2304400,52,4646
2017,2304400,53,3667
2017,2304400,55,4870
2017,2304400,56,29734
2017,2304400,58,1479
2017,2304400,59,642
2017,2304400,60,1330
2017,2304400,61,4316
2017,2304400,62,5687
2017,2304400,63,1133
2017,2304400,64,10218
2017,2304400,65,3808
2017,2304400,66,1632
2017,2304400,68,2941
2017,2304400,69,6439
2017,2304400,70,987
2017,2304400,71,2811
2017,2304400,72,680
2017,2304400,73,1644
2017,2304400,74,1209
2017,2304400,75,169
2017,2304400,77,5163
2017,2304400,78,43927
2017,2304400,79,966
2017,2304400,80,13437
2017,2304400,81,21714
2017,2304400,82,41376
2017,2304400,84,164357
2017,2304400,85,49182
2017,2304400,86,30857
2017,2304400,87,1333
2017,2304400,88,1669
2017,2304400,90,445
2017,2304400,91,19
2017,2304400,92,41
2017,2304400,93,3458
2017,2304400,94,18298
2017,2304400,95,2598
2017,2304400,96,4958
2017,2304400,97,27
2017,2304400,99,2
2018,2304400,01,2101
2018,2304400,02,2
2018,2304400,03,48
2018,2304400,06,65
2018,2304400,07,12
2018,2304400,08,32
2018,2304400,09,7
2018,2304400,10,12703
2018,2304400,11,1833
2018,2304400,13,3016
2018,2304400,14,25182
2018,2304400,15,3036
2018,2304400,16,285
2018,2304400,17,588
2018,2304400,18,2324
2018,2304400,19,239
2018,2304400,20,774
2018,2304400,21,151
2018,2304400,22,816
2018,2304400,23,1495
2018,2304400,24,1627
2018,2304400,25,1951
2018,2304400,26,253
2018,2304400,27,3173
2018,2304400,28,992
2018,2304400,29,379
2018,2304400,30,527
2018,2304400,31,1088
2018,2304400,32,802
2018,2304400,33,2414
2018,2304400,35,1224
2018,2304400,36,1116
2018,2304400,37,117
2018,2304400,38,2996
2018,2304400,39,15
2018,2304400,41,18960
2018,2304400,42,12104
2018,2304400,43,6935
2018,2304400,45,15562
2018,2304400,46,22905
2018,2304400,47,98610
2018,2304400,49,23785
2018,2304400,50,200
2018,2304400,51,1182
2018,2304400,52,4862
2018,2304400,53,4264
2018,2304400,55,4920
2018,2304400,56,29868
2018,2304400,58,1310
2018,2304400,59,585
2018,2304400,60,1247
2018,2304400,61,4530
2018,2304400,62,6266
2018,2304400,63,1038
2018,2304400,64,10564
2018,2304400,65,4235
2018,2304400,66,1837
2018,2304400,68,4247
2018,2304400,69,6987
2018,2304400,70,1003
2018,2304400,71,2474
2018,2304400,72,457
2018,2304400,73,1743
2018,2304400,74,1546
2018,2304400,75,151
2018,2304400,77,4956
2018,2304400,78,48430
2018,2304400,79,984
2018,2304400,80,16735
2018,2304400,81,22747
2018,2304400,82,38848
2018,2304400,84,152264
2018,2304400,85,48898
2018,2304400,86,35429
2018,2304400,87,1284
2018,2304400,88,1734
2018,2304400,90,400
2018,2304400,91,22
2018,2304400,92,10
2018,2304400,93,3837
2018,2304400,94,17095
2018,2304400,95,2261
2018,2304400,96,4658
2018,2304400,97,57
2018,2304400,99,3
2019,2304400,01,1557
2019,2304400,02,1
2019,2304400,03,42
2019,2304400,06,67
2019,2304400,07,13
2019,2304400,08,64
2019,2304400,09,5
2019,2304400,10,12977
2019,2304400,11,1767
2019,2304400,13,2899
2019,2304400,14,25001
2019,2304400,15,2673
2019,2304400,16,228
2019,2304400,17,544
2019,2304400,18,2343
2019,2304400,19,234
2019,2304400,20,855
2019,2304400,21,95
2019,2304400,22,662
2019,2304400,23,1062
2019,2304400,24,314
2019,2304400,25,1756
2019,2304400,26,185
2019,2304400,27,206
2019,2304400,28,767
2019,2304400,29,346
2019,2304400,30,400
2019,2304400,31,991
2019,2304400,32,914
2019,2304400,33,3021
2019,2304400,35,1070
2019,2304400,36,1063
2019,2304400,37,29
2019,2304400,38,2967
2019,2304400,39,16
2019,2304400,41,22901
2019,2304400,42,9977
2019,2304400,43,8369
2019,2304400,45,15568
2019,2304400,46,22909
2019,2304400,47,97278
2019,2304400,49,19608
2019,2304400,50,189
2019,2304400,51,1429
2019,2304400,52,4669
2019,2304400,53,4246
2019,2304400,55,5139
2019,2304400,56,28980
2019,2304400,58,937
2019,2304400,59,565
2019,2304400,60,1387
2019,2304400,61,5708
2019,2304400,62,6246
2019,2304400,63,979
2019,2304400,64,10947
2019,2304400,65,3954
2019,2304400,66,2508
2019,2304400,68,3885
2019,2304400,69,6701
2019,2304400,70,804
2019,2304400,71,3810
2019,2304400,72,424
2019,2304400,73,2145
2019,2304400,74,1624
2019,2304400,75,224
2019,2304400,77,5614
2019,2304400,78,49426
2019,2304400,79,953
2019,2304400,80,16413
2019,2304400,81,20013
2019,2304400,82,42459
2019,2304400,84,147339
2019,2304400,85,48607
2019,2304400,86,38016
2019,2304400,87,1016
2019,2304400,88,1782
2019,2304400,90,457
2019,2304400,91,24
2019,2304400,92,10
2019,2304400,93,4198
2019,2304400,94,15247
2019,2304400,95,2114
2019,2304400,96,4336
2019,2304400,97,23
2019,2304400,99,3
2020,2304400,01,1240
2020,2304400,02,1
2020,2304400,03,35
2020,2304400,06,53
2020,2304400,07,13
2020,2304400,08,32
2020,2304400,09,5
2020,2304400,10,11830
2020,2304400,11,1666
2020,2304400,13,3061
2020,2304400,14,21612
2020,2304400,15,2917
2020,2304400,16,295
2020,2304400,17,592
2020,2304400,18,1957
2020,2304400,19,203
2020,2304400,20,818
2020,2304400,21,93
2020,2304400,22,572
2020,2304400,23,948
2020,2304400,24,176
2020,2304400,25,1713
2020,2304400,26,147
2020,2304400,27,191
2020,2304400,28,822
2020,2304400,29,361
2020,2304400,30,388
2020,2304400,31,1013
2020,2304400,32,928
2020,2304400,33,2879
2020,2304400,35,1129
2020,2304400,36,1080
2020,2304400,37,31
2020,2304400,38,2997
2020,2304400,39,21
2020,2304400,41,24709
2020,2304400,42,10517
2020,2304400,43,8814
2020,2304400,45,14341
2020,2304400,46,21944
2020,2304400,47,92322
2020,2304400,49,18029
2020,2304400,50,117
2020,2304400,51,974
2020,2304400,52,4347
2020,2304400,53,4836
2020,2304400,55,4019
2020,2304400,56,24173
2020,2304400,58,1161
2020,2304400,59,463
2020,2304400,60,1349
2020,2304400,61,5952
2020,2304400,62,26461
2020,2304400,63,1599
2020,2304400,64,10324
2020,2304400,65,4361
2020,2304400,66,2482
2020,2304400,68,4897
2020,2304400,69,6757
2020,2304400,70,699
2020,2304400,71,3516
2020,2304400,72,780
2020,2304400,73,2387
2020,2304400,74,1692
2020,2304400,75,251
2020,2304400,77,5302
2020,2304400,78,38628
2020,2304400,79,564
2020,2304400,80,16122
2020,2304400,81,19327
2020,2304400,82,39949
2020,2304400,84,141791
2020,2304400,85,61848
2020,2304400,86,40529
2020,2304400,87,1245
2020,2304400,88,1666
2020,2304400,90,220
2020,2304400,91,22
2020,2304400,92,11
2020,2304400,93,3993
2020,2304400,94,11119
2020,2304400,95,2037
2020,2304400,96,3867
2020,2304400,97,25
2020,2304400,99,3
2021,2304400,01,1149
2021,2304400,02,1
2021,2304400,03,47
2021,2304400,06,2
2021,2304400,07,15
2021,2304400,08,59
2021,2304400,09,13
2021,2304400,10,11958
2021,2304400,11,1646
2021,2304400,13,3345
2021,2304400,14,22524
2021,2304400,15,2498
2021,2304400,16,276
2021,2304400,17,573
2021,2304400,18,2067
2021,2304400,19,207
2021,2304400,20,788
2021,2304400,21,91
2021,2304400,22,530
2021,2304400,23,1013
2021,2304400,24,187
2021,2304400,25,1791
2021,2304400,26,129
2021,2304400,27,246
2021,2304400,28,832
2021,2304400,29,356
2021,2304400,30,347
2021,2304400,31,1148
2021,2304400,32,1007
2021,2304400,33,3460
2021,2304400,35,1188
2021,2304400,36,1096
2021,2304400,37,41
2021,2304400,38,3140
2021,2304400,39,29
2021,2304400,41,26213
2021,2304400,42,11579
2021,2304400,43,9541
2021,2304400,45,14652
2021,2304400,46,23037
2021,2304400,47,93654
2021,2304400,49,17392
2021,2304400,50,167
2021,2304400,51,864
2021,2304400,52,4968
2021,2304400,53,5262
2021,2304400,55,3987
2021,2304400,56,24066
2021,2304400,58,1161
2021,2304400,59,403
2021,2304400,60,1190
2021,2304400,61,7377
2021,2304400,62,30515
2021,2304400,63,2106
2021,2304400,64,9910
2021,2304400,65,5844
2021,2304400,66,2885
2021,2304400,68,5236
2021,2304400,69,6958
2021,2304400,70,835
2021,2304400,71,4205
2021,2304400,72,871
2021,2304400,73,2655
2021,2304400,74,1892
2021,2304400,75,336
2021,2304400,77,5293
2021,2304400,78,40337
2021,2304400,79,544
2021,2304400,80,16516
2021,2304400,81,19816
2021,2304400,82,41095
2021,2304400,84,125848
2021,2304400,85,60535
2021,2304400,86,44534
2021,2304400,87,1286
2021,2304400,88,1606
2021,2304400,90,252
2021,2304400,91,32
2021,2304400,92,7
2021,2304400,93,3868
2021,2304400,94,12784
2021,2304400,95,2105
2021,2304400,96,4247
2021,2304400,97,22
2021,2304400,99,3
2022,2304400,01,818
2022,2304400,02,1
2022,2304400,03,179
2022,2304400,07,13
2022,2304400,08,60
2022,2304400,09,56
2022,2304400,10,12886
2022,2304400,11,1269
2022,2304400,13,3294
2022,2304400,14,22350
2022,2304400,15,2380
2022,2304400,16,392
2022,2304400,17,616
2022,2304400,18,1992
2022,2304400,19,214
2022,2304400,20,841
2022,2304400,21,103
2022,2304400,22,640
2022,2304400,23,1021
2022,2304400,24,82
2022,2304400,25,2161
2022,2304400,26,117
2022,2304400,27,197
2022,2304400,28,822
2022,2304400,29,362
2022,2304400,30,346
2022,2304400,31,1413
2022,2304400,32,1514
2022,2304400,33,3280
2022,2304400,35,1123
2022,2304400,36,1085
2022,2304400,37,59
2022,2304400,38,3938
2022,2304400,39,11
2022,2304400,41,23241
2022,2304400,42,12863
2022,2304400,43,10746
2022,2304400,45,16264
2022,2304400,46,24696
2022,2304400,47,95260
2022,2304400,49,17695
2022,2304400,50,199
2022,2304400,51,867
2022,2304400,52,6270
2022,2304400,53,5596
2022,2304400,55,4491
2022,2304400,56,29574
2022,2304400,58,1037
2022,2304400,59,473
2022,2304400,60,1213
2022,2304400,61,6446
2022,2304400,62,32736
2022,2304400,63,2416
2022,2304400,64,9995
2022,2304400,65,6098
2022,2304400,66,3028
2022,2304400,68,5100
2022,2304400,69,7844
2022,2304400,70,2593
2022,2304400,71,4540
2022,2304400,72,1273
2022,2304400,73,3904
2022,2304400,74,2376
2022,2304400,75,423
2022,2304400,77,5964
2022,2304400,78,51470
2022,2304400,79,618
2022,2304400,80,17962
2022,2304400,81,21634
2022,2304400,82,51483
2022,2304400,84,148274
2022,2304400,85,52144
2022,2304400,86,48322
2022,2304400,87,1415
2022,2304400,88,1685
2022,2304400,90,391
2022,2304400,91,21
2022,2304400,92,14
2022,2304400,93,4397
2022,2304400,94,11556
2022,2304400,95,1712
2022,2304400,96,4835
2022,2304400,97,26
2022,2304400,99,12
2023,2304400,01,757
2023,2304400,03,167
2023,2304400,07,9
2023,2304400,08,32
2023,2304400,09,45
2023,2304400,10,12909
2023,2304400,11,1235
2023,2304400,13,3561
2023,2304400,14,20134
2023,2304400,15,2261
2023,2304400,16,332
2023,2304400,17,681
2023,2304400,18,2127
2023,2304400,19,224
2023,2304400,20,1051
2023,2304400,21,111
2023,2304400,22,755
2023,2304400,23,1063
2023,2304400,24,79
2023,2304400,25,2153
2023,2304400,26,263
2023,2304400,27,149
2023,2304400,28,668
2023,2304400,29,310
2023,2304400,30,498
2023,2304400,31,1421
2023,2304400,32,1481
2023,2304400,33,3525
2023,2304400,35,1677
2023,2304400,36,1136
2023,2304400,37,595
2023,2304400,38,4814
2023,2304400,39,16
2023,2304400,41,24328
2023,2304400,42,12243
2023,2304400,43,14008
2023,2304400,45,16914
2023,2304400,46,24561
2023,2304400,47,96620
2023,2304400,49,20808
2023,2304400,50,199
2023,2304400,51,863
2023,2304400,52,5973
2023,2304400,53,6012
2023,2304400,55,4585
2023,2304400,56,31004
2023,2304400,58,1091
2023,2304400,59,407
2023,2304400,60,1359
2023,2304400,61,6026
2023,2304400,62,34233
2023,2304400,63,3208
2023,2304400,64,10489
2023,2304400,65,7818
2023,2304400,66,2296
2023,2304400,68,5312
2023,2304400,69,8009
2023,2304400,70,2309
2023,2304400,71,5321
2023,2304400,72,1530
2023,2304400,73,5641
2023,2304400,74,3087
2023,2304400,75,494
2023,2304400,77,6298
2023,2304400,78,51517
2023,2304400,79,657
2023,2304400,80,18480
2023,2304400,81,19359
2023,2304400,82,61642
2023,2304400,84,105220
2023,2304400,85,52533
2023,2304400,86,52538
2023,2304400,87,1394
2023,2304400,88,1952
2023,2304400,90,466
2023,2304400,91,23
2023,2304400,92,11
2023,2304400,93,4838
2023,2304400,94,12771
2023,2304400,95,1643
2023,2304400,96,4819
2023,2304400,97,16
2023,2304400,99,2
2002,2611606,NA,437873
2003,2611606,NA,432185
2004,2611606,NA,456106
2005,2611606,NA,487506
2006,2611606,00,50160
2006,2611606,01,2083
2006,2611606,02,39
2006,2611606,03,180
2006,2611606,05,1
2006,2611606,06,7
2006,2611606,07,7
2006,2611606,08,522
2006,2611606,09,95
2006,2611606,10,7166
2006,2611606,11,1011
2006,2611606,12,112
2006,2611606,13,495
2006,2611606,14,2544
2006,2611606,15,371
2006,2611606,16,258
2006,2611606,17,600
2006,2611606,18,1016
2006,2611606,19,69
2006,2611606,20,1753
2006,2611606,21,311
2006,2611606,22,1622
2006,2611606,23,1996
2006,2611606,24,274
2006,2611606,25,1378
2006,2611606,26,400
2006,2611606,27,1121
2006,2611606,28,699
2006,2611606,29,201
2006,2611606,30,122
2006,2611606,31,1028
2006,2611606,32,695
2006,2611606,33,808
2006,2611606,35,783
2006,2611606,36,2932
2006,2611606,37,2021
2006,2611606,38,181
2006,2611606,41,17353
2006,2611606,42,6076
2006,2611606,43,5714
2006,2611606,45,9414
2006,2611606,46,17205
2006,2611606,47,62051
2006,2611606,49,11894
2006,2611606,50,128
2006,2611606,51,410
2006,2611606,52,3141
2006,2611606,53,1379
2006,2611606,55,4483
2006,2611606,56,15951
2006,2611606,58,2275
2006,2611606,59,220
2006,2611606,60,688
2006,2611606,61,1268
2006,2611606,62,2735
2006,2611606,63,1183
2006,2611606,64,6882
2006,2611606,65,933
2006,2611606,66,1376
2006,2611606,68,1256
2006,2611606,69,2393
2006,2611606,70,4228
2006,2611606,71,3190
2006,2611606,72,196
2006,2611606,73,847
2006,2611606,74,817
2006,2611606,75,45
2006,2611606,77,3617
2006,2611606,78,9549
2006,2611606,79,1036
2006,2611606,80,4831
2006,2611606,81,16807
2006,2611606,82,19578
2006,2611606,84,110562
2006,2611606,85,18518
2006,2611606,86,25587
2006,2611606,87,2276
2006,2611606,88,859
2006,2611606,90,93
2006,2611606,91,34
2006,2611606,92,206
2006,2611606,93,2178
2006,2611606,94,15161
2006,2611606,95,1242
2006,2611606,96,3041
2006,2611606,97,75
2006,2611606,99,29
2007,2611606,00,15244
2007,2611606,01,2366
2007,2611606,02,29
2007,2611606,03,138
2007,2611606,05,136
2007,2611606,06,8
2007,2611606,07,6
2007,2611606,08,444
2007,2611606,09,113
2007,2611606,10,7873
2007,2611606,11,1142
2007,2611606,12,121
2007,2611606,13,401
2007,2611606,14,2873
2007,2611606,15,389
2007,2611606,16,265
2007,2611606,17,620
2007,2611606,18,1161
2007,2611606,19,30
2007,2611606,20,1702
2007,2611606,21,275
2007,2611606,22,1824
2007,2611606,23,2147
2007,2611606,24,728
2007,2611606,25,1440
2007,2611606,26,645
2007,2611606,27,1260
2007,2611606,28,702
2007,2611606,29,253
2007,2611606,30,127
2007,2611606,31,919
2007,2611606,32,682
2007,2611606,33,731
2007,2611606,35,3367
2007,2611606,36,3150
2007,2611606,37,2168
2007,2611606,38,327
2007,2611606,39,61
2007,2611606,41,19492
2007,2611606,42,7907
2007,2611606,43,6234
2007,2611606,45,10573
2007,2611606,46,18733
2007,2611606,47,63885
2007,2611606,49,11877
2007,2611606,50,134
2007,2611606,51,821
2007,2611606,52,2896
2007,2611606,53,2614
2007,2611606,55,4346
2007,2611606,56,17629
2007,2611606,58,2197
2007,2611606,59,243
2007,2611606,60,642
2007,2611606,61,1231
2007,2611606,62,3125
2007,2611606,63,916
2007,2611606,64,7651
2007,2611606,65,1773
2007,2611606,66,1729
2007,2611606,68,1061
2007,2611606,69,2769
2007,2611606,70,4718
2007,2611606,71,3633
2007,2611606,72,359
2007,2611606,73,950
2007,2611606,74,623
2007,2611606,75,47
2007,2611606,77,2553
2007,2611606,78,9627
2007,2611606,79,1011
2007,2611606,80,5687
2007,2611606,81,19042
2007,2611606,82,22310
2007,2611606,84,153216
2007,2611606,85,18106
2007,2611606,86,24400
2007,2611606,87,1930
2007,2611606,88,836
2007,2611606,90,132
2007,2611606,91,15
2007,2611606,92,62
2007,2611606,93,2319
2007,2611606,94,15865
2007,2611606,95,1490
2007,2611606,96,3250
2007,2611606,97,56
2007,2611606,99,40
2008,2611606,00,7485
2008,2611606,01,2491
2008,2611606,02,45
2008,2611606,03,135
2008,2611606,05,6
2008,2611606,06,10
2008,2611606,08,611
2008,2611606,09,175
2008,2611606,10,9445
2008,2611606,11,1149
2008,2611606,12,135
2008,2611606,13,447
2008,2611606,14,3035
2008,2611606,15,473
2008,2611606,16,244
2008,2611606,17,651
2008,2611606,18,1258
2008,2611606,19,37
2008,2611606,20,1767
2008,2611606,21,248
2008,2611606,22,1889
2008,2611606,23,2202
2008,2611606,24,1116
2008,2611606,25,1575
2008,2611606,26,305
2008,2611606,27,1572
2008,2611606,28,711
2008,2611606,29,323
2008,2611606,30,137
2008,2611606,31,861
2008,2611606,32,712
2008,2611606,33,699
2008,2611606,35,1465
2008,2611606,36,3991
2008,2611606,37,2238
2008,2611606,38,299
2008,2611606,41,25627
2008,2611606,42,10506
2008,2611606,43,6080
2008,2611606,45,10986
2008,2611606,46,21833
2008,2611606,47,67101
2008,2611606,49,12815
2008,2611606,50,133
2008,2611606,51,888
2008,2611606,52,3434
2008,2611606,53,3066
2008,2611606,55,4222
2008,2611606,56,17899
2008,2611606,58,2276
2008,2611606,59,284
2008,2611606,60,613
2008,2611606,61,1394
2008,2611606,62,3123
2008,2611606,63,850
2008,2611606,64,8360
2008,2611606,65,1539
2008,2611606,66,1844
2008,2611606,68,1183
2008,2611606,69,3659
2008,2611606,70,5654
2008,2611606,71,4338
2008,2611606,72,243
2008,2611606,73,988
2008,2611606,74,535
2008,2611606,75,42
2008,2611606,77,2138
2008,2611606,78,9892
2008,2611606,79,1169
2008,2611606,80,5512
2008,2611606,81,21498
2008,2611606,82,24416
2008,2611606,84,159201
2008,2611606,85,31971
2008,2611606,86,25122
2008,2611606,87,716
2008,2611606,88,1108
2008,2611606,90,162
2008,2611606,91,225
2008,2611606,92,22
2008,2611606,93,2252
2008,2611606,94,15055
2008,2611606,95,1928
2008,2611606,96,3553
2008,2611606,97,49
2008,2611606,99,173
2009,2611606,01,2321
2009,2611606,02,72
2009,2611606,03,117
2009,2611606,05,7
2009,2611606,06,11
2009,2611606,08,463
2009,2611606,09,211
2009,2611606,10,9098
2009,2611606,11,1343
2009,2611606,12,131
2009,2611606,13,359
2009,2611606,14,2880
2009,2611606,15,467
2009,2611606,16,209
2009,2611606,17,477
2009,2611606,18,1195
2009,2611606,19,35
2009,2611606,20,1955
2009,2611606,21,761
2009,2611606,22,2442
2009,2611606,23,2368
2009,2611606,24,972
2009,2611606,25,1608
2009,2611606,26,292
2009,2611606,27,1435
2009,2611606,28,773
2009,2611606,29,244
2009,2611606,30,172
2009,2611606,31,923
2009,2611606,32,755
2009,2611606,33,740
2009,2611606,35,4076
2009,2611606,36,3885
2009,2611606,37,281
2009,2611606,38,2453
2009,2611606,39,1
2009,2611606,41,31987
2009,2611606,42,11582
2009,2611606,43,9050
2009,2611606,45,11628
2009,2611606,46,23650
2009,2611606,47,70928
2009,2611606,49,13434
2009,2611606,50,146
2009,2611606,51,991
2009,2611606,52,3587
2009,2611606,53,2432
2009,2611606,55,4155
2009,2611606,56,19380
2009,2611606,58,1867
2009,2611606,59,300
2009,2611606,60,613
2009,2611606,61,2027
2009,2611606,62,3323
2009,2611606,63,820
2009,2611606,64,7960
2009,2611606,65,1420
2009,2611606,66,1960
2009,2611606,68,1427
2009,2611606,69,4255
2009,2611606,70,6485
2009,2611606,71,6072
2009,2611606,72,326
2009,2611606,73,1161
2009,2611606,74,707
2009,2611606,75,50
2009,2611606,77,3312
2009,2611606,78,10289
2009,2611606,79,1221
2009,2611606,80,6482
2009,2611606,81,21759
2009,2611606,82,24960
2009,2611606,84,177707
2009,2611606,85,30882
2009,2611606,86,26801
2009,2611606,87,978
2009,2611606,88,1124
2009,2611606,90,290
2009,2611606,91,39
2009,2611606,92,23
2009,2611606,93,2223
2009,2611606,94,15629
2009,2611606,95,1963
2009,2611606,96,3642
2009,2611606,97,53
2009,2611606,99,34
2010,2611606,01,2388
2010,2611606,02,54
2010,2611606,03,97
2010,2611606,05,8
2010,2611606,06,13
2010,2611606,07,3
2010,2611606,08,444
2010,2611606,09,18
2010,2611606,10,9146
2010,2611606,11,1694
2010,2611606,12,156
2010,2611606,13,368
2010,2611606,14,3356
2010,2611606,15,596
2010,2611606,16,305
2010,2611606,17,502
2010,2611606,18,1090
2010,2611606,19,224
2010,2611606,20,1605
2010,2611606,21,839
2010,2611606,22,2379
2010,2611606,23,2408
2010,2611606,24,1095
2010,2611606,25,1878
2010,2611606,26,283
2010,2611606,27,1341
2010,2611606,28,887
2010,2611606,29,277
2010,2611606,30,230
2010,2611606,31,1199
2010,2611606,32,903
2010,2611606,33,825
2010,2611606,35,3498
2010,2611606,36,3847
2010,2611606,37,315
2010,2611606,38,2767
2010,2611606,41,37740
2010,2611606,42,13601
2010,2611606,43,10731
2010,2611606,45,12684
2010,2611606,46,26934
2010,2611606,47,75177
2010,2611606,49,14551
2010,2611606,50,117
2010,2611606,51,1077
2010,2611606,52,4604
2010,2611606,53,2647
2010,2611606,55,4275
2010,2611606,56,21819
2010,2611606,58,1822
2010,2611606,59,370
2010,2611606,60,774
2010,2611606,61,2337
2010,2611606,62,4159
2010,2611606,63,1201
2010,2611606,64,8865
2010,2611606,65,1614
2010,2611606,66,1505
2010,2611606,68,1560
2010,2611606,69,4773
2010,2611606,70,5283
2010,2611606,71,9301
2010,2611606,72,235
2010,2611606,73,1142
2010,2611606,74,597
2010,2611606,75,55
2010,2611606,77,3450
2010,2611606,78,12541
2010,2611606,79,1487
2010,2611606,80,8730
2010,2611606,81,22775
2010,2611606,82,32612
2010,2611606,84,178219
2010,2611606,85,31212
2010,2611606,86,31485
2010,2611606,87,1512
2010,2611606,88,1009
2010,2611606,90,292
2010,2611606,91,14
2010,2611606,92,31
2010,2611606,93,2415
2010,2611606,94,17802
2010,2611606,95,2312
2010,2611606,96,4012
2010,2611606,97,38
2010,2611606,99,59
2011,2611606,01,2465
2011,2611606,02,48
2011,2611606,03,36
2011,2611606,05,15
2011,2611606,06,10
2011,2611606,08,470
2011,2611606,09,12
2011,2611606,10,6494
2011,2611606,11,1632
2011,2611606,12,189
2011,2611606,13,317
2011,2611606,14,3244
2011,2611606,15,468
2011,2611606,16,227
2011,2611606,17,479
2011,2611606,18,1213
2011,2611606,19,9
2011,2611606,20,916
2011,2611606,21,759
2011,2611606,22,2108
2011,2611606,23,2485
2011,2611606,24,1068
2011,2611606,25,2068
2011,2611606,26,439
2011,2611606,27,923
2011,2611606,28,927
2011,2611606,29,290
2011,2611606,30,258
2011,2611606,31,1265
2011,2611606,32,1138
2011,2611606,33,1069
2011,2611606,35,3830
2011,2611606,36,71
2011,2611606,37,264
2011,2611606,38,3158
2011,2611606,41,38315
2011,2611606,42,14070
2011,2611606,43,10072
2011,2611606,45,13080
2011,2611606,46,26432
2011,2611606,47,79533
2011,2611606,49,15019
2011,2611606,50,167
2011,2611606,51,1124
2011,2611606,52,5401
2011,2611606,53,2714
2011,2611606,55,4304
2011,2611606,56,23517
2011,2611606,58,2452
2011,2611606,59,363
2011,2611606,60,894
2011,2611606,61,3089
2011,2611606,62,4860
2011,2611606,63,1023
2011,2611606,64,10090
2011,2611606,65,1681
2011,2611606,66,1496
2011,2611606,68,2015
2011,2611606,69,5639
2011,2611606,70,4779
2011,2611606,71,8886
2011,2611606,72,240
2011,2611606,73,1275
2011,2611606,74,595
2011,2611606,75,41
2011,2611606,77,3522
2011,2611606,78,13839
2011,2611606,79,1633
2011,2611606,80,9741
2011,2611606,81,24148
2011,2611606,82,38767
2011,2611606,84,185641
2011,2611606,85,32280
2011,2611606,86,36922
2011,2611606,87,1557
2011,2611606,88,1101
2011,2611606,90,331
2011,2611606,91,24
2011,2611606,92,24
2011,2611606,93,2546
2011,2611606,94,16464
2011,2611606,95,2687
2011,2611606,96,4482
2011,2611606,97,65
2011,2611606,99,66
2012,2611606,01,2311
2012,2611606,02,85
2012,2611606,03,143
2012,2611606,05,11
2012,2611606,06,23
2012,2611606,08,539
2012,2611606,09,32
2012,2611606,10,6402
2012,2611606,11,1648
2012,2611606,12,184
2012,2611606,13,390
2012,2611606,14,3786
2012,2611606,15,454
2012,2611606,16,353
2012,2611606,17,601
2012,2611606,18,1324
2012,2611606,19,14
2012,2611606,20,2325
2012,2611606,21,718
2012,2611606,22,2013
2012,2611606,23,2591
2012,2611606,24,1025
2012,2611606,25,2556
2012,2611606,26,381
2012,2611606,27,817
2012,2611606,28,994
2012,2611606,29,288
2012,2611606,30,302
2012,2611606,31,1697
2012,2611606,32,1107
2012,2611606,33,1479
2012,2611606,35,3862
2012,2611606,36,3637
2012,2611606,37,169
2012,2611606,38,2953
2012,2611606,39,1
2012,2611606,41,50777
2012,2611606,42,14151
2012,2611606,43,9857
2012,2611606,45,14037
2012,2611606,46,29312
2012,2611606,47,80895
2012,2611606,49,16249
2012,2611606,50,142
2012,2611606,51,1109
2012,2611606,52,7371
2012,2611606,53,2939
2012,2611606,55,4646
2012,2611606,56,26195
2012,2611606,58,1792
2012,2611606,59,436
2012,2611606,60,965
2012,2611606,61,3774
2012,2611606,62,5467
2012,2611606,63,1038
2012,2611606,64,8541
2012,2611606,65,1875
2012,2611606,66,1294
2012,2611606,68,2644
2012,2611606,69,6293
2012,2611606,70,4968
2012,2611606,71,9779
2012,2611606,72,231
2012,2611606,73,1442
2012,2611606,74,679
2012,2611606,75,50
2012,2611606,77,4503
2012,2611606,78,15019
2012,2611606,79,1746
2012,2611606,80,10350
2012,2611606,81,24200
2012,2611606,82,38947
2012,2611606,84,179525
2012,2611606,85,37155
2012,2611606,86,37238
2012,2611606,87,1629
2012,2611606,88,1426
2012,2611606,90,373
2012,2611606,91,12
2012,2611606,92,19
2012,2611606,93,3381
2012,2611606,94,17015
2012,2611606,95,3010
2012,2611606,96,4940
2012,2611606,97,47
2012,2611606,99,17
2013,2611606,01,2477
2013,2611606,02,73
2013,2611606,03,52
2013,2611606,05,11
2013,2611606,06,45
2013,2611606,08,232
2013,2611606,09,94
2013,2611606,10,6220
2013,2611606,11,1751
2013,2611606,12,156
2013,2611606,13,368
2013,2611606,14,3589
2013,2611606,15,503
2013,2611606,16,239
2013,2611606,17,503
2013,2611606,18,1247
2013,2611606,19,14
2013,2611606,20,1681
2013,2611606,21,649
2013,2611606,22,1620
2013,2611606,23,2785
2013,2611606,24,1046
2013,2611606,25,2491
2013,2611606,26,501
2013,2611606,27,659
2013,2611606,28,890
2013,2611606,29,315
2013,2611606,30,189
2013,2611606,31,1243
2013,2611606,32,1256
2013,2611606,33,1518
2013,2611606,35,3397
2013,2611606,36,3467
2013,2611606,37,772
2013,2611606,38,3520
2013,2611606,39,4
2013,2611606,41,43997
2013,2611606,42,23968
2013,2611606,43,12022
2013,2611606,45,13953
2013,2611606,46,28749
2013,2611606,47,81892
2013,2611606,49,16833
2013,2611606,50,188
2013,2611606,51,1114
2013,2611606,52,6552
2013,2611606,53,3695
2013,2611606,55,4479
2013,2611606,56,27649
2013,2611606,58,2379
2013,2611606,59,478
2013,2611606,60,1013
2013,2611606,61,4108
2013,2611606,62,6491
2013,2611606,63,971
2013,2611606,64,8772
2013,2611606,65,1834
2013,2611606,66,1422
2013,2611606,68,2406
2013,2611606,69,6646
2013,2611606,70,5783
2013,2611606,71,9634
2013,2611606,72,233
2013,2611606,73,1408
2013,2611606,74,1156
2013,2611606,75,57
2013,2611606,77,5188
2013,2611606,78,12755
2013,2611606,79,1799
2013,2611606,80,11698
2013,2611606,81,25746
2013,2611606,82,41211
2013,2611606,84,181807
2013,2611606,85,39387
2013,2611606,86,39427
2013,2611606,87,2024
2013,2611606,88,1418
2013,2611606,90,412
2013,2611606,91,43
2013,2611606,92,15
2013,2611606,93,3426
2013,2611606,94,15814
2013,2611606,95,2960
2013,2611606,96,5267
2013,2611606,97,56
2013,2611606,99,40
2014,2611606,01,2590
2014,2611606,02,55
2014,2611606,03,74
2014,2611606,05,13
2014,2611606,06,46
2014,2611606,08,271
2014,2611606,09,54
2014,2611606,10,6709
2014,2611606,11,1706
2014,2611606,12,159
2014,2611606,13,354
2014,2611606,14,3678
2014,2611606,15,591
2014,2611606,16,250
2014,2611606,17,460
2014,2611606,18,1310
2014,2611606,19,12
2014,2611606,20,2354
2014,2611606,21,610
2014,2611606,22,1734
2014,2611606,23,2828
2014,2611606,24,921
2014,2611606,25,2439
2014,2611606,26,502
2014,2611606,27,717
2014,2611606,28,859
2014,2611606,29,359
2014,2611606,30,171
2014,2611606,31,1051
2014,2611606,32,1240
2014,2611606,33,1713
2014,2611606,35,3535
2014,2611606,36,3371
2014,2611606,37,1068
2014,2611606,38,3296
2014,2611606,41,37351
2014,2611606,42,18040
2014,2611606,43,11751
2014,2611606,45,13789
2014,2611606,46,29682
2014,2611606,47,81313
2014,2611606,49,15950
2014,2611606,50,176
2014,2611606,51,1124
2014,2611606,52,7191
2014,2611606,53,3595
2014,2611606,55,4647
2014,2611606,56,28610
2014,2611606,58,2307
2014,2611606,59,437
2014,2611606,60,1152
2014,2611606,61,3462
2014,2611606,62,6654
2014,2611606,63,1435
2014,2611606,64,8653
2014,2611606,65,2153
2014,2611606,66,1563
2014,2611606,68,2531
2014,2611606,69,6802
2014,2611606,70,6627
2014,2611606,71,8723
2014,2611606,72,267
2014,2611606,73,1314
2014,2611606,74,857
2014,2611606,75,74
2014,2611606,77,4722
2014,2611606,78,14766
2014,2611606,79,1614
2014,2611606,80,12846
2014,2611606,81,28320
2014,2611606,82,42713
2014,2611606,84,179146
2014,2611606,85,42669
2014,2611606,86,43983
2014,2611606,87,2365
2014,2611606,88,1520
2014,2611606,90,403
2014,2611606,91,37
2014,2611606,92,16
2014,2611606,93,3603
2014,2611606,94,14933
2014,2611606,95,2662
2014,2611606,96,5183
2014,2611606,97,75
2014,2611606,99,30
2015,2611606,01,1919
2015,2611606,02,24
2015,2611606,03,62
2015,2611606,05,16
2015,2611606,06,115
2015,2611606,07,5
2015,2611606,08,166
2015,2611606,09,6
2015,2611606,10,6926
2015,2611606,11,1145
2015,2611606,12,156
2015,2611606,13,355
2015,2611606,14,3150
2015,2611606,15,645
2015,2611606,16,186
2015,2611606,17,390
2015,2611606,18,1195
2015,2611606,19,13
2015,2611606,20,1509
2015,2611606,21,659
2015,2611606,22,1198
2015,2611606,23,2817
2015,2611606,24,842
2015,2611606,25,2099
2015,2611606,26,407
2015,2611606,27,584
2015,2611606,28,715
2015,2611606,29,349
2015,2611606,30,125
2015,2611606,31,920
2015,2611606,32,1106
2015,2611606,33,1631
2015,2611606,35,3477
2015,2611606,36,3504
2015,2611606,37,906
2015,2611606,38,3023
2015,2611606,39,2
2015,2611606,41,31047
2015,2611606,42,12161
2015,2611606,43,9535
2015,2611606,45,12207
2015,2611606,46,27389
2015,2611606,47,76788
2015,2611606,49,16397
2015,2611606,50,170
2015,2611606,51,1156
2015,2611606,52,6212
2015,2611606,53,3466
2015,2611606,55,4224
2015,2611606,56,26850
2015,2611606,58,1976
2015,2611606,59,372
2015,2611606,60,1185
2015,2611606,61,3735
2015,2611606,62,5928
2015,2611606,63,1475
2015,2611606,64,8077
2015,2611606,65,2024
2015,2611606,66,1574
2015,2611606,68,2181
2015,2611606,69,6987
2015,2611606,70,6539
2015,2611606,71,5862
2015,2611606,72,217
2015,2611606,73,1496
2015,2611606,74,572
2015,2611606,75,70
2015,2611606,77,4094
2015,2611606,78,14187
2015,2611606,79,1589
2015,2611606,80,12696
2015,2611606,81,31249
2015,2611606,82,30803
2015,2611606,84,175112
2015,2611606,85,42574
2015,2611606,86,42727
2015,2611606,87,2747
2015,2611606,88,1506
2015,2611606,90,430
2015,2611606,91,56
2015,2611606,92,13
2015,2611606,93,3709
2015,2611606,94,14295
2015,2611606,95,2596
2015,2611606,96,5662
2015,2611606,97,70
2015,2611606,99,30
2016,2611606,01,1990
2016,2611606,02,43
2016,2611606,03,63
2016,2611606,05,15
2016,2611606,06,52
2016,2611606,08,136
2016,2611606,09,36
2016,2611606,10,6509
2016,2611606,11,911
2016,2611606,12,122
2016,2611606,13,299
2016,2611606,14,2851
2016,2611606,15,760
2016,2611606,16,155
2016,2611606,17,362
2016,2611606,18,1024
2016,2611606,19,15
2016,2611606,20,2030
2016,2611606,21,625
2016,2611606,22,995
2016,2611606,23,2242
2016,2611606,24,777
2016,2611606,25,1965
2016,2611606,26,322
2016,2611606,27,539
2016,2611606,28,741
2016,2611606,29,295
2016,2611606,30,94
2016,2611606,31,670
2016,2611606,32,1003
2016,2611606,33,1621
2016,2611606,35,3589
2016,2611606,36,3582
2016,2611606,37,992
2016,2611606,38,3097
2016,2611606,39,4
2016,2611606,41,25772
2016,2611606,42,8585
2016,2611606,43,8274
2016,2611606,45,11466
2016,2611606,46,26306
2016,2611606,47,70486
2016,2611606,49,14140
2016,2611606,50,207
2016,2611606,51,1104
2016,2611606,52,5176
2016,2611606,53,3614
2016,2611606,55,3957
2016,2611606,56,27564
2016,2611606,58,1807
2016,2611606,59,400
2016,2611606,60,1113
2016,2611606,61,3815
2016,2611606,62,6120
2016,2611606,63,1206
2016,2611606,64,7317
2016,2611606,65,1936
2016,2611606,66,1279
2016,2611606,68,2034
2016,2611606,69,6790
2016,2611606,70,3515
2016,2611606,71,5170
2016,2611606,72,299
2016,2611606,73,1405
2016,2611606,74,689
2016,2611606,75,106
2016,2611606,77,4704
2016,2611606,78,13037
2016,2611606,79,1541
2016,2611606,80,15227
2016,2611606,81,32318
2016,2611606,82,29976
2016,2611606,84,171345
2016,2611606,85,43242
2016,2611606,86,44689
2016,2611606,87,2741
2016,2611606,88,1591
2016,2611606,90,432
2016,2611606,91,88
2016,2611606,92,14
2016,2611606,93,3690
2016,2611606,94,13382
2016,2611606,95,2450
2016,2611606,96,5839
2016,2611606,97,47
2016,2611606,99,49
2017,2611606,01,2340
2017,2611606,02,78
2017,2611606,03,59
2017,2611606,05,14
2017,2611606,06,27
2017,2611606,08,66
2017,2611606,09,3
2017,2611606,10,9302
2017,2611606,11,941
2017,2611606,13,312
2017,2611606,14,2741
2017,2611606,15,879
2017,2611606,16,175
2017,2611606,17,394
2017,2611606,18,1146
2017,2611606,19,14
2017,2611606,20,2004
2017,2611606,21,629
2017,2611606,22,943
2017,2611606,23,2150
2017,2611606,24,784
2017,2611606,25,1327
2017,2611606,26,343
2017,2611606,27,495
2017,2611606,28,700
2017,2611606,29,283
2017,2611606,30,133
2017,2611606,31,615
2017,2611606,32,1015
2017,2611606,33,1455
2017,2611606,35,3515
2017,2611606,36,3542
2017,2611606,37,1000
2017,2611606,38,3104
2017,2611606,41,22592
2017,2611606,42,7398
2017,2611606,43,8391
2017,2611606,45,11385
2017,2611606,46,25149
2017,2611606,47,69418
2017,2611606,49,14837
2017,2611606,50,148
2017,2611606,51,988
2017,2611606,52,5737
2017,2611606,53,3191
2017,2611606,55,3593
2017,2611606,56,26782
2017,2611606,58,1756
2017,2611606,59,341
2017,2611606,60,1081
2017,2611606,61,2365
2017,2611606,62,6568
2017,2611606,63,1123
2017,2611606,64,7416
2017,2611606,65,1961
2017,2611606,66,1160
2017,2611606,68,2392
2017,2611606,69,6601
2017,2611606,70,3892
2017,2611606,71,4837
2017,2611606,72,307
2017,2611606,73,1377
2017,2611606,74,1323
2017,2611606,75,168
2017,2611606,77,4704
2017,2611606,78,18157
2017,2611606,79,1725
2017,2611606,80,14279
2017,2611606,81,27007
2017,2611606,82,25821
2017,2611606,84,168126
2017,2611606,85,45018
2017,2611606,86,42216
2017,2611606,87,2660
2017,2611606,88,1572
2017,2611606,90,448
2017,2611606,91,48
2017,2611606,92,12
2017,2611606,93,3864
2017,2611606,94,12696
2017,2611606,95,2481
2017,2611606,96,4643
2017,2611606,97,23
2017,2611606,99,32
2018,2611606,01,2238
2018,2611606,02,31
2018,2611606,03,51
2018,2611606,05,9
2018,2611606,06,1
2018,2611606,08,51
2018,2611606,10,6457
2018,2611606,11,903
2018,2611606,13,297
2018,2611606,14,2543
2018,2611606,15,177
2018,2611606,16,103
2018,2611606,17,374
2018,2611606,18,1159
2018,2611606,19,136
2018,2611606,20,1906
2018,2611606,21,629
2018,2611606,22,845
2018,2611606,23,2006
2018,2611606,24,860
2018,2611606,25,1417
2018,2611606,26,349
2018,2611606,27,527
2018,2611606,28,658
2018,2611606,29,286
2018,2611606,30,49
2018,2611606,31,635
2018,2611606,32,1059
2018,2611606,33,1561
2018,2611606,35,3259
2018,2611606,36,3603
2018,2611606,37,1028
2018,2611606,38,3920
2018,2611606,41,19628
2018,2611606,42,9130
2018,2611606,43,7544
2018,2611606,45,11224
2018,2611606,46,24053
2018,2611606,47,67676
2018,2611606,49,14973
2018,2611606,50,158
2018,2611606,51,1130
2018,2611606,52,6048
2018,2611606,53,2914
2018,2611606,55,3612
2018,2611606,56,27589
2018,2611606,58,1531
2018,2611606,59,342
2018,2611606,60,1061
2018,2611606,61,2473
2018,2611606,62,6788
2018,2611606,63,1128
2018,2611606,64,7442
2018,2611606,65,1848
2018,2611606,66,1514
2018,2611606,68,2255
2018,2611606,69,6499
2018,2611606,70,3828
2018,2611606,71,4653
2018,2611606,72,306
2018,2611606,73,1562
2018,2611606,74,1498
2018,2611606,75,156
2018,2611606,77,3614
2018,2611606,78,18420
2018,2611606,79,1615
2018,2611606,80,15587
2018,2611606,81,27943
2018,2611606,82,23941
2018,2611606,84,171383
2018,2611606,85,42808
2018,2611606,86,44706
2018,2611606,87,2594
2018,2611606,88,1871
2018,2611606,90,391
2018,2611606,91,20
2018,2611606,92,19
2018,2611606,93,3976
2018,2611606,94,10877
2018,2611606,95,2234
2018,2611606,96,4242
2018,2611606,97,10
2018,2611606,99,31
2019,2611606,01,2129
2019,2611606,02,27
2019,2611606,03,40
2019,2611606,05,8
2019,2611606,08,27
2019,2611606,09,3
2019,2611606,10,6550
2019,2611606,11,1085
2019,2611606,13,359
2019,2611606,14,2317
2019,2611606,15,176
2019,2611606,16,103
2019,2611606,17,282
2019,2611606,18,1084
2019,2611606,19,85
2019,2611606,20,1362
2019,2611606,21,592
2019,2611606,22,814
2019,2611606,23,1743
2019,2611606,24,850
2019,2611606,25,1415
2019,2611606,26,291
2019,2611606,27,695
2019,2611606,28,500
2019,2611606,29,257
2019,2611606,30,140
2019,2611606,31,578
2019,2611606,32,941
2019,2611606,33,1812
2019,2611606,35,3225
2019,2611606,36,3388
2019,2611606,37,1115
2019,2611606,38,3903
2019,2611606,41,18803
2019,2611606,42,6026
2019,2611606,43,6332
2019,2611606,45,11163
2019,2611606,46,23901
2019,2611606,47,64924
2019,2611606,49,14325
2019,2611606,50,101
2019,2611606,51,1409
2019,2611606,52,5078
2019,2611606,53,2989
2019,2611606,55,3562
2019,2611606,56,24531
2019,2611606,58,1457
2019,2611606,59,442
2019,2611606,60,1047
2019,2611606,61,2655
2019,2611606,62,7576
2019,2611606,63,928
2019,2611606,64,7818
2019,2611606,65,1614
2019,2611606,66,1612
2019,2611606,68,2485
2019,2611606,69,6398
2019,2611606,70,4239
2019,2611606,71,4510
2019,2611606,72,62
2019,2611606,73,1697
2019,2611606,74,789
2019,2611606,75,163
2019,2611606,77,5515
2019,2611606,78,23048
2019,2611606,79,1625
2019,2611606,80,16078
2019,2611606,81,26592
2019,2611606,82,19613
2019,2611606,84,169773
2019,2611606,85,37608
2019,2611606,86,49381
2019,2611606,87,2661
2019,2611606,88,1613
2019,2611606,90,294
2019,2611606,91,14
2019,2611606,92,19
2019,2611606,93,3429
2019,2611606,94,10797
2019,2611606,95,1704
2019,2611606,96,3640
2019,2611606,97,10
2019,2611606,99,21
2020,2611606,01,1924
2020,2611606,02,8
2020,2611606,03,43
2020,2611606,05,8
2020,2611606,08,25
2020,2611606,10,5302
2020,2611606,11,1357
2020,2611606,13,235
2020,2611606,14,1862
2020,2611606,15,109
2020,2611606,16,131
2020,2611606,17,261
2020,2611606,18,1015
2020,2611606,19,91
2020,2611606,20,1571
2020,2611606,21,602
2020,2611606,22,983
2020,2611606,23,1816
2020,2611606,24,899
2020,2611606,25,1274
2020,2611606,26,280
2020,2611606,27,773
2020,2611606,28,494
2020,2611606,29,248
2020,2611606,30,29
2020,2611606,31,526
2020,2611606,32,1913
2020,2611606,33,1799
2020,2611606,35,3318
2020,2611606,36,3316
2020,2611606,37,1030
2020,2611606,38,3613
2020,2611606,41,19385
2020,2611606,42,6038
2020,2611606,43,6054
2020,2611606,45,10337
2020,2611606,46,23699
2020,2611606,47,62296
2020,2611606,49,11827
2020,2611606,50,94
2020,2611606,51,1187
2020,2611606,52,5662
2020,2611606,53,2797
2020,2611606,55,2578
2020,2611606,56,19393
2020,2611606,58,1301
2020,2611606,59,368
2020,2611606,60,937
2020,2611606,61,2834
2020,2611606,62,8165
2020,2611606,63,799
2020,2611606,64,6985
2020,2611606,65,1673
2020,2611606,66,1670
2020,2611606,68,2880
2020,2611606,69,6724
2020,2611606,70,4018
2020,2611606,71,4499
2020,2611606,72,292
2020,2611606,73,1859
2020,2611606,74,792
2020,2611606,75,195
2020,2611606,77,5153
2020,2611606,78,25450
2020,2611606,79,1049
2020,2611606,80,16432
2020,2611606,81,26961
2020,2611606,82,21645
2020,2611606,84,170854
2020,2611606,85,40705
2020,2611606,86,51084
2020,2611606,87,3084
2020,2611606,88,1530
2020,2611606,90,189
2020,2611606,91,9
2020,2611606,92,22
2020,2611606,93,3228
2020,2611606,94,9847
2020,2611606,95,1609
2020,2611606,96,3146
2020,2611606,97,11
2020,2611606,99,21
2021,2611606,01,2115
2021,2611606,02,52
2021,2611606,03,49
2021,2611606,05,11
2021,2611606,08,11
2021,2611606,10,5890
2021,2611606,11,1431
2021,2611606,13,305
2021,2611606,14,2122
2021,2611606,15,128
2021,2611606,16,102
2021,2611606,17,317
2021,2611606,18,972
2021,2611606,19,21
2021,2611606,20,1494
2021,2611606,21,619
2021,2611606,22,911
2021,2611606,23,1951
2021,2611606,24,965
2021,2611606,25,1378
2021,2611606,26,230
2021,2611606,27,638
2021,2611606,28,523
2021,2611606,29,384
2021,2611606,30,33
2021,2611606,31,604
2021,2611606,32,1090
2021,2611606,33,2062
2021,2611606,35,3517
2021,2611606,36,3303
2021,2611606,37,991
2021,2611606,38,2697
2021,2611606,41,20770
2021,2611606,42,7906
2021,2611606,43,6386
2021,2611606,45,10970
2021,2611606,46,24018
2021,2611606,47,64646
2021,2611606,49,11315
2021,2611606,50,111
2021,2611606,51,1238
2021,2611606,52,5425
2021,2611606,53,2867
2021,2611606,55,2719
2021,2611606,56,20261
2021,2611606,58,1306
2021,2611606,59,339
2021,2611606,60,901
2021,2611606,61,3456
2021,2611606,62,10141
2021,2611606,63,883
2021,2611606,64,7710
2021,2611606,65,1697
2021,2611606,66,1782
2021,2611606,68,2991
2021,2611606,69,6408
2021,2611606,70,4070
2021,2611606,71,7983
2021,2611606,72,345
2021,2611606,73,1618
2021,2611606,74,1090
2021,2611606,75,273
2021,2611606,77,5601
2021,2611606,78,23326
2021,2611606,79,1098
2021,2611606,80,17025
2021,2611606,81,26849
2021,2611606,82,21505
2021,2611606,84,185731
2021,2611606,85,43071
2021,2611606,86,53450
2021,2611606,87,2994
2021,2611606,88,1628
2021,2611606,90,263
2021,2611606,91,6
2021,2611606,92,24
2021,2611606,93,3386
2021,2611606,94,10461
2021,2611606,95,1550
2021,2611606,96,3070
2021,2611606,97,19
2021,2611606,99,27
2022,2611606,01,2186
2022,2611606,02,19
2022,2611606,03,52
2022,2611606,05,12
2022,2611606,08,11
2022,2611606,10,6622
2022,2611606,11,1514
2022,2611606,13,351
2022,2611606,14,2357
2022,2611606,15,88
2022,2611606,16,171
2022,2611606,17,288
2022,2611606,18,1150
2022,2611606,19,54
2022,2611606,20,1537
2022,2611606,21,596
2022,2611606,22,936
2022,2611606,23,2049
2022,2611606,24,980
2022,2611606,25,1746
2022,2611606,26,210
2022,2611606,27,918
2022,2611606,28,536
2022,2611606,29,402
2022,2611606,30,57
2022,2611606,31,643
2022,2611606,32,1167
2022,2611606,33,2993
2022,2611606,35,3448
2022,2611606,36,3204
2022,2611606,37,1049
2022,2611606,38,3883
2022,2611606,41,21037
2022,2611606,42,7607
2022,2611606,43,7615
2022,2611606,45,12453
2022,2611606,46,25943
2022,2611606,47,66590
2022,2611606,49,11648
2022,2611606,50,143
2022,2611606,51,1325
2022,2611606,52,7076
2022,2611606,53,2885
2022,2611606,55,3168
2022,2611606,56,25912
2022,2611606,58,1311
2022,2611606,59,410
2022,2611606,60,907
2022,2611606,61,3448
2022,2611606,62,10780
2022,2611606,63,1060
2022,2611606,64,8083
2022,2611606,65,1699
2022,2611606,66,1672
2022,2611606,68,2896
2022,2611606,69,7216
2022,2611606,70,4231
2022,2611606,71,8122
2022,2611606,72,393
2022,2611606,73,3102
2022,2611606,74,2252
2022,2611606,75,387
2022,2611606,77,6827
2022,2611606,78,22756
2022,2611606,79,1523
2022,2611606,80,19257
2022,2611606,81,31551
2022,2611606,82,24013
2022,2611606,84,187067
2022,2611606,85,37627
2022,2611606,86,54550
2022,2611606,87,1990
2022,2611606,88,1908
2022,2611606,90,518
2022,2611606,91,55
2022,2611606,92,9
2022,2611606,93,4409
2022,2611606,94,11253
2022,2611606,95,1786
2022,2611606,96,3457
2022,2611606,97,6
2022,2611606,99,18
2023,2611606,01,683
2023,2611606,02,6
2023,2611606,03,42
2023,2611606,05,14
2023,2611606,08,73
2023,2611606,10,6678
2023,2611606,11,1566
2023,2611606,12,1
2023,2611606,13,389
2023,2611606,14,2447
2023,2611606,15,87
2023,2611606,16,270
2023,2611606,17,303
2023,2611606,18,1172
2023,2611606,19,73
2023,2611606,20,1650
2023,2611606,21,590
2023,2611606,22,868
2023,2611606,23,1715
2023,2611606,24,975
2023,2611606,25,1728
2023,2611606,26,260
2023,2611606,27,963
2023,2611606,28,573
2023,2611606,29,452
2023,2611606,30,23
2023,2611606,31,658
2023,2611606,32,1081
2023,2611606,33,3249
2023,2611606,35,3084
2023,2611606,36,2995
2023,2611606,37,951
2023,2611606,38,3602
2023,2611606,39,4
2023,2611606,41,22435
2023,2611606,42,6203
2023,2611606,43,8427
2023,2611606,45,12938
2023,2611606,46,26417
2023,2611606,47,66425
2023,2611606,49,11809
2023,2611606,50,151
2023,2611606,51,1530
2023,2611606,52,7225
2023,2611606,53,2735
2023,2611606,55,3235
2023,2611606,56,28038
2023,2611606,58,1289
2023,2611606,59,382
2023,2611606,60,887
2023,2611606,61,3592
2023,2611606,62,10886
2023,2611606,63,1267
2023,2611606,64,8049
2023,2611606,65,1741
2023,2611606,66,2264
2023,2611606,68,3440
2023,2611606,69,7643
2023,2611606,70,4488
2023,2611606,71,8221
2023,2611606,72,568
2023,2611606,73,3925
2023,2611606,74,2958
2023,2611606,75,444
2023,2611606,77,7319
2023,2611606,78,27365
2023,2611606,79,1544
2023,2611606,80,19927
2023,2611606,81,32787
2023,2611606,82,24962
2023,2611606,84,187861
2023,2611606,85,38420
2023,2611606,86,55793
2023,2611606,87,1668
2023,2611606,88,2032
2023,2611606,90,589
2023,2611606,91,57
2023,2611606,92,9
2023,2611606,93,4804
2023,2611606,94,12321
2023,2611606,95,1680
2023,2611606,96,3347
2023,2611606,99,59
2002,2800308,NA,143951
2003,2800308,NA,146361
2004,2800308,NA,152594
2005,2800308,NA,163190
2006,2800308,00,27777
2006,2800308,01,1122
2006,2800308,03,7
2006,2800308,06,572
2006,2800308,08,56
2006,2800308,09,92
2006,2800308,10,1231
2006,2800308,11,132
2006,2800308,12,14
2006,2800308,13,1996
2006,2800308,14,1170
2006,2800308,15,66
2006,2800308,16,94
2006,2800308,17,143
2006,2800308,18,277
2006,2800308,19,91
2006,2800308,20,101
2006,2800308,21,23
2006,2800308,22,403
2006,2800308,23,741
2006,2800308,24,30
2006,2800308,25,409
2006,2800308,26,97
2006,2800308,27,928
2006,2800308,28,60
2006,2800308,29,31
2006,2800308,30,101
2006,2800308,31,330
2006,2800308,32,163
2006,2800308,33,203
2006,2800308,35,1002
2006,2800308,36,848
2006,2800308,37,4
2006,2800308,38,37
2006,2800308,41,9004
2006,2800308,42,1116
2006,2800308,43,2232
2006,2800308,45,2850
2006,2800308,46,3613
2006,2800308,47,21101
2006,2800308,49,4788
2006,2800308,50,24
2006,2800308,51,59
2006,2800308,52,402
2006,2800308,53,612
2006,2800308,55,1456
2006,2800308,56,4813
2006,2800308,58,469
2006,2800308,59,82
2006,2800308,60,777
2006,2800308,61,313
2006,2800308,62,200
2006,2800308,63,728
2006,2800308,64,2221
2006,2800308,65,431
2006,2800308,66,464
2006,2800308,68,180
2006,2800308,69,650
2006,2800308,70,47
2006,2800308,71,476
2006,2800308,72,307
2006,2800308,73,150
2006,2800308,74,303
2006,2800308,75,25
2006,2800308,77,638
2006,2800308,78,1952
2006,2800308,79,259
2006,2800308,80,3530
2006,2800308,81,5289
2006,2800308,82,2224
2006,2800308,84,42484
2006,2800308,85,7266
2006,2800308,86,8041
2006,2800308,87,1483
2006,2800308,88,672
2006,2800308,90,95
2006,2800308,91,17
2006,2800308,92,5
2006,2800308,93,761
2006,2800308,94,3201
2006,2800308,95,258
2006,2800308,96,595
2006,2800308,97,84
2006,2800308,99,4
2007,2800308,00,4738
2007,2800308,01,963
2007,2800308,02,3
2007,2800308,03,6
2007,2800308,06,1326
2007,2800308,07,2
2007,2800308,08,93
2007,2800308,09,211
2007,2800308,10,1190
2007,2800308,11,26
2007,2800308,12,20
2007,2800308,13,1742
2007,2800308,14,1255
2007,2800308,15,61
2007,2800308,16,99
2007,2800308,17,116
2007,2800308,18,282
2007,2800308,19,86
2007,2800308,20,110
2007,2800308,21,26
2007,2800308,22,415
2007,2800308,23,306
2007,2800308,24,16
2007,2800308,25,493
2007,2800308,26,245
2007,2800308,27,838
2007,2800308,28,49
2007,2800308,29,34
2007,2800308,30,75
2007,2800308,31,403
2007,2800308,32,60
2007,2800308,33,251
2007,2800308,35,988
2007,2800308,36,833
2007,2800308,38,7
2007,2800308,41,10467
2007,2800308,42,1666
2007,2800308,43,2674
2007,2800308,45,3220
2007,2800308,46,4180
2007,2800308,47,21982
2007,2800308,49,4922
2007,2800308,50,59
2007,2800308,51,113
2007,2800308,52,515
2007,2800308,53,661
2007,2800308,55,1604
2007,2800308,56,5111
2007,2800308,58,499
2007,2800308,59,84
2007,2800308,60,786
2007,2800308,61,253
2007,2800308,62,265
2007,2800308,63,589
2007,2800308,64,2151
2007,2800308,65,437
2007,2800308,66,550
2007,2800308,68,207
2007,2800308,69,645
2007,2800308,70,47
2007,2800308,71,351
2007,2800308,72,320
2007,2800308,73,191
2007,2800308,74,235
2007,2800308,75,28
2007,2800308,77,835
2007,2800308,78,1720
2007,2800308,79,264
2007,2800308,80,3893
2007,2800308,81,5246
2007,2800308,82,2189
2007,2800308,84,39345
2007,2800308,85,35629
2007,2800308,86,9363
2007,2800308,87,1334
2007,2800308,88,585
2007,2800308,90,73
2007,2800308,91,18
2007,2800308,92,6
2007,2800308,93,789
2007,2800308,94,3112
2007,2800308,95,387
2007,2800308,96,851
2007,2800308,97,67
2008,2800308,00,1580
2008,2800308,01,1742
2008,2800308,03,3
2008,2800308,05,3
2008,2800308,06,1385
2008,2800308,07,2
2008,2800308,08,94
2008,2800308,09,327
2008,2800308,10,1203
2008,2800308,11,25
2008,2800308,12,22
2008,2800308,13,1345
2008,2800308,14,1376
2008,2800308,15,35
2008,2800308,16,99
2008,2800308,17,141
2008,2800308,18,379
2008,2800308,19,78
2008,2800308,20,112
2008,2800308,21,11
2008,2800308,22,482
2008,2800308,23,861
2008,2800308,24,25
2008,2800308,25,664
2008,2800308,26,228
2008,2800308,27,772
2008,2800308,28,57
2008,2800308,29,34
2008,2800308,30,15
2008,2800308,31,382
2008,2800308,32,84
2008,2800308,33,206
2008,2800308,35,1001
2008,2800308,36,1345
2008,2800308,38,9
2008,2800308,41,10675
2008,2800308,42,1292
2008,2800308,43,3244
2008,2800308,45,3459
2008,2800308,46,4491
2008,2800308,47,23312
2008,2800308,49,5250
2008,2800308,50,68
2008,2800308,51,119
2008,2800308,52,537
2008,2800308,53,770
2008,2800308,55,1809
2008,2800308,56,5408
2008,2800308,58,522
2008,2800308,59,79
2008,2800308,60,571
2008,2800308,61,249
2008,2800308,62,317
2008,2800308,63,707
2008,2800308,64,1938
2008,2800308,65,458
2008,2800308,66,573
2008,2800308,68,243
2008,2800308,69,840
2008,2800308,70,123
2008,2800308,71,771
2008,2800308,72,268
2008,2800308,73,217
2008,2800308,74,121
2008,2800308,75,15
2008,2800308,77,968
2008,2800308,78,2199
2008,2800308,79,371
2008,2800308,80,4298
2008,2800308,81,5853
2008,2800308,82,1688
2008,2800308,84,58725
2008,2800308,85,9206
2008,2800308,86,9995
2008,2800308,87,69
2008,2800308,88,765
2008,2800308,90,123
2008,2800308,91,21
2008,2800308,92,7
2008,2800308,93,565
2008,2800308,94,3218
2008,2800308,95,409
2008,2800308,96,1002
2008,2800308,97,74
2009,2800308,01,1633
2009,2800308,03,3
2009,2800308,05,1
2009,2800308,06,1430
2009,2800308,08,88
2009,2800308,09,472
2009,2800308,10,1142
2009,2800308,11,522
2009,2800308,12,41
2009,2800308,13,1029
2009,2800308,14,1424
2009,2800308,15,33
2009,2800308,16,76
2009,2800308,17,111
2009,2800308,18,370
2009,2800308,19,91
2009,2800308,20,111
2009,2800308,21,13
2009,2800308,22,469
2009,2800308,23,918
2009,2800308,24,22
2009,2800308,25,612
2009,2800308,26,218
2009,2800308,27,691
2009,2800308,28,69
2009,2800308,29,44
2009,2800308,31,487
2009,2800308,32,149
2009,2800308,33,213
2009,2800308,35,990
2009,2800308,36,866
2009,2800308,38,2265
2009,2800308,41,11734
2009,2800308,42,1307
2009,2800308,43,1801
2009,2800308,45,3858
2009,2800308,46,4525
2009,2800308,47,23766
2009,2800308,49,5269
2009,2800308,50,42
2009,2800308,51,109
2009,2800308,52,711
2009,2800308,53,715
2009,2800308,55,1999
2009,2800308,56,5765
2009,2800308,58,418
2009,2800308,59,95
2009,2800308,60,579
2009,2800308,61,237
2009,2800308,62,447
2009,2800308,63,877
2009,2800308,64,2185
2009,2800308,65,404
2009,2800308,66,701
2009,2800308,68,288
2009,2800308,69,1050
2009,2800308,70,45
2009,2800308,71,588
2009,2800308,72,293
2009,2800308,73,217
2009,2800308,74,139
2009,2800308,75,17
2009,2800308,77,963
2009,2800308,78,2711
2009,2800308,79,491
2009,2800308,80,4938
2009,2800308,81,7310
2009,2800308,82,1733
2009,2800308,84,63744
2009,2800308,85,9691
2009,2800308,86,9797
2009,2800308,87,76
2009,2800308,88,729
2009,2800308,90,115
2009,2800308,91,30
2009,2800308,92,3
2009,2800308,93,622
2009,2800308,94,3852
2009,2800308,95,418
2009,2800308,96,1074
2009,2800308,97,81
2010,2800308,01,1556
2010,2800308,02,15
2010,2800308,03,4
2010,2800308,06,864
2010,2800308,07,1
2010,2800308,08,55
2010,2800308,09,234
2010,2800308,10,1530
2010,2800308,11,567
2010,2800308,12,24
2010,2800308,13,1141
2010,2800308,14,1344
2010,2800308,15,45
2010,2800308,16,247
2010,2800308,17,114
2010,2800308,18,448
2010,2800308,19,631
2010,2800308,20,94
2010,2800308,21,13
2010,2800308,22,437
2010,2800308,23,392
2010,2800308,24,23
2010,2800308,25,610
2010,2800308,26,237
2010,2800308,27,764
2010,2800308,28,110
2010,2800308,29,41
2010,2800308,31,351
2010,2800308,32,102
2010,2800308,33,330
2010,2800308,35,1095
2010,2800308,36,846
2010,2800308,37,3
2010,2800308,38,2869
2010,2800308,41,15729
2010,2800308,42,1568
2010,2800308,43,2540
2010,2800308,45,4160
2010,2800308,46,4535
2010,2800308,47,25698
2010,2800308,49,6020
2010,2800308,50,46
2010,2800308,51,152
2010,2800308,52,499
2010,2800308,53,748
2010,2800308,55,1957
2010,2800308,56,6604
2010,2800308,58,594
2010,2800308,59,117
2010,2800308,60,572
2010,2800308,61,286
2010,2800308,62,662
2010,2800308,63,746
2010,2800308,64,2168
2010,2800308,65,496
2010,2800308,66,810
2010,2800308,68,312
2010,2800308,69,1189
2010,2800308,70,146
2010,2800308,71,751
2010,2800308,72,306
2010,2800308,73,255
2010,2800308,74,150
2010,2800308,75,15
2010,2800308,77,1086
2010,2800308,78,2493
2010,2800308,79,514
2010,2800308,80,5272
2010,2800308,81,8406
2010,2800308,82,2121
2010,2800308,84,58936
2010,2800308,85,10473
2010,2800308,86,16074
2010,2800308,87,78
2010,2800308,88,388
2010,2800308,90,101
2010,2800308,91,4
2010,2800308,92,4
2010,2800308,93,650
2010,2800308,94,3242
2010,2800308,95,486
2010,2800308,96,1345
2010,2800308,97,26
2011,2800308,01,804
2011,2800308,02,3
2011,2800308,03,6
2011,2800308,06,923
2011,2800308,08,20
2011,2800308,09,375
2011,2800308,10,1439
2011,2800308,11,601
2011,2800308,12,23
2011,2800308,13,1133
2011,2800308,14,1000
2011,2800308,15,42
2011,2800308,16,55
2011,2800308,17,121
2011,2800308,18,516
2011,2800308,19,601
2011,2800308,20,109
2011,2800308,21,23
2011,2800308,22,385
2011,2800308,23,482
2011,2800308,24,31
2011,2800308,25,720
2011,2800308,26,249
2011,2800308,27,672
2011,2800308,28,127
2011,2800308,29,38
2011,2800308,31,664
2011,2800308,32,214
2011,2800308,33,342
2011,2800308,35,1109
2011,2800308,36,826
2011,2800308,37,16
2011,2800308,38,2906
2011,2800308,41,16114
2011,2800308,42,1659
2011,2800308,43,3338
2011,2800308,45,4552
2011,2800308,46,4613
2011,2800308,47,26767
2011,2800308,49,5977
2011,2800308,50,41
2011,2800308,51,187
2011,2800308,52,585
2011,2800308,53,801
2011,2800308,55,1946
2011,2800308,56,7106
2011,2800308,58,588
2011,2800308,59,104
2011,2800308,60,593
2011,2800308,61,321
2011,2800308,62,532
2011,2800308,63,909
2011,2800308,64,1480
2011,2800308,65,479
2011,2800308,66,904
2011,2800308,68,366
2011,2800308,69,1367
2011,2800308,70,177
2011,2800308,71,775
2011,2800308,72,314
2011,2800308,73,366
2011,2800308,74,1171
2011,2800308,75,29
2011,2800308,77,1094
2011,2800308,78,1930
2011,2800308,79,605
2011,2800308,80,5324
2011,2800308,81,9197
2011,2800308,82,2492
2011,2800308,84,59788
2011,2800308,85,11285
2011,2800308,86,17030
2011,2800308,87,166
2011,2800308,88,486
2011,2800308,90,113
2011,2800308,91,12
2011,2800308,92,8
2011,2800308,93,705
2011,2800308,94,3101
2011,2800308,95,570
2011,2800308,96,1511
2011,2800308,97,72
2011,2800308,99,1
2012,2800308,01,770
2012,2800308,02,2
2012,2800308,03,7
2012,2800308,05,38
2012,2800308,06,921
2012,2800308,08,33
2012,2800308,09,497
2012,2800308,10,1669
2012,2800308,11,684
2012,2800308,12,20
2012,2800308,13,867
2012,2800308,14,907
2012,2800308,15,50
2012,2800308,16,185
2012,2800308,17,131
2012,2800308,18,592
2012,2800308,19,664
2012,2800308,20,288
2012,2800308,21,5
2012,2800308,22,260
2012,2800308,23,591
2012,2800308,24,64
2012,2800308,25,573
2012,2800308,26,186
2012,2800308,27,777
2012,2800308,28,86
2012,2800308,29,58
2012,2800308,31,747
2012,2800308,32,261
2012,2800308,33,449
2012,2800308,35,1099
2012,2800308,36,803
2012,2800308,37,16
2012,2800308,38,2261
2012,2800308,41,17046
2012,2800308,42,1393
2012,2800308,43,3553
2012,2800308,45,4753
2012,2800308,46,5055
2012,2800308,47,27687
2012,2800308,49,6345
2012,2800308,50,24
2012,2800308,51,115
2012,2800308,52,611
2012,2800308,53,776
2012,2800308,55,2019
2012,2800308,56,7181
2012,2800308,58,567
2012,2800308,59,124
2012,2800308,60,596
2012,2800308,61,536
2012,2800308,62,571
2012,2800308,63,477
2012,2800308,64,2344
2012,2800308,65,467
2012,2800308,66,1384
2012,2800308,68,468
2012,2800308,69,1477
2012,2800308,70,145
2012,2800308,71,843
2012,2800308,72,311
2012,2800308,73,446
2012,2800308,74,1238
2012,2800308,75,26
2012,2800308,77,1272
2012,2800308,78,1883
2012,2800308,79,571
2012,2800308,80,5528
2012,2800308,81,10607
2012,2800308,82,2797
2012,2800308,84,57612
2012,2800308,85,11583
2012,2800308,86,17576
2012,2800308,87,178
2012,2800308,88,673
2012,2800308,90,128
2012,2800308,91,12
2012,2800308,92,2
2012,2800308,93,776
2012,2800308,94,3159
2012,2800308,95,581
2012,2800308,96,1670
2012,2800308,97,59
2012,2800308,99,7
2013,2800308,01,806
2013,2800308,03,9
2013,2800308,05,41
2013,2800308,06,899
2013,2800308,08,23
2013,2800308,09,168
2013,2800308,10,1647
2013,2800308,11,57
2013,2800308,12,17
2013,2800308,13,879
2013,2800308,14,866
2013,2800308,15,51
2013,2800308,16,130
2013,2800308,17,145
2013,2800308,18,513
2013,2800308,19,669
2013,2800308,20,283
2013,2800308,22,251
2013,2800308,23,607
2013,2800308,24,97
2013,2800308,25,553
2013,2800308,26,210
2013,2800308,27,904
2013,2800308,28,81
2013,2800308,29,37
2013,2800308,31,719
2013,2800308,32,313
2013,2800308,33,514
2013,2800308,35,1092
2013,2800308,36,774
2013,2800308,37,22
2013,2800308,38,2577
2013,2800308,41,18302
2013,2800308,42,1697
2013,2800308,43,3912
2013,2800308,45,4566
2013,2800308,46,4890
2013,2800308,47,27568
2013,2800308,49,5748
2013,2800308,50,15
2013,2800308,51,197
2013,2800308,52,689
2013,2800308,53,874
2013,2800308,55,1990
2013,2800308,56,7353
2013,2800308,58,513
2013,2800308,59,116
2013,2800308,60,551
2013,2800308,61,600
2013,2800308,62,655
2013,2800308,63,505
2013,2800308,64,2314
2013,2800308,65,589
2013,2800308,66,1267
2013,2800308,68,590
2013,2800308,69,1707
2013,2800308,70,133
2013,2800308,71,1041
2013,2800308,72,319
2013,2800308,73,505
2013,2800308,74,846
2013,2800308,75,26
2013,2800308,77,1425
2013,2800308,78,1665
2013,2800308,79,491
2013,2800308,80,5563
2013,2800308,81,8189
2013,2800308,82,6912
2013,2800308,84,56423
2013,2800308,85,11966
2013,2800308,86,18448
2013,2800308,87,246
2013,2800308,88,673
2013,2800308,90,123
2013,2800308,91,11
2013,2800308,92,12
2013,2800308,93,847
2013,2800308,94,3210
2013,2800308,95,591
2013,2800308,96,1713
2013,2800308,97,42
2013,2800308,99,5
2014,2800308,01,587
2014,2800308,03,6
2014,2800308,05,40
2014,2800308,06,835
2014,2800308,08,20
2014,2800308,09,257
2014,2800308,10,1724
2014,2800308,11,47
2014,2800308,12,18
2014,2800308,13,923
2014,2800308,14,591
2014,2800308,15,39
2014,2800308,16,140
2014,2800308,17,153
2014,2800308,18,492
2014,2800308,19,630
2014,2800308,20,320
2014,2800308,22,256
2014,2800308,23,590
2014,2800308,24,87
2014,2800308,25,650
2014,2800308,26,303
2014,2800308,27,729
2014,2800308,28,91
2014,2800308,29,32
2014,2800308,31,633
2014,2800308,32,264
2014,2800308,33,518
2014,2800308,35,1099
2014,2800308,36,827
2014,2800308,37,41
2014,2800308,38,2390
2014,2800308,41,17918
2014,2800308,42,1229
2014,2800308,43,4447
2014,2800308,45,4799
2014,2800308,46,5514
2014,2800308,47,28078
2014,2800308,49,6639
2014,2800308,50,13
2014,2800308,51,192
2014,2800308,52,760
2014,2800308,53,824
2014,2800308,55,2036
2014,2800308,56,7942
2014,2800308,58,482
2014,2800308,59,153
2014,2800308,60,553
2014,2800308,61,402
2014,2800308,62,624
2014,2800308,63,456
2014,2800308,64,2400
2014,2800308,65,668
2014,2800308,66,940
2014,2800308,68,558
2014,2800308,69,1851
2014,2800308,70,152
2014,2800308,71,710
2014,2800308,72,431
2014,2800308,73,592
2014,2800308,74,1336
2014,2800308,75,33
2014,2800308,77,1716
2014,2800308,78,1680
2014,2800308,79,554
2014,2800308,80,5669
2014,2800308,81,12410
2014,2800308,82,7726
2014,2800308,84,53731
2014,2800308,85,15494
2014,2800308,86,19685
2014,2800308,87,287
2014,2800308,88,687
2014,2800308,90,76
2014,2800308,91,14
2014,2800308,92,13
2014,2800308,93,970
2014,2800308,94,2949
2014,2800308,95,531
2014,2800308,96,1894
2014,2800308,97,45
2014,2800308,99,5
2015,2800308,01,364
2015,2800308,02,2
2015,2800308,03,1
2015,2800308,05,4
2015,2800308,06,822
2015,2800308,08,28
2015,2800308,09,160
2015,2800308,10,1641
2015,2800308,11,6
2015,2800308,12,20
2015,2800308,13,743
2015,2800308,14,537
2015,2800308,15,43
2015,2800308,16,71
2015,2800308,17,122
2015,2800308,18,483
2015,2800308,19,551
2015,2800308,20,288
2015,2800308,22,237
2015,2800308,23,515
2015,2800308,24,105
2015,2800308,25,531
2015,2800308,26,223
2015,2800308,27,735
2015,2800308,28,83
2015,2800308,29,27
2015,2800308,31,441
2015,2800308,32,267
2015,2800308,33,536
2015,2800308,35,1082
2015,2800308,36,878
2015,2800308,37,18
2015,2800308,38,2096
2015,2800308,41,15362
2015,2800308,42,1108
2015,2800308,43,4029
2015,2800308,45,4457
2015,2800308,46,5249
2015,2800308,47,27200
2015,2800308,49,6717
2015,2800308,50,14
2015,2800308,51,133
2015,2800308,52,640
2015,2800308,53,785
2015,2800308,55,2084
2015,2800308,56,8218
2015,2800308,58,386
2015,2800308,59,148
2015,2800308,60,554
2015,2800308,61,427
2015,2800308,62,651
2015,2800308,63,473
2015,2800308,64,2328
2015,2800308,65,537
2015,2800308,66,865
2015,2800308,68,714
2015,2800308,69,1847
2015,2800308,70,341
2015,2800308,71,728
2015,2800308,72,147
2015,2800308,73,402
2015,2800308,74,1020
2015,2800308,75,47
2015,2800308,77,1404
2015,2800308,78,1705
2015,2800308,79,475
2015,2800308,80,5725
2015,2800308,81,12969
2015,2800308,82,7777
2015,2800308,84,45666
2015,2800308,85,12873
2015,2800308,86,22000
2015,2800308,87,330
2015,2800308,88,635
2015,2800308,90,44
2015,2800308,91,22
2015,2800308,92,10
2015,2800308,93,1071
2015,2800308,94,2883
2015,2800308,95,480
2015,2800308,96,1706
2015,2800308,97,14
2015,2800308,99,4
2016,2800308,01,516
2016,2800308,02,2
2016,2800308,03,3
2016,2800308,06,741
2016,2800308,08,18
2016,2800308,09,111
2016,2800308,10,1720
2016,2800308,11,11
2016,2800308,12,10
2016,2800308,13,925
2016,2800308,14,483
2016,2800308,15,32
2016,2800308,16,46
2016,2800308,17,110
2016,2800308,18,409
2016,2800308,19,388
2016,2800308,20,265
2016,2800308,22,219
2016,2800308,23,333
2016,2800308,24,98
2016,2800308,25,419
2016,2800308,26,214
2016,2800308,27,814
2016,2800308,28,73
2016,2800308,29,27
2016,2800308,31,463
2016,2800308,32,238
2016,2800308,33,304
2016,2800308,35,1046
2016,2800308,36,926
2016,2800308,37,18
2016,2800308,38,1039
2016,2800308,41,11476
2016,2800308,42,937
2016,2800308,43,3490
2016,2800308,45,4368
2016,2800308,46,5185
2016,2800308,47,26221
2016,2800308,49,6188
2016,2800308,50,10
2016,2800308,51,163
2016,2800308,52,689
2016,2800308,53,716
2016,2800308,55,1945
2016,2800308,56,7872
2016,2800308,58,316
2016,2800308,59,147
2016,2800308,60,521
2016,2800308,61,454
2016,2800308,62,574
2016,2800308,63,494
2016,2800308,64,2274
2016,2800308,65,703
2016,2800308,66,871
2016,2800308,68,782
2016,2800308,69,1818
2016,2800308,70,362
2016,2800308,71,562
2016,2800308,72,214
2016,2800308,73,536
2016,2800308,74,1028
2016,2800308,75,56
2016,2800308,77,1460
2016,2800308,78,2256
2016,2800308,79,412
2016,2800308,80,6513
2016,2800308,81,13629
2016,2800308,82,8166
2016,2800308,84,52642
2016,2800308,85,13117
2016,2800308,86,19691
2016,2800308,87,337
2016,2800308,88,715
2016,2800308,90,137
2016,2800308,91,5
2016,2800308,92,10
2016,2800308,93,1098
2016,2800308,94,2870
2016,2800308,95,433
2016,2800308,96,1528
2016,2800308,97,9
2016,2800308,99,4
2017,2800308,01,503
2017,2800308,02,2
2017,2800308,03,3
2017,2800308,06,576
2017,2800308,08,19
2017,2800308,09,117
2017,2800308,10,1584
2017,2800308,11,12
2017,2800308,13,872
2017,2800308,14,411
2017,2800308,15,25
2017,2800308,16,39
2017,2800308,17,108
2017,2800308,18,388
2017,2800308,19,313
2017,2800308,20,251
2017,2800308,22,223
2017,2800308,23,357
2017,2800308,24,71
2017,2800308,25,520
2017,2800308,26,177
2017,2800308,27,1025
2017,2800308,28,78
2017,2800308,29,28
2017,2800308,31,372
2017,2800308,32,217
2017,2800308,33,284
2017,2800308,35,971
2017,2800308,36,944
2017,2800308,37,49
2017,2800308,38,1437
2017,2800308,41,9137
2017,2800308,42,1016
2017,2800308,43,3221
2017,2800308,45,4234
2017,2800308,46,4891
2017,2800308,47,26103
2017,2800308,49,6217
2017,2800308,50,10
2017,2800308,51,162
2017,2800308,52,665
2017,2800308,53,686
2017,2800308,55,2101
2017,2800308,56,8056
2017,2800308,58,240
2017,2800308,59,149
2017,2800308,60,472
2017,2800308,61,426
2017,2800308,62,642
2017,2800308,63,411
2017,2800308,64,2231
2017,2800308,65,831
2017,2800308,66,817
2017,2800308,68,745
2017,2800308,69,1841
2017,2800308,70,240
2017,2800308,71,483
2017,2800308,72,245
2017,2800308,73,447
2017,2800308,74,1004
2017,2800308,75,59
2017,2800308,77,1379
2017,2800308,78,3321
2017,2800308,79,394
2017,2800308,80,4026
2017,2800308,81,13580
2017,2800308,82,8414
2017,2800308,84,54669
2017,2800308,85,13165
2017,2800308,86,20392
2017,2800308,87,370
2017,2800308,88,816
2017,2800308,90,52
2017,2800308,91,2
2017,2800308,92,8
2017,2800308,93,1085
2017,2800308,94,2762
2017,2800308,95,492
2017,2800308,96,1432
2017,2800308,97,9
2018,2800308,01,447
2018,2800308,02,2
2018,2800308,03,3
2018,2800308,06,588
2018,2800308,08,23
2018,2800308,09,121
2018,2800308,10,1666
2018,2800308,11,29
2018,2800308,13,742
2018,2800308,14,325
2018,2800308,15,41
2018,2800308,16,36
2018,2800308,17,159
2018,2800308,18,355
2018,2800308,19,282
2018,2800308,20,230
2018,2800308,22,257
2018,2800308,23,294
2018,2800308,24,82
2018,2800308,25,462
2018,2800308,26,121
2018,2800308,27,1267
2018,2800308,28,72
2018,2800308,29,24
2018,2800308,31,306
2018,2800308,32,219
2018,2800308,33,412
2018,2800308,35,945
2018,2800308,36,969
2018,2800308,38,1498
2018,2800308,41,8284
2018,2800308,42,2358
2018,2800308,43,2660
2018,2800308,45,4063
2018,2800308,46,4967
2018,2800308,47,25600
2018,2800308,49,6142
2018,2800308,50,12
2018,2800308,51,163
2018,2800308,52,634
2018,2800308,53,696
2018,2800308,55,1906
2018,2800308,56,8296
2018,2800308,58,194
2018,2800308,59,155
2018,2800308,60,462
2018,2800308,61,498
2018,2800308,62,676
2018,2800308,63,318
2018,2800308,64,2189
2018,2800308,65,888
2018,2800308,66,878
2018,2800308,68,713
2018,2800308,69,1802
2018,2800308,70,311
2018,2800308,71,648
2018,2800308,72,361
2018,2800308,73,581
2018,2800308,74,938
2018,2800308,75,62
2018,2800308,77,1079
2018,2800308,78,1073
2018,2800308,79,393
2018,2800308,80,5214
2018,2800308,81,16233
2018,2800308,82,7512
2018,2800308,84,52346
2018,2800308,85,13053
2018,2800308,86,21272
2018,2800308,87,425
2018,2800308,88,934
2018,2800308,90,44
2018,2800308,91,2
2018,2800308,92,6
2018,2800308,93,1007
2018,2800308,94,2476
2018,2800308,95,457
2018,2800308,96,1406
2018,2800308,97,9
2019,2800308,01,602
2019,2800308,02,2
2019,2800308,03,2
2019,2800308,06,596
2019,2800308,08,28
2019,2800308,09,203
2019,2800308,10,1931
2019,2800308,11,20
2019,2800308,13,609
2019,2800308,14,445
2019,2800308,15,41
2019,2800308,16,40
2019,2800308,17,170
2019,2800308,18,348
2019,2800308,19,269
2019,2800308,20,222
2019,2800308,22,206
2019,2800308,23,237
2019,2800308,24,80
2019,2800308,25,567
2019,2800308,26,86
2019,2800308,27,1008
2019,2800308,28,62
2019,2800308,29,30
2019,2800308,31,298
2019,2800308,32,237
2019,2800308,33,327
2019,2800308,35,1030
2019,2800308,36,937
2019,2800308,38,1947
2019,2800308,41,9729
2019,2800308,42,1416
2019,2800308,43,1967
2019,2800308,45,4049
2019,2800308,46,4699
2019,2800308,47,25536
2019,2800308,49,5542
2019,2800308,50,29
2019,2800308,51,162
2019,2800308,52,597
2019,2800308,53,779
2019,2800308,55,1781
2019,2800308,56,8072
2019,2800308,58,124
2019,2800308,59,158
2019,2800308,60,471
2019,2800308,61,767
2019,2800308,62,881
2019,2800308,63,343
2019,2800308,64,2189
2019,2800308,65,534
2019,2800308,66,805
2019,2800308,68,836
2019,2800308,69,1805
2019,2800308,70,351
2019,2800308,71,764
2019,2800308,72,324
2019,2800308,73,900
2019,2800308,74,281
2019,2800308,75,86
2019,2800308,77,1282
2019,2800308,78,963
2019,2800308,79,355
2019,2800308,80,5183
2019,2800308,81,16090
2019,2800308,82,8385
2019,2800308,84,22863
2019,2800308,85,13287
2019,2800308,86,21403
2019,2800308,87,471
2019,2800308,88,824
2019,2800308,90,51
2019,2800308,91,24
2019,2800308,93,983
2019,2800308,94,2645
2019,2800308,95,366
2019,2800308,96,1377
2019,2800308,97,13
2020,2800308,01,701
2020,2800308,02,2
2020,2800308,03,2
2020,2800308,06,338
2020,2800308,08,25
2020,2800308,09,249
2020,2800308,10,2073
2020,2800308,11,14
2020,2800308,13,624
2020,2800308,14,405
2020,2800308,15,19
2020,2800308,16,28
2020,2800308,17,170
2020,2800308,18,323
2020,2800308,19,211
2020,2800308,20,228
2020,2800308,22,186
2020,2800308,23,226
2020,2800308,24,72
2020,2800308,25,415
2020,2800308,26,108
2020,2800308,27,1555
2020,2800308,28,73
2020,2800308,29,29
2020,2800308,31,295
2020,2800308,32,224
2020,2800308,33,318
2020,2800308,35,1064
2020,2800308,36,977
2020,2800308,38,2004
2020,2800308,41,9545
2020,2800308,42,2505
2020,2800308,43,2447
2020,2800308,45,3856
2020,2800308,46,4589
2020,2800308,47,25053
2020,2800308,49,5165
2020,2800308,50,13
2020,2800308,51,115
2020,2800308,52,501
2020,2800308,53,741
2020,2800308,55,1488
2020,2800308,56,6980
2020,2800308,58,108
2020,2800308,59,127
2020,2800308,60,444
2020,2800308,61,916
2020,2800308,62,845
2020,2800308,63,309
2020,2800308,64,2173
2020,2800308,65,485
2020,2800308,66,799
2020,2800308,68,865
2020,2800308,69,1729
2020,2800308,70,395
2020,2800308,71,1122
2020,2800308,72,307
2020,2800308,73,646
2020,2800308,74,190
2020,2800308,75,93
2020,2800308,77,934
2020,2800308,78,1092
2020,2800308,79,244
2020,2800308,80,5503
2020,2800308,81,16207
2020,2800308,82,8683
2020,2800308,84,48083
2020,2800308,85,12171
2020,2800308,86,21566
2020,2800308,87,453
2020,2800308,88,921
2020,2800308,90,20
2020,2800308,91,31
2020,2800308,92,8
2020,2800308,93,806
2020,2800308,94,2389
2020,2800308,95,330
2020,2800308,96,1349
2020,2800308,97,4
2021,2800308,01,588
2021,2800308,02,2
2021,2800308,03,2
2021,2800308,06,143
2021,2800308,08,20
2021,2800308,09,171
2021,2800308,10,1996
2021,2800308,11,18
2021,2800308,13,691
2021,2800308,14,419
2021,2800308,15,39
2021,2800308,16,44
2021,2800308,17,160
2021,2800308,18,322
2021,2800308,19,126
2021,2800308,20,216
2021,2800308,22,184
2021,2800308,23,244
2021,2800308,24,92
2021,2800308,25,542
2021,2800308,26,86
2021,2800308,27,1222
2021,2800308,28,85
2021,2800308,29,30
2021,2800308,30,1
2021,2800308,31,288
2021,2800308,32,257
2021,2800308,33,343
2021,2800308,35,1114
2021,2800308,36,876
2021,2800308,38,1815
2021,2800308,41,11602
2021,2800308,42,2526
2021,2800308,43,2875
2021,2800308,45,4124
2021,2800308,46,4958
2021,2800308,47,26487
2021,2800308,49,4606
2021,2800308,50,14
2021,2800308,51,128
2021,2800308,52,642
2021,2800308,53,694
2021,2800308,55,1621
2021,2800308,56,7171
2021,2800308,58,142
2021,2800308,59,175
2021,2800308,60,483
2021,2800308,61,922
2021,2800308,62,720
2021,2800308,63,399
2021,2800308,64,2086
2021,2800308,65,592
2021,2800308,66,819
2021,2800308,68,1018
2021,2800308,69,1831
2021,2800308,70,541
2021,2800308,71,1541
2021,2800308,72,293
2021,2800308,73,576
2021,2800308,74,497
2021,2800308,75,130
2021,2800308,77,1141
2021,2800308,78,1052
2021,2800308,79,236
2021,2800308,80,5667
2021,2800308,81,16152
2021,2800308,82,8914
2021,2800308,84,49597
2021,2800308,85,12492
2021,2800308,86,21278
2021,2800308,87,493
2021,2800308,88,937
2021,2800308,90,26
2021,2800308,91,40
2021,2800308,93,917
2021,2800308,94,2136
2021,2800308,95,383
2021,2800308,96,1350
2021,2800308,97,8
2022,2800308,01,693
2022,2800308,02,2
2022,2800308,03,6
2022,2800308,06,227
2022,2800308,08,19
2022,2800308,09,227
2022,2800308,10,2262
2022,2800308,11,23
2022,2800308,13,494
2022,2800308,14,486
2022,2800308,15,37
2022,2800308,16,44
2022,2800308,17,126
2022,2800308,18,336
2022,2800308,19,62
2022,2800308,20,232
2022,2800308,22,194
2022,2800308,23,273
2022,2800308,24,105
2022,2800308,25,575
2022,2800308,27,1025
2022,2800308,28,68
2022,2800308,29,30
2022,2800308,31,354
2022,2800308,32,270
2022,2800308,33,390
2022,2800308,35,1155
2022,2800308,36,874
2022,2800308,38,2134
2022,2800308,41,11299
2022,2800308,42,2189
2022,2800308,43,3050
2022,2800308,45,4493
2022,2800308,46,5135
2022,2800308,47,27686
2022,2800308,49,4304
2022,2800308,50,15
2022,2800308,51,126
2022,2800308,52,746
2022,2800308,53,757
2022,2800308,55,1842
2022,2800308,56,8702
2022,2800308,58,179
2022,2800308,59,209
2022,2800308,60,495
2022,2800308,61,907
2022,2800308,62,750
2022,2800308,63,498
2022,2800308,64,2059
2022,2800308,65,594
2022,2800308,66,871
2022,2800308,68,1035
2022,2800308,69,2101
2022,2800308,70,574
2022,2800308,71,2368
2022,2800308,72,275
2022,2800308,73,728
2022,2800308,74,792
2022,2800308,75,173
2022,2800308,77,1185
2022,2800308,78,1892
2022,2800308,79,257
2022,2800308,80,5639
2022,2800308,81,16899
2022,2800308,82,6187
2022,2800308,84,53493
2022,2800308,85,13400
2022,2800308,86,21853
2022,2800308,87,515
2022,2800308,88,882
2022,2800308,90,152
2022,2800308,91,59
2022,2800308,93,1038
2022,2800308,94,2433
2022,2800308,95,508
2022,2800308,96,1519
2022,2800308,97,5
2022,2800308,99,7
2023,2800308,01,705
2023,2800308,02,2
2023,2800308,03,2
2023,2800308,06,365
2023,2800308,08,20
2023,2800308,09,14
2023,2800308,10,2334
2023,2800308,11,25
2023,2800308,13,492
2023,2800308,14,475
2023,2800308,15,39
2023,2800308,16,45
2023,2800308,17,147
2023,2800308,18,313
2023,2800308,19,5
2023,2800308,20,287
2023,2800308,22,194
2023,2800308,23,302
2023,2800308,24,55
2023,2800308,25,700
2023,2800308,27,837
2023,2800308,28,54
2023,2800308,29,34
2023,2800308,31,359
2023,2800308,32,242
2023,2800308,33,494
2023,2800308,35,1252
2023,2800308,36,857
2023,2800308,38,2281
2023,2800308,41,12937
2023,2800308,42,2283
2023,2800308,43,4710
2023,2800308,45,4664
2023,2800308,46,5401
2023,2800308,47,28443
2023,2800308,49,4073
2023,2800308,50,17
2023,2800308,51,126
2023,2800308,52,666
2023,2800308,53,678
2023,2800308,55,1864
2023,2800308,56,9237
2023,2800308,58,179
2023,2800308,59,203
2023,2800308,60,466
2023,2800308,61,890
2023,2800308,62,1014
2023,2800308,63,388
2023,2800308,64,2207
2023,2800308,65,626
2023,2800308,66,834
2023,2800308,68,1077
2023,2800308,69,2129
2023,2800308,70,453
2023,2800308,71,2535
2023,2800308,72,323
2023,2800308,73,753
2023,2800308,74,784
2023,2800308,75,174
2023,2800308,77,1335
2023,2800308,78,2034
2023,2800308,79,303
2023,2800308,80,5647
2023,2800308,81,15109
2023,2800308,82,6010
2023,2800308,84,59958
2023,2800308,85,13718
2023,2800308,86,22977
2023,2800308,87,695
2023,2800308,88,771
2023,2800308,90,180
2023,2800308,91,50
2023,2800308,93,1241
2023,2800308,94,2508
2023,2800308,95,517
2023,2800308,96,1416
2023,2800308,97,1
2002,2927408,NA,554971
2003,2927408,NA,565376
2004,2927408,NA,588863
2005,2927408,NA,634026
2006,2927408,00,69655
2006,2927408,01,1219
2006,2927408,02,1
2006,2927408,03,25
2006,2927408,05,1
2006,2927408,06,939
2006,2927408,07,2
2006,2927408,08,360
2006,2927408,09,1510
2006,2927408,10,3944
2006,2927408,11,397
2006,2927408,12,78
2006,2927408,13,1212
2006,2927408,14,3694
2006,2927408,15,190
2006,2927408,16,355
2006,2927408,17,295
2006,2927408,18,881
2006,2927408,19,190
2006,2927408,20,1001
2006,2927408,21,26
2006,2927408,22,1693
2006,2927408,23,1022
2006,2927408,24,260
2006,2927408,25,1257
2006,2927408,26,438
2006,2927408,27,344
2006,2927408,28,402
2006,2927408,29,141
2006,2927408,30,118
2006,2927408,31,1177
2006,2927408,32,252
2006,2927408,33,717
2006,2927408,35,1898
2006,2927408,36,3470
2006,2927408,37,67
2006,2927408,38,3593
2006,2927408,39,10
2006,2927408,41,22336
2006,2927408,42,9958
2006,2927408,43,7486
2006,2927408,45,10650
2006,2927408,46,17681
2006,2927408,47,77712
2006,2927408,49,24717
2006,2927408,50,608
2006,2927408,51,520
2006,2927408,52,5414
2006,2927408,53,3241
2006,2927408,55,6448
2006,2927408,56,20673
2006,2927408,58,1452
2006,2927408,59,349
2006,2927408,60,1152
2006,2927408,61,2167
2006,2927408,62,3722
2006,2927408,63,1714
2006,2927408,64,8782
2006,2927408,65,1106
2006,2927408,66,1658
2006,2927408,68,1881
2006,2927408,69,2691
2006,2927408,70,1544
2006,2927408,71,3142
2006,2927408,72,728
2006,2927408,73,931
2006,2927408,74,2805
2006,2927408,75,72
2006,2927408,77,2993
2006,2927408,78,12861
2006,2927408,79,1732
2006,2927408,80,7799
2006,2927408,81,23524
2006,2927408,82,18063
2006,2927408,84,137343
2006,2927408,85,35169
2006,2927408,86,37234
2006,2927408,87,2920
2006,2927408,88,2579
2006,2927408,90,529
2006,2927408,91,119
2006,2927408,92,137
2006,2927408,93,2471
2006,2927408,94,19859
2006,2927408,95,1931
2006,2927408,96,4613
2006,2927408,97,75
2006,2927408,99,20
2007,2927408,00,72162
2007,2927408,01,1043
2007,2927408,02,3
2007,2927408,03,28
2007,2927408,05,4
2007,2927408,06,956
2007,2927408,07,35
2007,2927408,08,270
2007,2927408,09,1539
2007,2927408,10,3775
2007,2927408,11,406
2007,2927408,12,79
2007,2927408,13,641
2007,2927408,14,4186
2007,2927408,15,159
2007,2927408,16,250
2007,2927408,17,317
2007,2927408,18,764
2007,2927408,19,197
2007,2927408,20,1172
2007,2927408,21,13
2007,2927408,22,1973
2007,2927408,23,1156
2007,2927408,24,192
2007,2927408,25,1584
2007,2927408,26,646
2007,2927408,27,370
2007,2927408,28,407
2007,2927408,29,161
2007,2927408,30,177
2007,2927408,31,1562
2007,2927408,32,340
2007,2927408,33,758
2007,2927408,35,1635
2007,2927408,36,3640
2007,2927408,37,93
2007,2927408,38,3872
2007,2927408,41,24070
2007,2927408,42,13532
2007,2927408,43,6955
2007,2927408,45,11511
2007,2927408,46,17035
2007,2927408,47,82141
2007,2927408,49,24561
2007,2927408,50,738
2007,2927408,51,664
2007,2927408,52,6346
2007,2927408,53,3429
2007,2927408,55,6506
2007,2927408,56,22764
2007,2927408,58,1475
2007,2927408,59,371
2007,2927408,60,1190
2007,2927408,61,2122
2007,2927408,62,4361
2007,2927408,63,1752
2007,2927408,64,8789
2007,2927408,65,1523
2007,2927408,66,1637
2007,2927408,68,1880
2007,2927408,69,2927
2007,2927408,70,3057
2007,2927408,71,3621
2007,2927408,72,1082
2007,2927408,73,884
2007,2927408,74,2446
2007,2927408,75,81
2007,2927408,77,2619
2007,2927408,78,13581
2007,2927408,79,1735
2007,2927408,80,8020
2007,2927408,81,26720
2007,2927408,82,20031
2007,2927408,84,142057
2007,2927408,85,36311
2007,2927408,86,40318
2007,2927408,87,2807
2007,2927408,88,1575
2007,2927408,90,531
2007,2927408,91,104
2007,2927408,92,40
2007,2927408,93,2442
2007,2927408,94,16685
2007,2927408,95,1583
2007,2927408,96,4799
2007,2927408,97,64
2007,2927408,99,50
2008,2927408,00,75865
2008,2927408,01,1222
2008,2927408,02,5
2008,2927408,03,41
2008,2927408,05,7
2008,2927408,06,934
2008,2927408,07,111
2008,2927408,08,266
2008,2927408,09,2153
2008,2927408,10,3972
2008,2927408,11,347
2008,2927408,12,81
2008,2927408,13,820
2008,2927408,14,3911
2008,2927408,15,159
2008,2927408,16,280
2008,2927408,17,361
2008,2927408,18,955
2008,2927408,19,263
2008,2927408,20,995
2008,2927408,21,42
2008,2927408,22,1684
2008,2927408,23,1238
2008,2927408,24,180
2008,2927408,25,1941
2008,2927408,26,426
2008,2927408,27,395
2008,2927408,28,422
2008,2927408,29,104
2008,2927408,30,115
2008,2927408,31,1166
2008,2927408,32,263
2008,2927408,33,785
2008,2927408,35,1876
2008,2927408,36,3524
2008,2927408,37,95
2008,2927408,38,3904
2008,2927408,41,28175
2008,2927408,42,15790
2008,2927408,43,7937
2008,2927408,45,12268
2008,2927408,46,18018
2008,2927408,47,85810
2008,2927408,49,24997
2008,2927408,50,839
2008,2927408,51,596
2008,2927408,52,8630
2008,2927408,53,3771
2008,2927408,55,6807
2008,2927408,56,24025
2008,2927408,58,1511
2008,2927408,59,366
2008,2927408,60,1258
2008,2927408,61,2183
2008,2927408,62,4536
2008,2927408,63,1935
2008,2927408,64,9265
2008,2927408,65,1701
2008,2927408,66,1666
2008,2927408,68,2499
2008,2927408,69,3278
2008,2927408,70,3147
2008,2927408,71,4898
2008,2927408,72,1826
2008,2927408,73,1062
2008,2927408,74,2601
2008,2927408,75,88
2008,2927408,77,3461
2008,2927408,78,16843
2008,2927408,79,1506
2008,2927408,80,6837
2008,2927408,81,30084
2008,2927408,82,20787
2008,2927408,84,146859
2008,2927408,85,30550
2008,2927408,86,37451
2008,2927408,87,3241
2008,2927408,88,1485
2008,2927408,90,524
2008,2927408,91,88
2008,2927408,92,27
2008,2927408,93,2565
2008,2927408,94,18088
2008,2927408,95,1763
2008,2927408,96,5321
2008,2927408,97,53
2008,2927408,99,69
2009,2927408,01,1026
2009,2927408,02,14
2009,2927408,03,17
2009,2927408,05,1
2009,2927408,06,827
2009,2927408,07,67
2009,2927408,08,264
2009,2927408,09,2090
2009,2927408,10,3975
2009,2927408,11,339
2009,2927408,12,78
2009,2927408,13,648
2009,2927408,14,4659
2009,2927408,15,166
2009,2927408,16,336
2009,2927408,17,339
2009,2927408,18,1308
2009,2927408,19,467
2009,2927408,20,1157
2009,2927408,21,21
2009,2927408,22,1970
2009,2927408,23,1355
2009,2927408,24,175
2009,2927408,25,2044
2009,2927408,26,497
2009,2927408,27,399
2009,2927408,28,360
2009,2927408,29,86
2009,2927408,30,108
2009,2927408,31,1371
2009,2927408,32,482
2009,2927408,33,1049
2009,2927408,35,1845
2009,2927408,36,3447
2009,2927408,37,144
2009,2927408,38,4414
2009,2927408,41,40405
2009,2927408,42,21489
2009,2927408,43,10656
2009,2927408,45,13442
2009,2927408,46,19139
2009,2927408,47,89772
2009,2927408,49,25116
2009,2927408,50,917
2009,2927408,51,755
2009,2927408,52,9540
2009,2927408,53,3180
2009,2927408,55,6704
2009,2927408,56,25683
2009,2927408,58,1558
2009,2927408,59,453
2009,2927408,60,1217
2009,2927408,61,2229
2009,2927408,62,5569
2009,2927408,63,2002
2009,2927408,64,9175
2009,2927408,65,1613
2009,2927408,66,1516
2009,2927408,68,2438
2009,2927408,69,4092
2009,2927408,70,2616
2009,2927408,71,5481
2009,2927408,72,2573
2009,2927408,73,1077
2009,2927408,74,2567
2009,2927408,75,94
2009,2927408,77,3741
2009,2927408,78,19870
2009,2927408,79,1777
2009,2927408,80,8108
2009,2927408,81,30343
2009,2927408,82,23258
2009,2927408,84,214400
2009,2927408,85,34292
2009,2927408,86,38959
2009,2927408,87,1261
2009,2927408,88,1568
2009,2927408,90,549
2009,2927408,91,91
2009,2927408,92,19
2009,2927408,93,2946
2009,2927408,94,18875
2009,2927408,95,1730
2009,2927408,96,6057
2009,2927408,97,57
2009,2927408,99,85
2010,2927408,01,1020
2010,2927408,02,7
2010,2927408,03,15
2010,2927408,06,228
2010,2927408,07,42
2010,2927408,08,302
2010,2927408,09,41
2010,2927408,10,4636
2010,2927408,11,377
2010,2927408,12,97
2010,2927408,13,587
2010,2927408,14,4472
2010,2927408,15,202
2010,2927408,16,245
2010,2927408,17,322
2010,2927408,18,1600
2010,2927408,19,3115
2010,2927408,20,1232
2010,2927408,21,29
2010,2927408,22,2072
2010,2927408,23,1330
2010,2927408,24,170
2010,2927408,25,2936
2010,2927408,26,406
2010,2927408,27,447
2010,2927408,28,392
2010,2927408,29,97
2010,2927408,30,94
2010,2927408,31,1246
2010,2927408,32,562
2010,2927408,33,1742
2010,2927408,35,1867
2010,2927408,36,3187
2010,2927408,37,133
2010,2927408,38,5104
2010,2927408,41,52549
2010,2927408,42,21742
2010,2927408,43,14904
2010,2927408,45,13860
2010,2927408,46,20910
2010,2927408,47,94716
2010,2927408,49,27370
2010,2927408,50,972
2010,2927408,51,814
2010,2927408,52,6471
2010,2927408,53,3299
2010,2927408,55,6933
2010,2927408,56,27359
2010,2927408,58,1437
2010,2927408,59,522
2010,2927408,60,1342
2010,2927408,61,2575
2010,2927408,62,5979
2010,2927408,63,2012
2010,2927408,64,9485
2010,2927408,65,1739
2010,2927408,66,1531
2010,2927408,68,3223
2010,2927408,69,4675
2010,2927408,70,1598
2010,2927408,71,5669
2010,2927408,72,2075
2010,2927408,73,1206
2010,2927408,74,2787
2010,2927408,75,99
2010,2927408,77,4422
2010,2927408,78,19553
2010,2927408,79,1923
2010,2927408,80,8584
2010,2927408,81,28899
2010,2927408,82,27210
2010,2927408,84,213372
2010,2927408,85,34416
2010,2927408,86,41431
2010,2927408,87,1109
2010,2927408,88,1809
2010,2927408,90,589
2010,2927408,91,60
2010,2927408,92,7
2010,2927408,93,3063
2010,2927408,94,21249
2010,2927408,95,2057
2010,2927408,96,6455
2010,2927408,97,49
2010,2927408,99,92
2011,2927408,01,1224
2011,2927408,02,8
2011,2927408,03,13
2011,2927408,06,375
2011,2927408,07,44
2011,2927408,08,314
2011,2927408,09,27
2011,2927408,10,5622
2011,2927408,11,1462
2011,2927408,12,110
2011,2927408,13,499
2011,2927408,14,3977
2011,2927408,15,187
2011,2927408,16,288
2011,2927408,17,286
2011,2927408,18,1869
2011,2927408,19,2800
2011,2927408,20,1198
2011,2927408,21,86
2011,2927408,22,2096
2011,2927408,23,1595
2011,2927408,24,153
2011,2927408,25,3431
2011,2927408,26,378
2011,2927408,27,449
2011,2927408,28,339
2011,2927408,29,106
2011,2927408,30,110
2011,2927408,31,1455
2011,2927408,32,729
2011,2927408,33,1856
2011,2927408,35,1840
2011,2927408,36,4657
2011,2927408,37,174
2011,2927408,38,5386
2011,2927408,41,46705
2011,2927408,42,26967
2011,2927408,43,15083
2011,2927408,45,15070
2011,2927408,46,20740
2011,2927408,47,95759
2011,2927408,49,28614
2011,2927408,50,894
2011,2927408,51,829
2011,2927408,52,8160
2011,2927408,53,3754
2011,2927408,55,6559
2011,2927408,56,29084
2011,2927408,58,1231
2011,2927408,59,474
2011,2927408,60,1489
2011,2927408,61,9080
2011,2927408,62,6335
2011,2927408,63,1727
2011,2927408,64,9983
2011,2927408,65,1781
2011,2927408,66,1482
2011,2927408,68,4644
2011,2927408,69,5208
2011,2927408,70,1375
2011,2927408,71,8147
2011,2927408,72,2030
2011,2927408,73,1364
2011,2927408,74,3318
2011,2927408,75,85
2011,2927408,77,5012
2011,2927408,78,17383
2011,2927408,79,2077
2011,2927408,80,8785
2011,2927408,81,28738
2011,2927408,82,24795
2011,2927408,84,207670
2011,2927408,85,42213
2011,2927408,86,44073
2011,2927408,87,1286
2011,2927408,88,1529
2011,2927408,90,726
2011,2927408,91,328
2011,2927408,92,10
2011,2927408,93,3275
2011,2927408,94,22563
2011,2927408,95,2513
2011,2927408,96,6212
2011,2927408,97,81
2011,2927408,99,94
2012,2927408,01,1028
2012,2927408,02,8
2012,2927408,03,3
2012,2927408,06,2439
2012,2927408,07,48
2012,2927408,08,391
2012,2927408,09,44
2012,2927408,10,5707
2012,2927408,11,1616
2012,2927408,12,128
2012,2927408,13,550
2012,2927408,14,4193
2012,2927408,15,267
2012,2927408,16,343
2012,2927408,17,276
2012,2927408,18,1899
2012,2927408,19,732
2012,2927408,20,1177
2012,2927408,21,204
2012,2927408,22,2252
2012,2927408,23,1557
2012,2927408,24,147
2012,2927408,25,3227
2012,2927408,26,326
2012,2927408,27,395
2012,2927408,28,297
2012,2927408,29,100
2012,2927408,30,130
2012,2927408,31,1658
2012,2927408,32,755
2012,2927408,33,2130
2012,2927408,35,1852
2012,2927408,36,5170
2012,2927408,37,192
2012,2927408,38,4791
2012,2927408,41,50037
2012,2927408,42,24643
2012,2927408,43,17354
2012,2927408,45,15575
2012,2927408,46,20427
2012,2927408,47,101622
2012,2927408,49,29659
2012,2927408,50,269
2012,2927408,51,779
2012,2927408,52,7785
2012,2927408,53,3983
2012,2927408,55,6983
2012,2927408,56,30441
2012,2927408,58,1048
2012,2927408,59,608
2012,2927408,60,1486
2012,2927408,61,13007
2012,2927408,62,6644
2012,2927408,63,1740
2012,2927408,64,10166
2012,2927408,65,1901
2012,2927408,66,1239
2012,2927408,68,4311
2012,2927408,69,5954
2012,2927408,70,1411
2012,2927408,71,9109
2012,2927408,72,2334
2012,2927408,73,1550
2012,2927408,74,3105
2012,2927408,75,89
2012,2927408,77,5695
2012,2927408,78,16312
2012,2927408,79,1907
2012,2927408,80,9745
2012,2927408,81,32377
2012,2927408,82,26368
2012,2927408,84,195874
2012,2927408,85,44851
2012,2927408,86,46768
2012,2927408,87,1168
2012,2927408,88,2215
2012,2927408,90,1229
2012,2927408,91,327
2012,2927408,92,8
2012,2927408,93,3520
2012,2927408,94,21684
2012,2927408,95,2594
2012,2927408,96,6260
2012,2927408,97,30
2012,2927408,99,77
2013,2927408,01,1142
2013,2927408,02,11
2013,2927408,03,3
2013,2927408,05,1
2013,2927408,06,2582
2013,2927408,07,44
2013,2927408,08,366
2013,2927408,09,39
2013,2927408,10,6196
2013,2927408,11,1962
2013,2927408,12,100
2013,2927408,13,510
2013,2927408,14,3831
2013,2927408,15,288
2013,2927408,16,394
2013,2927408,17,247
2013,2927408,18,1712
2013,2927408,19,506
2013,2927408,20,1162
2013,2927408,21,146
2013,2927408,22,2305
2013,2927408,23,1631
2013,2927408,24,267
2013,2927408,25,3250
2013,2927408,26,124
2013,2927408,27,419
2013,2927408,28,287
2013,2927408,29,152
2013,2927408,30,115
2013,2927408,31,1729
2013,2927408,32,581
2013,2927408,33,3027
2013,2927408,35,2106
2013,2927408,36,4952
2013,2927408,37,225
2013,2927408,38,5776
2013,2927408,41,49430
2013,2927408,42,26569
2013,2927408,43,15492
2013,2927408,45,15187
2013,2927408,46,21583
2013,2927408,47,103675
2013,2927408,49,30313
2013,2927408,50,912
2013,2927408,51,767
2013,2927408,52,8511
2013,2927408,53,4036
2013,2927408,55,6864
2013,2927408,56,33589
2013,2927408,58,1018
2013,2927408,59,694
2013,2927408,60,1536
2013,2927408,61,13848
2013,2927408,62,5927
2013,2927408,63,1522
2013,2927408,64,10321
2013,2927408,65,1967
2013,2927408,66,1165
2013,2927408,68,3980
2013,2927408,69,6380
2013,2927408,70,1786
2013,2927408,71,9270
2013,2927408,72,2177
2013,2927408,73,1502
2013,2927408,74,3046
2013,2927408,75,100
2013,2927408,77,5814
2013,2927408,78,11242
2013,2927408,79,1871
2013,2927408,80,9235
2013,2927408,81,33588
2013,2927408,82,29196
2013,2927408,84,142030
2013,2927408,85,44322
2013,2927408,86,48385
2013,2927408,87,1246
2013,2927408,88,2544
2013,2927408,90,1099
2013,2927408,91,290
2013,2927408,92,6
2013,2927408,93,3768
2013,2927408,94,20885
2013,2927408,95,2898
2013,2927408,96,6564
2013,2927408,97,32
2013,2927408,99,68
2014,2927408,01,1088
2014,2927408,02,20
2014,2927408,03,4
2014,2927408,06,2396
2014,2927408,07,160
2014,2927408,08,364
2014,2927408,09,40
2014,2927408,10,6603
2014,2927408,11,1783
2014,2927408,12,112
2014,2927408,13,543
2014,2927408,14,3688
2014,2927408,15,273
2014,2927408,16,356
2014,2927408,17,245
2014,2927408,18,1623
2014,2927408,19,321
2014,2927408,20,1243
2014,2927408,21,1
2014,2927408,22,2482
2014,2927408,23,1728
2014,2927408,24,273
2014,2927408,25,2463
2014,2927408,26,290
2014,2927408,27,362
2014,2927408,28,366
2014,2927408,29,151
2014,2927408,30,88
2014,2927408,31,1915
2014,2927408,32,548
2014,2927408,33,2560
2014,2927408,35,1865
2014,2927408,36,4876
2014,2927408,37,222
2014,2927408,38,5861
2014,2927408,39,100
2014,2927408,41,35049
2014,2927408,42,28992
2014,2927408,43,16093
2014,2927408,45,14704
2014,2927408,46,22713
2014,2927408,47,102512
2014,2927408,49,30782
2014,2927408,50,1119
2014,2927408,51,863
2014,2927408,52,9722
2014,2927408,53,3851
2014,2927408,55,6859
2014,2927408,56,33154
2014,2927408,58,1264
2014,2927408,59,662
2014,2927408,60,1709
2014,2927408,61,11094
2014,2927408,62,5987
2014,2927408,63,1487
2014,2927408,64,10203
2014,2927408,65,2174
2014,2927408,66,1231
2014,2927408,68,3627
2014,2927408,69,6561
2014,2927408,70,1809
2014,2927408,71,12976
2014,2927408,72,2110
2014,2927408,73,1871
2014,2927408,74,2905
2014,2927408,75,101
2014,2927408,77,5977
2014,2927408,78,13943
2014,2927408,79,1838
2014,2927408,80,9048
2014,2927408,81,33453
2014,2927408,82,32751
2014,2927408,84,197725
2014,2927408,85,47022
2014,2927408,86,49274
2014,2927408,87,1165
2014,2927408,88,2361
2014,2927408,90,1127
2014,2927408,91,258
2014,2927408,92,8
2014,2927408,93,3955
2014,2927408,94,18968
2014,2927408,95,3010
2014,2927408,96,6704
2014,2927408,97,44
2014,2927408,99,67
2015,2927408,01,1018
2015,2927408,02,12
2015,2927408,03,5
2015,2927408,06,1992
2015,2927408,07,43
2015,2927408,08,285
2015,2927408,09,39
2015,2927408,10,6754
2015,2927408,11,1504
2015,2927408,12,117
2015,2927408,13,714
2015,2927408,14,3255
2015,2927408,15,243
2015,2927408,16,223
2015,2927408,17,153
2015,2927408,18,1445
2015,2927408,19,286
2015,2927408,20,1152
2015,2927408,21,151
2015,2927408,22,1762
2015,2927408,23,1447
2015,2927408,24,215
2015,2927408,25,2055
2015,2927408,26,104
2015,2927408,27,314
2015,2927408,28,587
2015,2927408,29,148
2015,2927408,30,42
2015,2927408,31,1738
2015,2927408,32,576
2015,2927408,33,2736
2015,2927408,35,1944
2015,2927408,36,4846
2015,2927408,37,183
2015,2927408,38,5506
2015,2927408,39,86
2015,2927408,41,29482
2015,2927408,42,24557
2015,2927408,43,13753
2015,2927408,45,13309
2015,2927408,46,21293
2015,2927408,47,99711
2015,2927408,49,30127
2015,2927408,50,969
2015,2927408,51,835
2015,2927408,52,8824
2015,2927408,53,3603
2015,2927408,55,6501
2015,2927408,56,31665
2015,2927408,58,1135
2015,2927408,59,628
2015,2927408,60,1604
2015,2927408,61,7044
2015,2927408,62,5091
2015,2927408,63,1466
2015,2927408,64,10044
2015,2927408,65,2242
2015,2927408,66,1307
2015,2927408,68,5005
2015,2927408,69,6721
2015,2927408,70,1464
2015,2927408,71,9130
2015,2927408,72,777
2015,2927408,73,1860
2015,2927408,74,1583
2015,2927408,75,149
2015,2927408,77,4901
2015,2927408,78,11521
2015,2927408,79,1476
2015,2927408,80,7909
2015,2927408,81,32900
2015,2927408,82,29926
2015,2927408,84,190256
2015,2927408,85,48418
2015,2927408,86,52197
2015,2927408,87,1526
2015,2927408,88,2724
2015,2927408,90,1122
2015,2927408,91,256
2015,2927408,92,11
2015,2927408,93,4124
2015,2927408,94,18330
2015,2927408,95,2612
2015,2927408,96,6423
2015,2927408,97,31
2015,2927408,99,62
2016,2927408,01,985
2016,2927408,02,12
2016,2927408,03,33
2016,2927408,06,1740
2016,2927408,07,40
2016,2927408,08,312
2016,2927408,09,46
2016,2927408,10,6887
2016,2927408,11,1351
2016,2927408,12,117
2016,2927408,13,479
2016,2927408,14,2896
2016,2927408,15,199
2016,2927408,16,197
2016,2927408,17,149
2016,2927408,18,1822
2016,2927408,19,249
2016,2927408,20,1145
2016,2927408,21,3
2016,2927408,22,1738
2016,2927408,23,1182
2016,2927408,24,216
2016,2927408,25,1614
2016,2927408,26,68
2016,2927408,27,309
2016,2927408,28,324
2016,2927408,29,125
2016,2927408,30,45
2016,2927408,31,1664
2016,2927408,32,585
2016,2927408,33,3284
2016,2927408,35,2048
2016,2927408,36,4515
2016,2927408,37,170
2016,2927408,38,5515
2016,2927408,39,121
2016,2927408,41,22444
2016,2927408,42,23640
2016,2927408,43,10123
2016,2927408,45,12330
2016,2927408,46,19591
2016,2927408,47,94118
2016,2927408,49,28508
2016,2927408,50,1081
2016,2927408,51,859
2016,2927408,52,7720
2016,2927408,53,3499
2016,2927408,55,6128
2016,2927408,56,30829
2016,2927408,58,424
2016,2927408,59,558
2016,2927408,60,1560
2016,2927408,61,6271
2016,2927408,62,4734
2016,2927408,63,1310
2016,2927408,64,9670
2016,2927408,65,2199
2016,2927408,66,1291
2016,2927408,68,4210
2016,2927408,69,6804
2016,2927408,70,1410
2016,2927408,71,8217
2016,2927408,72,559
2016,2927408,73,1972
2016,2927408,74,1590
2016,2927408,75,184
2016,2927408,77,4600
2016,2927408,78,7124
2016,2927408,79,1314
2016,2927408,80,8113
2016,2927408,81,30983
2016,2927408,82,30397
2016,2927408,84,186879
2016,2927408,85,48130
2016,2927408,86,54924
2016,2927408,87,1684
2016,2927408,88,2273
2016,2927408,90,1006
2016,2927408,91,239
2016,2927408,92,12
2016,2927408,93,4026
2016,2927408,94,16902
2016,2927408,95,2121
2016,2927408,96,5924
2016,2927408,97,29
2016,2927408,99,45
2017,2927408,01,921
2017,2927408,02,11
2017,2927408,03,3
2017,2927408,05,1
2017,2927408,06,1695
2017,2927408,07,43
2017,2927408,08,284
2017,2927408,09,45
2017,2927408,10,7594
2017,2927408,11,1180
2017,2927408,13,324
2017,2927408,14,2784
2017,2927408,15,168
2017,2927408,16,245
2017,2927408,17,130
2017,2927408,18,961
2017,2927408,20,1163
2017,2927408,21,23
2017,2927408,22,1739
2017,2927408,23,932
2017,2927408,24,68
2017,2927408,25,1507
2017,2927408,26,62
2017,2927408,27,245
2017,2927408,28,328
2017,2927408,29,127
2017,2927408,30,39
2017,2927408,31,1649
2017,2927408,32,541
2017,2927408,33,2793
2017,2927408,35,2064
2017,2927408,36,4550
2017,2927408,37,136
2017,2927408,38,5562
2017,2927408,39,154
2017,2927408,41,18454
2017,2927408,42,19033
2017,2927408,43,11249
2017,2927408,45,11949
2017,2927408,46,19393
2017,2927408,47,93099
2017,2927408,49,29550
2017,2927408,50,904
2017,2927408,51,1011
2017,2927408,52,7354
2017,2927408,53,3387
2017,2927408,55,5949
2017,2927408,56,29034
2017,2927408,58,700
2017,2927408,59,587
2017,2927408,60,1062
2017,2927408,61,2517
2017,2927408,62,4264
2017,2927408,63,1272
2017,2927408,64,9048
2017,2927408,65,2271
2017,2927408,66,1288
2017,2927408,68,4066
2017,2927408,69,6934
2017,2927408,70,1789
2017,2927408,71,9869
2017,2927408,72,490
2017,2927408,73,1992
2017,2927408,74,2005
2017,2927408,75,250
2017,2927408,77,5020
2017,2927408,78,8089
2017,2927408,79,1270
2017,2927408,80,7412
2017,2927408,81,30753
2017,2927408,82,32626
2017,2927408,84,198805
2017,2927408,85,50771
2017,2927408,86,57434
2017,2927408,87,1658
2017,2927408,88,2378
2017,2927408,90,995
2017,2927408,91,232
2017,2927408,92,13
2017,2927408,93,4123
2017,2927408,94,16985
2017,2927408,95,2245
2017,2927408,96,5071
2017,2927408,97,28
2017,2927408,99,47
2018,2927408,01,924
2018,2927408,02,4
2018,2927408,03,4
2018,2927408,06,1481
2018,2927408,07,47
2018,2927408,08,261
2018,2927408,09,28
2018,2927408,10,8021
2018,2927408,11,1270
2018,2927408,13,234
2018,2927408,14,2688
2018,2927408,15,150
2018,2927408,16,224
2018,2927408,17,150
2018,2927408,18,1149
2018,2927408,20,1062
2018,2927408,21,20
2018,2927408,22,1168
2018,2927408,23,882
2018,2927408,24,32
2018,2927408,25,1574
2018,2927408,26,58
2018,2927408,27,200
2018,2927408,28,314
2018,2927408,29,132
2018,2927408,30,19
2018,2927408,31,1724
2018,2927408,32,544
2018,2927408,33,2423
2018,2927408,35,2074
2018,2927408,36,5249
2018,2927408,37,143
2018,2927408,38,6839
2018,2927408,39,184
2018,2927408,41,16308
2018,2927408,42,18100
2018,2927408,43,10480
2018,2927408,45,11848
2018,2927408,46,18059
2018,2927408,47,90584
2018,2927408,49,28890
2018,2927408,50,892
2018,2927408,51,977
2018,2927408,52,7675
2018,2927408,53,3457
2018,2927408,55,6257
2018,2927408,56,28409
2018,2927408,58,598
2018,2927408,59,617
2018,2927408,60,1536
2018,2927408,61,2645
2018,2927408,62,4941
2018,2927408,63,1347
2018,2927408,64,8775
2018,2927408,65,2211
2018,2927408,66,1551
2018,2927408,68,3502
2018,2927408,69,6496
2018,2927408,70,1390
2018,2927408,71,9284
2018,2927408,72,464
2018,2927408,73,2472
2018,2927408,74,1592
2018,2927408,75,267
2018,2927408,77,3157
2018,2927408,78,8085
2018,2927408,79,1240
2018,2927408,80,6867
2018,2927408,81,32892
2018,2927408,82,32067
2018,2927408,84,202889
2018,2927408,85,57083
2018,2927408,86,59572
2018,2927408,87,1635
2018,2927408,88,2267
2018,2927408,90,946
2018,2927408,91,296
2018,2927408,92,2
2018,2927408,93,4115
2018,2927408,94,16923
2018,2927408,95,2229
2018,2927408,96,5017
2018,2927408,97,10
2018,2927408,99,59
2019,2927408,01,733
2019,2927408,02,14
2019,2927408,03,85
2019,2927408,06,1381
2019,2927408,07,46
2019,2927408,08,194
2019,2927408,09,113
2019,2927408,10,7606
2019,2927408,11,706
2019,2927408,13,265
2019,2927408,14,2496
2019,2927408,15,115
2019,2927408,16,138
2019,2927408,17,150
2019,2927408,18,870
2019,2927408,19,23
2019,2927408,20,1021
2019,2927408,22,1185
2019,2927408,23,815
2019,2927408,24,147
2019,2927408,25,1515
2019,2927408,26,64
2019,2927408,27,323
2019,2927408,28,324
2019,2927408,29,176
2019,2927408,30,30
2019,2927408,31,1131
2019,2927408,32,624
2019,2927408,33,2398
2019,2927408,35,2252
2019,2927408,36,5201
2019,2927408,37,156
2019,2927408,38,8309
2019,2927408,39,260
2019,2927408,41,18019
2019,2927408,42,13791
2019,2927408,43,10929
2019,2927408,45,11781
2019,2927408,46,22659
2019,2927408,47,84657
2019,2927408,49,26816
2019,2927408,50,799
2019,2927408,51,1372
2019,2927408,52,6834
2019,2927408,53,3401
2019,2927408,55,5984
2019,2927408,56,28062
2019,2927408,58,680
2019,2927408,59,619
2019,2927408,60,1560
2019,2927408,61,2623
2019,2927408,62,4889
2019,2927408,63,1526
2019,2927408,64,8402
2019,2927408,65,1483
2019,2927408,66,1992
2019,2927408,68,3367
2019,2927408,69,6607
2019,2927408,70,1445
2019,2927408,71,9312
2019,2927408,72,294
2019,2927408,73,2917
2019,2927408,74,1358
2019,2927408,75,261
2019,2927408,77,4556
2019,2927408,78,8322
2019,2927408,79,1085
2019,2927408,80,5842
2019,2927408,81,34350
2019,2927408,82,27347
2019,2927408,84,140521
2019,2927408,85,53113
2019,2927408,86,59887
2019,2927408,87,1699
2019,2927408,88,2625
2019,2927408,90,470
2019,2927408,91,575
2019,2927408,92,4
2019,2927408,93,4242
2019,2927408,94,17846
2019,2927408,95,2084
2019,2927408,96,4112
2019,2927408,97,15
2019,2927408,99,20
2020,2927408,01,593
2020,2927408,03,81
2020,2927408,06,898
2020,2927408,07,43
2020,2927408,08,196
2020,2927408,09,93
2020,2927408,10,6935
2020,2927408,11,620
2020,2927408,13,197
2020,2927408,14,2044
2020,2927408,15,85
2020,2927408,16,110
2020,2927408,17,116
2020,2927408,18,790
2020,2927408,19,10
2020,2927408,20,1029
2020,2927408,22,1034
2020,2927408,23,853
2020,2927408,24,122
2020,2927408,25,1737
2020,2927408,26,71
2020,2927408,27,341
2020,2927408,28,306
2020,2927408,29,111
2020,2927408,30,27
2020,2927408,31,1193
2020,2927408,32,600
2020,2927408,33,2783
2020,2927408,35,2292
2020,2927408,36,4921
2020,2927408,37,172
2020,2927408,38,8278
2020,2927408,39,287
2020,2927408,41,20014
2020,2927408,42,18545
2020,2927408,43,10898
2020,2927408,45,11197
2020,2927408,46,20439
2020,2927408,47,80600
2020,2927408,49,25452
2020,2927408,50,760
2020,2927408,51,834
2020,2927408,52,6809
2020,2927408,53,3380
2020,2927408,55,4073
2020,2927408,56,21737
2020,2927408,58,787
2020,2927408,59,495
2020,2927408,60,1570
2020,2927408,61,2839
2020,2927408,62,5065
2020,2927408,63,1597
2020,2927408,64,7356
2020,2927408,65,1411
2020,2927408,66,1980
2020,2927408,68,3137
2020,2927408,69,6167
2020,2927408,70,2175
2020,2927408,71,6068
2020,2927408,72,449
2020,2927408,73,2730
2020,2927408,74,1246
2020,2927408,75,313
2020,2927408,77,4694
2020,2927408,78,11724
2020,2927408,79,639
2020,2927408,80,4788
2020,2927408,81,36123
2020,2927408,82,27561
2020,2927408,84,181909
2020,2927408,85,48140
2020,2927408,86,74944
2020,2927408,87,1686
2020,2927408,88,2321
2020,2927408,90,367
2020,2927408,91,554
2020,2927408,92,4
2020,2927408,93,3699
2020,2927408,94,15275
2020,2927408,95,1947
2020,2927408,96,3104
2020,2927408,97,30
2020,2927408,99,11
2021,2927408,01,811
2021,2927408,02,1
2021,2927408,03,82
2021,2927408,06,266
2021,2927408,07,52
2021,2927408,08,210
2021,2927408,09,129
2021,2927408,10,6689
2021,2927408,11,656
2021,2927408,13,227
2021,2927408,14,2014
2021,2927408,15,81
2021,2927408,16,92
2021,2927408,17,88
2021,2927408,18,761
2021,2927408,19,1
2021,2927408,20,984
2021,2927408,22,1166
2021,2927408,23,961
2021,2927408,24,117
2021,2927408,25,1625
2021,2927408,26,83
2021,2927408,27,256
2021,2927408,28,337
2021,2927408,29,102
2021,2927408,30,26
2021,2927408,31,1364
2021,2927408,32,547
2021,2927408,33,2925
2021,2927408,35,2587
2021,2927408,36,4788
2021,2927408,37,184
2021,2927408,38,8777
2021,2927408,39,277
2021,2927408,41,20842
2021,2927408,42,20381
2021,2927408,43,10621
2021,2927408,45,11518
2021,2927408,46,21662
2021,2927408,47,80373
2021,2927408,49,27758
2021,2927408,50,985
2021,2927408,51,758
2021,2927408,52,7548
2021,2927408,53,3205
2021,2927408,55,4703
2021,2927408,56,22802
2021,2927408,58,768
2021,2927408,59,409
2021,2927408,60,1590
2021,2927408,61,2855
2021,2927408,62,5894
2021,2927408,63,1635
2021,2927408,64,7738
2021,2927408,65,1363
2021,2927408,66,2177
2021,2927408,68,3444
2021,2927408,69,6397
2021,2927408,70,1745
2021,2927408,71,7497
2021,2927408,72,448
2021,2927408,73,2907
2021,2927408,74,1450
2021,2927408,75,415
2021,2927408,77,5210
2021,2927408,78,13889
2021,2927408,79,607
2021,2927408,80,4746
2021,2927408,81,40271
2021,2927408,82,29436
2021,2927408,84,183667
2021,2927408,85,42895
2021,2927408,86,78670
2021,2927408,87,1723
2021,2927408,88,2239
2021,2927408,90,341
2021,2927408,91,608
2021,2927408,93,3131
2021,2927408,94,10714
2021,2927408,95,2097
2021,2927408,96,3144
2021,2927408,97,12
2021,2927408,99,17
2022,2927408,01,558
2022,2927408,02,1
2022,2927408,03,94
2022,2927408,06,408
2022,2927408,07,137
2022,2927408,08,213
2022,2927408,09,54
2022,2927408,10,7829
2022,2927408,11,673
2022,2927408,13,326
2022,2927408,14,2158
2022,2927408,15,87
2022,2927408,16,116
2022,2927408,17,151
2022,2927408,18,865
2022,2927408,19,16
2022,2927408,20,1072
2022,2927408,21,9
2022,2927408,22,1250
2022,2927408,23,862
2022,2927408,24,130
2022,2927408,25,1590
2022,2927408,26,121
2022,2927408,27,271
2022,2927408,28,467
2022,2927408,29,142
2022,2927408,30,27
2022,2927408,31,1043
2022,2927408,32,702
2022,2927408,33,4743
2022,2927408,35,2654
2022,2927408,36,4256
2022,2927408,37,94
2022,2927408,38,9530
2022,2927408,39,265
2022,2927408,41,25771
2022,2927408,42,19699
2022,2927408,43,13021
2022,2927408,45,12166
2022,2927408,46,22162
2022,2927408,47,86298
2022,2927408,49,29130
2022,2927408,50,938
2022,2927408,51,757
2022,2927408,52,7975
2022,2927408,53,3328
2022,2927408,55,5482
2022,2927408,56,28028
2022,2927408,58,659
2022,2927408,59,551
2022,2927408,60,1305
2022,2927408,61,3069
2022,2927408,62,6710
2022,2927408,63,2476
2022,2927408,64,6722
2022,2927408,65,1296
2022,2927408,66,2256
2022,2927408,68,3473
2022,2927408,69,8343
2022,2927408,70,2072
2022,2927408,71,7617
2022,2927408,72,487
2022,2927408,73,4138
2022,2927408,74,1475
2022,2927408,75,1120
2022,2927408,77,6595
2022,2927408,78,16306
2022,2927408,79,834
2022,2927408,80,4802
2022,2927408,81,41812
2022,2927408,82,28567
2022,2927408,84,176652
2022,2927408,85,53156
2022,2927408,86,81660
2022,2927408,87,2652
2022,2927408,88,1841
2022,2927408,90,717
2022,2927408,91,272
2022,2927408,93,3846
2022,2927408,94,11539
2022,2927408,95,1899
2022,2927408,96,3562
2022,2927408,97,19
2022,2927408,99,26
2023,2927408,01,854
2023,2927408,03,88
2023,2927408,06,1142
2023,2927408,07,130
2023,2927408,08,208
2023,2927408,09,48
2023,2927408,10,8018
2023,2927408,11,122
2023,2927408,13,363
2023,2927408,14,2527
2023,2927408,15,74
2023,2927408,16,112
2023,2927408,17,94
2023,2927408,18,1024
2023,2927408,19,31
2023,2927408,20,813
2023,2927408,21,5
2023,2927408,22,1317
2023,2927408,23,913
2023,2927408,24,128
2023,2927408,25,1147
2023,2927408,26,106
2023,2927408,27,372
2023,2927408,28,526
2023,2927408,29,153
2023,2927408,30,28
2023,2927408,31,994
2023,2927408,32,780
2023,2927408,33,2524
2023,2927408,35,2569
2023,2927408,36,4682
2023,2927408,37,96
2023,2927408,38,8770
2023,2927408,39,251
2023,2927408,41,27855
2023,2927408,42,21541
2023,2927408,43,13370
2023,2927408,45,12313
2023,2927408,46,27855
2023,2927408,47,80465
2023,2927408,49,29186
2023,2927408,50,627
2023,2927408,51,821
2023,2927408,52,8982
2023,2927408,53,3151
2023,2927408,55,5546
2023,2927408,56,29107
2023,2927408,58,466
2023,2927408,59,640
2023,2927408,60,1318
2023,2927408,61,3136
2023,2927408,62,6925
2023,2927408,63,3290
2023,2927408,64,6832
2023,2927408,65,1307
2023,2927408,66,1826
2023,2927408,68,2714
2023,2927408,69,7612
2023,2927408,70,2087
2023,2927408,71,9095
2023,2927408,72,491
2023,2927408,73,4700
2023,2927408,74,1476
2023,2927408,75,1004
2023,2927408,77,7677
2023,2927408,78,15022
2023,2927408,79,904
2023,2927408,80,5299
2023,2927408,81,46406
2023,2927408,82,31317
2023,2927408,84,200908
2023,2927408,85,55675
2023,2927408,86,84685
2023,2927408,87,2767
2023,2927408,88,1733
2023,2927408,90,761
2023,2927408,91,274
2023,2927408,93,4078
2023,2927408,94,11565
2023,2927408,95,1816
2023,2927408,96,3499
2023,2927408,97,3
2023,2927408,99,26
2002,3106200,NA,927121
2003,3106200,NA,940846
2004,3106200,NA,997273
2005,3106200,NA,1072389
2006,3106200,00,13069
2006,3106200,01,7342
2006,3106200,02,239
2006,3106200,03,72
2006,3106200,05,1
2006,3106200,07,1181
2006,3106200,08,461
2006,3106200,09,12
2006,3106200,10,6903
2006,3106200,11,1397
2006,3106200,13,1776
2006,3106200,14,7583
2006,3106200,15,2758
2006,3106200,16,408
2006,3106200,17,1088
2006,3106200,18,2598
2006,3106200,19,23
2006,3106200,20,1987
2006,3106200,21,794
2006,3106200,22,3011
2006,3106200,23,1891
2006,3106200,24,7195
2006,3106200,25,5320
2006,3106200,26,1417
2006,3106200,27,1475
2006,3106200,28,2217
2006,3106200,29,2450
2006,3106200,30,30
2006,3106200,31,2222
2006,3106200,32,2179
2006,3106200,33,2003
2006,3106200,35,10704
2006,3106200,36,11125
2006,3106200,37,226
2006,3106200,38,2790
2006,3106200,39,3
2006,3106200,41,32245
2006,3106200,42,52469
2006,3106200,43,14158
2006,3106200,45,18559
2006,3106200,46,21730
2006,3106200,47,111903
2006,3106200,49,32871
2006,3106200,50,3
2006,3106200,51,1040
2006,3106200,52,4086
2006,3106200,53,4822
2006,3106200,55,4690
2006,3106200,56,30336
2006,3106200,58,3715
2006,3106200,59,452
2006,3106200,60,2227
2006,3106200,61,6493
2006,3106200,62,18972
2006,3106200,63,8869
2006,3106200,64,15174
2006,3106200,65,3012
2006,3106200,66,4042
2006,3106200,68,2136
2006,3106200,69,5730
2006,3106200,70,1756
2006,3106200,71,9833
2006,3106200,72,900
2006,3106200,73,1736
2006,3106200,74,4341
2006,3106200,75,191
2006,3106200,77,6239
2006,3106200,78,28860
2006,3106200,79,1713
2006,3106200,80,17163
2006,3106200,81,60908
2006,3106200,82,27357
2006,3106200,84,278942
2006,3106200,85,38194
2006,3106200,86,43553
2006,3106200,87,1815
2006,3106200,88,4291
2006,3106200,90,693
2006,3106200,91,250
2006,3106200,92,231
2006,3106200,93,5841
2006,3106200,94,31190
2006,3106200,95,2094
2006,3106200,96,5246
2006,3106200,97,210
2006,3106200,99,13
2007,3106200,00,37584
2007,3106200,01,4693
2007,3106200,02,261
2007,3106200,03,75
2007,3106200,05,2
2007,3106200,06,2
2007,3106200,07,1649
2007,3106200,08,404
2007,3106200,09,132
2007,3106200,10,7176
2007,3106200,11,1314
2007,3106200,13,1996
2007,3106200,14,7600
2007,3106200,15,2645
2007,3106200,16,323
2007,3106200,17,1388
2007,3106200,18,3018
2007,3106200,19,26
2007,3106200,20,2077
2007,3106200,21,792
2007,3106200,22,3409
2007,3106200,23,2120
2007,3106200,24,7737
2007,3106200,25,5375
2007,3106200,26,1925
2007,3106200,27,1607
2007,3106200,28,2371
2007,3106200,29,2936
2007,3106200,30,52
2007,3106200,31,2378
2007,3106200,32,2814
2007,3106200,33,2096
2007,3106200,35,10762
2007,3106200,36,11221
2007,3106200,37,259
2007,3106200,38,2519
2007,3106200,39,2
2007,3106200,41,35309
2007,3106200,42,51407
2007,3106200,43,16519
2007,3106200,45,20186
2007,3106200,46,24454
2007,3106200,47,116740
2007,3106200,49,35960
2007,3106200,50,20
2007,3106200,51,911
2007,3106200,52,4498
2007,3106200,53,5381
2007,3106200,55,4853
2007,3106200,56,33943
2007,3106200,58,3660
2007,3106200,59,406
2007,3106200,60,2065
2007,3106200,61,6264
2007,3106200,62,14829
2007,3106200,63,4969
2007,3106200,64,16247
2007,3106200,65,3195
2007,3106200,66,6302
2007,3106200,68,2457
2007,3106200,69,6109
2007,3106200,70,3301
2007,3106200,71,13543
2007,3106200,72,932
2007,3106200,73,1955
2007,3106200,74,3750
2007,3106200,75,164
2007,3106200,77,7013
2007,3106200,78,29808
2007,3106200,79,1900
2007,3106200,80,18925
2007,3106200,81,66192
2007,3106200,82,43897
2007,3106200,84,345920
2007,3106200,85,39923
2007,3106200,86,32404
2007,3106200,87,1969
2007,3106200,88,4530
2007,3106200,90,811
2007,3106200,91,276
2007,3106200,92,54
2007,3106200,93,6582
2007,3106200,94,33625
2007,3106200,95,2478
2007,3106200,96,5409
2007,3106200,97,203
2007,3106200,99,169
2008,3106200,00,4076
2008,3106200,01,3520
2008,3106200,02,481
2008,3106200,03,73
2008,3106200,06,13
2008,3106200,07,1136
2008,3106200,08,332
2008,3106200,09,214
2008,3106200,10,7066
2008,3106200,11,1272
2008,3106200,13,1994
2008,3106200,14,7629
2008,3106200,15,2125
2008,3106200,16,457
2008,3106200,17,1239
2008,3106200,18,3393
2008,3106200,19,101
2008,3106200,20,2046
2008,3106200,21,744
2008,3106200,22,2594
2008,3106200,23,2215
2008,3106200,24,8435
2008,3106200,25,5865
2008,3106200,26,2268
2008,3106200,27,2066
2008,3106200,28,2629
2008,3106200,29,2911
2008,3106200,30,46
2008,3106200,31,2279
2008,3106200,32,2897
2008,3106200,33,1487
2008,3106200,35,10407
2008,3106200,36,11076
2008,3106200,37,198
2008,3106200,38,2361
2008,3106200,39,4
2008,3106200,41,44934
2008,3106200,42,52238
2008,3106200,43,19488
2008,3106200,45,21418
2008,3106200,46,26414
2008,3106200,47,120426
2008,3106200,49,37010
2008,3106200,50,5
2008,3106200,51,1096
2008,3106200,52,4998
2008,3106200,53,5847
2008,3106200,55,5298
2008,3106200,56,36534
2008,3106200,58,3748
2008,3106200,59,452
2008,3106200,60,2128
2008,3106200,61,6149
2008,3106200,62,15365
2008,3106200,63,5140
2008,3106200,64,17983
2008,3106200,65,2859
2008,3106200,66,5840
2008,3106200,68,2633
2008,3106200,69,6621
2008,3106200,70,3692
2008,3106200,71,18227
2008,3106200,72,2045
2008,3106200,73,2385
2008,3106200,74,4189
2008,3106200,75,174
2008,3106200,77,8261
2008,3106200,78,29361
2008,3106200,79,2107
2008,3106200,80,19796
2008,3106200,81,71115
2008,3106200,82,52947
2008,3106200,84,366024
2008,3106200,85,41411
2008,3106200,86,47175
2008,3106200,87,1828
2008,3106200,88,5420
2008,3106200,90,859
2008,3106200,91,242
2008,3106200,92,48
2008,3106200,93,6711
2008,3106200,94,29852
2008,3106200,95,2839
2008,3106200,96,6097
2008,3106200,97,226
2008,3106200,99,12
2009,3106200,01,3110
2009,3106200,02,575
2009,3106200,03,17
2009,3106200,06,43
2009,3106200,07,1890
2009,3106200,08,357
2009,3106200,09,57
2009,3106200,10,6817
2009,3106200,11,1256
2009,3106200,13,1990
2009,3106200,14,7205
2009,3106200,15,2095
2009,3106200,16,463
2009,3106200,17,957
2009,3106200,18,3467
2009,3106200,19,64
2009,3106200,20,1820
2009,3106200,21,778
2009,3106200,22,2334
2009,3106200,23,2307
2009,3106200,24,7764
2009,3106200,25,5340
2009,3106200,26,2239
2009,3106200,27,1825
2009,3106200,28,2110
2009,3106200,29,3510
2009,3106200,30,42
2009,3106200,31,2342
2009,3106200,32,2964
2009,3106200,33,1807
2009,3106200,35,9765
2009,3106200,36,11482
2009,3106200,37,164
2009,3106200,38,2424
2009,3106200,39,5
2009,3106200,41,48111
2009,3106200,42,56574
2009,3106200,43,20211
2009,3106200,45,21913
2009,3106200,46,28512
2009,3106200,47,123079
2009,3106200,49,37541
2009,3106200,50,5
2009,3106200,51,1770
2009,3106200,52,6144
2009,3106200,53,5505
2009,3106200,55,5168
2009,3106200,56,37793
2009,3106200,58,3806
2009,3106200,59,732
2009,3106200,60,2108
2009,3106200,61,6010
2009,3106200,62,13247
2009,3106200,63,4283
2009,3106200,64,17593
2009,3106200,65,2826
2009,3106200,66,5945
2009,3106200,68,3020
2009,3106200,69,8996
2009,3106200,70,3627
2009,3106200,71,18175
2009,3106200,72,1583
2009,3106200,73,2620
2009,3106200,74,4599
2009,3106200,75,180
2009,3106200,77,8449
2009,3106200,78,25083
2009,3106200,79,2177
2009,3106200,80,21635
2009,3106200,81,78789
2009,3106200,82,54103
2009,3106200,84,359784
2009,3106200,85,44195
2009,3106200,86,50508
2009,3106200,87,1927
2009,3106200,88,5818
2009,3106200,90,901
2009,3106200,91,436
2009,3106200,92,44
2009,3106200,93,6920
2009,3106200,94,32004
2009,3106200,95,3237
2009,3106200,96,6296
2009,3106200,97,224
2009,3106200,99,17
2010,3106200,01,3087
2010,3106200,02,639
2010,3106200,03,66
2010,3106200,05,6
2010,3106200,06,36
2010,3106200,07,2477
2010,3106200,08,391
2010,3106200,09,130
2010,3106200,10,7274
2010,3106200,11,1377
2010,3106200,13,2001
2010,3106200,14,7712
2010,3106200,15,2202
2010,3106200,16,489
2010,3106200,17,933
2010,3106200,18,3552
2010,3106200,19,182
2010,3106200,20,2023
2010,3106200,21,772
2010,3106200,22,2239
2010,3106200,23,2587
2010,3106200,24,7640
2010,3106200,25,5680
2010,3106200,26,2336
2010,3106200,27,2010
2010,3106200,28,2681
2010,3106200,29,4279
2010,3106200,30,31
2010,3106200,31,2404
2010,3106200,32,3297
2010,3106200,33,2222
2010,3106200,35,8874
2010,3106200,36,11458
2010,3106200,37,158
2010,3106200,38,3238
2010,3106200,39,3
2010,3106200,41,53338
2010,3106200,42,56365
2010,3106200,43,23845
2010,3106200,45,23271
2010,3106200,46,32485
2010,3106200,47,133049
2010,3106200,49,38301
2010,3106200,50,3
2010,3106200,51,2149
2010,3106200,52,6844
2010,3106200,53,5898
2010,3106200,55,5451
2010,3106200,56,41420
2010,3106200,58,3832
2010,3106200,59,798
2010,3106200,60,2274
2010,3106200,61,5893
2010,3106200,62,14570
2010,3106200,63,3844
2010,3106200,64,18720
2010,3106200,65,3055
2010,3106200,66,6184
2010,3106200,68,3784
2010,3106200,69,10710
2010,3106200,70,4091
2010,3106200,71,23863
2010,3106200,72,1961
2010,3106200,73,2601
2010,3106200,74,4069
2010,3106200,75,181
2010,3106200,77,9618
2010,3106200,78,19274
2010,3106200,79,2534
2010,3106200,80,25077
2010,3106200,81,87073
2010,3106200,82,63459
2010,3106200,84,363174
2010,3106200,85,47309
2010,3106200,86,52242
2010,3106200,87,2325
2010,3106200,88,6887
2010,3106200,90,884
2010,3106200,91,445
2010,3106200,92,41
2010,3106200,93,7107
2010,3106200,94,29979
2010,3106200,95,3516
2010,3106200,96,6361
2010,3106200,97,114
2010,3106200,99,15
2011,3106200,01,2683
2011,3106200,02,516
2011,3106200,03,5
2011,3106200,05,1
2011,3106200,06,44
2011,3106200,07,2760
2011,3106200,08,331
2011,3106200,09,189
2011,3106200,10,6870
2011,3106200,11,535
2011,3106200,13,1872
2011,3106200,14,6915
2011,3106200,15,1907
2011,3106200,16,405
2011,3106200,17,862
2011,3106200,18,3471
2011,3106200,19,15
2011,3106200,20,1910
2011,3106200,21,656
2011,3106200,22,1934
2011,3106200,23,2311
2011,3106200,24,6961
2011,3106200,25,5424
2011,3106200,26,2168
2011,3106200,27,2019
2011,3106200,28,2994
2011,3106200,29,4098
2011,3106200,30,43
2011,3106200,31,2266
2011,3106200,32,3457
2011,3106200,33,2185
2011,3106200,35,8750
2011,3106200,36,11736
2011,3106200,37,102
2011,3106200,38,2969
2011,3106200,39,3
2011,3106200,41,57374
2011,3106200,42,58542
2011,3106200,43,24383
2011,3106200,45,24136
2011,3106200,46,29629
2011,3106200,47,132042
2011,3106200,49,38793
2011,3106200,50,3
2011,3106200,51,2562
2011,3106200,52,6917
2011,3106200,53,5901
2011,3106200,55,5192
2011,3106200,56,42793
2011,3106200,58,3686
2011,3106200,59,884
2011,3106200,60,2308
2011,3106200,61,8328
2011,3106200,62,14529
2011,3106200,63,3804
2011,3106200,64,19537
2011,3106200,65,3184
2011,3106200,66,6651
2011,3106200,68,4125
2011,3106200,69,11481
2011,3106200,70,4663
2011,3106200,71,25445
2011,3106200,72,1894
2011,3106200,73,3322
2011,3106200,74,2984
2011,3106200,75,198
2011,3106200,77,9520
2011,3106200,78,21246
2011,3106200,79,2681
2011,3106200,80,26379
2011,3106200,81,87937
2011,3106200,82,62771
2011,3106200,84,357450
2011,3106200,85,53675
2011,3106200,86,53788
2011,3106200,87,2539
2011,3106200,88,7845
2011,3106200,90,588
2011,3106200,91,495
2011,3106200,92,25
2011,3106200,93,7132
2011,3106200,94,28982
2011,3106200,95,4175
2011,3106200,96,6793
2011,3106200,97,245
2011,3106200,99,19
2012,3106200,01,4387
2012,3106200,02,778
2012,3106200,03,8
2012,3106200,05,1
2012,3106200,06,51
2012,3106200,07,2403
2012,3106200,08,343
2012,3106200,09,275
2012,3106200,10,7739
2012,3106200,11,2231
2012,3106200,13,1989
2012,3106200,14,6741
2012,3106200,15,1764
2012,3106200,16,522
2012,3106200,17,917
2012,3106200,18,3856
2012,3106200,19,49
2012,3106200,20,1976
2012,3106200,21,789
2012,3106200,22,1944
2012,3106200,23,2624
2012,3106200,24,7910
2012,3106200,25,5748
2012,3106200,26,2427
2012,3106200,27,2229
2012,3106200,28,2779
2012,3106200,29,4283
2012,3106200,30,117
2012,3106200,31,2381
2012,3106200,32,4028
2012,3106200,33,2375
2012,3106200,35,8440
2012,3106200,36,12023
2012,3106200,37,163
2012,3106200,38,3581
2012,3106200,41,58816
2012,3106200,42,65807
2012,3106200,43,27189
2012,3106200,45,24245
2012,3106200,46,29836
2012,3106200,47,141107
2012,3106200,49,33900
2012,3106200,50,3
2012,3106200,51,2682
2012,3106200,52,6968
2012,3106200,53,5877
2012,3106200,55,5583
2012,3106200,56,44514
2012,3106200,58,3476
2012,3106200,59,936
2012,3106200,60,2269
2012,3106200,61,5873
2012,3106200,62,15919
2012,3106200,63,2800
2012,3106200,64,19647
2012,3106200,65,3318
2012,3106200,66,5365
2012,3106200,68,4693
2012,3106200,69,12409
2012,3106200,70,5457
2012,3106200,71,26874
2012,3106200,72,1779
2012,3106200,73,3676
2012,3106200,74,2490
2012,3106200,75,224
2012,3106200,77,10458
2012,3106200,78,41446
2012,3106200,79,2707
2012,3106200,80,27100
2012,3106200,81,83441
2012,3106200,82,60268
2012,3106200,84,341267
2012,3106200,85,56276
2012,3106200,86,56489
2012,3106200,87,2608
2012,3106200,88,4741
2012,3106200,90,1057
2012,3106200,91,499
2012,3106200,92,17
2012,3106200,93,7889
2012,3106200,94,40812
2012,3106200,95,3611
2012,3106200,96,6746
2012,3106200,97,95
2012,3106200,99,17
2013,3106200,01,4177
2013,3106200,02,537
2013,3106200,03,12
2013,3106200,05,1
2013,3106200,06,52
2013,3106200,07,2406
2013,3106200,08,221
2013,3106200,09,313
2013,3106200,10,7246
2013,3106200,11,2081
2013,3106200,13,1569
2013,3106200,14,6570
2013,3106200,15,1528
2013,3106200,16,465
2013,3106200,17,841
2013,3106200,18,3251
2013,3106200,19,39
2013,3106200,20,1908
2013,3106200,21,931
2013,3106200,22,1739
2013,3106200,23,2440
2013,3106200,24,6697
2013,3106200,25,5536
2013,3106200,26,2037
2013,3106200,27,2168
2013,3106200,28,2807
2013,3106200,29,4383
2013,3106200,30,138
2013,3106200,31,2338
2013,3106200,32,4303
2013,3106200,33,2257
2013,3106200,35,8036
2013,3106200,36,12343
2013,3106200,37,100
2013,3106200,38,3622
2013,3106200,39,3
2013,3106200,41,54149
2013,3106200,42,57811
2013,3106200,43,30172
2013,3106200,45,23648
2013,3106200,46,30219
2013,3106200,47,139547
2013,3106200,49,39077
2013,3106200,51,1538
2013,3106200,52,7473
2013,3106200,53,5967
2013,3106200,55,5627
2013,3106200,56,44013
2013,3106200,58,3233
2013,3106200,59,824
2013,3106200,60,2259
2013,3106200,61,5966
2013,3106200,62,16237
2013,3106200,63,2638
2013,3106200,64,18489
2013,3106200,65,3395
2013,3106200,66,5503
2013,3106200,68,4786
2013,3106200,69,13071
2013,3106200,70,4297
2013,3106200,71,24443
2013,3106200,72,1956
2013,3106200,73,3642
2013,3106200,74,3165
2013,3106200,75,238
2013,3106200,77,10245
2013,3106200,78,40779
2013,3106200,79,2638
2013,3106200,80,26862
2013,3106200,81,62499
2013,3106200,82,72666
2013,3106200,84,335482
2013,3106200,85,60154
2013,3106200,86,57598
2013,3106200,87,2956
2013,3106200,88,4954
2013,3106200,90,638
2013,3106200,91,453
2013,3106200,92,14
2013,3106200,93,8078
2013,3106200,94,32429
2013,3106200,95,3750
2013,3106200,96,6877
2013,3106200,97,124
2013,3106200,99,8
2014,3106200,01,3741
2014,3106200,02,527
2014,3106200,03,9
2014,3106200,05,1
2014,3106200,06,49
2014,3106200,07,2317
2014,3106200,08,173
2014,3106200,09,162
2014,3106200,10,7784
2014,3106200,11,1104
2014,3106200,13,1475
2014,3106200,14,5864
2014,3106200,15,1437
2014,3106200,16,405
2014,3106200,17,802
2014,3106200,18,2924
2014,3106200,19,20
2014,3106200,20,1724
2014,3106200,21,816
2014,3106200,22,2057
2014,3106200,23,2293
2014,3106200,24,6529
2014,3106200,25,5473
2014,3106200,26,1856
2014,3106200,27,1935
2014,3106200,28,1808
2014,3106200,29,4137
2014,3106200,30,192
2014,3106200,31,2125
2014,3106200,32,4284
2014,3106200,33,2746
2014,3106200,35,8184
2014,3106200,36,13039
2014,3106200,37,108
2014,3106200,38,3453
2014,3106200,39,26
2014,3106200,41,66240
2014,3106200,42,50671
2014,3106200,43,29779
2014,3106200,45,23062
2014,3106200,46,29432
2014,3106200,47,138706
2014,3106200,49,39603
2014,3106200,50,7
2014,3106200,51,1423
2014,3106200,52,8137
2014,3106200,53,6006
2014,3106200,55,5796
2014,3106200,56,46739
2014,3106200,58,2989
2014,3106200,59,819
2014,3106200,60,2168
2014,3106200,61,4031
2014,3106200,62,17081
2014,3106200,63,2623
2014,3106200,64,18343
2014,3106200,65,3776
2014,3106200,66,5628
2014,3106200,68,4936
2014,3106200,69,13482
2014,3106200,70,4850
2014,3106200,71,20942
2014,3106200,72,1523
2014,3106200,73,3656
2014,3106200,74,2562
2014,3106200,75,294
2014,3106200,77,9252
2014,3106200,78,27631
2014,3106200,79,2839
2014,3106200,80,27481
2014,3106200,81,65883
2014,3106200,82,65028
2014,3106200,84,326384
2014,3106200,85,63940
2014,3106200,86,59037
2014,3106200,87,3425
2014,3106200,88,4874
2014,3106200,90,904
2014,3106200,91,472
2014,3106200,92,11
2014,3106200,93,8451
2014,3106200,94,31225
2014,3106200,95,3902
2014,3106200,96,6900
2014,3106200,97,151
2014,3106200,99,10
2015,3106200,01,3141
2015,3106200,02,533
2015,3106200,03,4
2015,3106200,05,5
2015,3106200,06,16
2015,3106200,07,1599
2015,3106200,08,85
2015,3106200,09,191
2015,3106200,10,8516
2015,3106200,11,409
2015,3106200,12,2
2015,3106200,13,871
2015,3106200,14,5227
2015,3106200,15,1056
2015,3106200,16,267
2015,3106200,17,735
2015,3106200,18,2676
2015,3106200,19,16
2015,3106200,20,1572
2015,3106200,21,720
2015,3106200,22,1979
2015,3106200,23,1940
2015,3106200,24,5480
2015,3106200,25,4584
2015,3106200,26,1417
2015,3106200,27,1758
2015,3106200,28,1593
2015,3106200,29,3061
2015,3106200,30,203
2015,3106200,31,1931
2015,3106200,32,3878
2015,3106200,33,2624
2015,3106200,35,8271
2015,3106200,36,12148
2015,3106200,37,100
2015,3106200,38,2617
2015,3106200,39,35
2015,3106200,41,43873
2015,3106200,42,46032
2015,3106200,43,24029
2015,3106200,45,21554
2015,3106200,46,27561
2015,3106200,47,132047
2015,3106200,49,36296
2015,3106200,50,7
2015,3106200,51,586
2015,3106200,52,7421
2015,3106200,53,5783
2015,3106200,55,4975
2015,3106200,56,45399
2015,3106200,58,2475
2015,3106200,59,795
2015,3106200,60,2012
2015,3106200,61,5322
2015,3106200,62,17275
2015,3106200,63,2512
2015,3106200,64,17636
2015,3106200,65,3955
2015,3106200,66,5851
2015,3106200,68,4931
2015,3106200,69,13490
2015,3106200,70,3190
2015,3106200,71,15956
2015,3106200,72,1735
2015,3106200,73,3319
2015,3106200,74,2666
2015,3106200,75,338
2015,3106200,77,9143
2015,3106200,78,19954
2015,3106200,79,2353
2015,3106200,80,29431
2015,3106200,81,64470
2015,3106200,82,65200
2015,3106200,84,263144
2015,3106200,85,63991
2015,3106200,86,60469
2015,3106200,87,3547
2015,3106200,88,4730
2015,3106200,90,808
2015,3106200,91,470
2015,3106200,92,25
2015,3106200,93,8569
2015,3106200,94,29400
2015,3106200,95,3715
2015,3106200,96,6682
2015,3106200,97,117
2015,3106200,99,12
2016,3106200,01,2813
2016,3106200,02,309
2016,3106200,03,5
2016,3106200,05,34
2016,3106200,06,6
2016,3106200,07,1233
2016,3106200,08,95
2016,3106200,09,236
2016,3106200,10,8138
2016,3106200,11,290
2016,3106200,12,2
2016,3106200,13,891
2016,3106200,14,4781
2016,3106200,15,885
2016,3106200,16,304
2016,3106200,17,689
2016,3106200,18,2433
2016,3106200,19,15
2016,3106200,20,1611
2016,3106200,21,591
2016,3106200,22,1881
2016,3106200,23,1766
2016,3106200,24,5411
2016,3106200,25,4023
2016,3106200,26,1262
2016,3106200,27,1412
2016,3106200,28,1405
2016,3106200,29,1986
2016,3106200,30,179
2016,3106200,31,1601
2016,3106200,32,3823
2016,3106200,33,2609
2016,3106200,35,7553
2016,3106200,36,11536
2016,3106200,37,111
2016,3106200,38,3146
2016,3106200,39,17
2016,3106200,41,37716
2016,3106200,42,36570
2016,3106200,43,18421
2016,3106200,45,20655
2016,3106200,46,26063
2016,3106200,47,128339
2016,3106200,49,33787
2016,3106200,50,2
2016,3106200,51,524
2016,3106200,52,7316
2016,3106200,53,5680
2016,3106200,55,4570
2016,3106200,56,44531
2016,3106200,58,2175
2016,3106200,59,745
2016,3106200,60,1817
2016,3106200,61,4805
2016,3106200,62,17155
2016,3106200,63,2436
2016,3106200,64,16402
2016,3106200,65,3930
2016,3106200,66,5722
2016,3106200,68,4902
2016,3106200,69,13417
2016,3106200,70,2810
2016,3106200,71,13397
2016,3106200,72,1380
2016,3106200,73,3333
2016,3106200,74,2670
2016,3106200,75,414
2016,3106200,77,8590
2016,3106200,78,19555
2016,3106200,79,2165
2016,3106200,80,28681
2016,3106200,81,59513
2016,3106200,82,64069
2016,3106200,84,279137
2016,3106200,85,63552
2016,3106200,86,60157
2016,3106200,87,3757
2016,3106200,88,4381
2016,3106200,90,796
2016,3106200,91,429
2016,3106200,92,24
2016,3106200,93,8605
2016,3106200,94,27119
2016,3106200,95,3490
2016,3106200,96,6096
2016,3106200,97,92
2016,3106200,99,11
2017,3106200,01,2532
2017,3106200,02,225
2017,3106200,03,4
2017,3106200,05,30
2017,3106200,06,5
2017,3106200,07,4962
2017,3106200,08,110
2017,3106200,09,256
2017,3106200,10,8756
2017,3106200,11,336
2017,3106200,13,1037
2017,3106200,14,4466
2017,3106200,15,910
2017,3106200,16,285
2017,3106200,17,699
2017,3106200,18,2459
2017,3106200,19,13
2017,3106200,20,1329
2017,3106200,21,496
2017,3106200,22,1947
2017,3106200,23,1385
2017,3106200,24,4690
2017,3106200,25,3561
2017,3106200,26,1384
2017,3106200,27,1367
2017,3106200,28,1426
2017,3106200,29,1889
2017,3106200,30,159
2017,3106200,31,1468
2017,3106200,32,3796
2017,3106200,33,2545
2017,3106200,35,6288
2017,3106200,36,11566
2017,3106200,37,230
2017,3106200,38,3985
2017,3106200,39,15
2017,3106200,41,31516
2017,3106200,42,35924
2017,3106200,43,17031
2017,3106200,45,20345
2017,3106200,46,24300
2017,3106200,47,126715
2017,3106200,49,33756
2017,3106200,50,2
2017,3106200,51,482
2017,3106200,52,7236
2017,3106200,53,5618
2017,3106200,55,4058
2017,3106200,56,44591
2017,3106200,58,1737
2017,3106200,59,658
2017,3106200,60,1716
2017,3106200,61,5070
2017,3106200,62,18267
2017,3106200,63,2608
2017,3106200,64,16244
2017,3106200,65,4443
2017,3106200,66,2793
2017,3106200,68,4974
2017,3106200,69,13836
2017,3106200,70,2824
2017,3106200,71,13875
2017,3106200,72,1027
2017,3106200,73,3394
2017,3106200,74,2846
2017,3106200,75,450
2017,3106200,77,9040
2017,3106200,78,18889
2017,3106200,79,2240
2017,3106200,80,26562
2017,3106200,81,58409
2017,3106200,82,65698
2017,3106200,84,297150
2017,3106200,85,60946
2017,3106200,86,60657
2017,3106200,87,3979
2017,3106200,88,4544
2017,3106200,90,751
2017,3106200,91,317
2017,3106200,92,22
2017,3106200,93,8959
2017,3106200,94,25418
2017,3106200,95,3335
2017,3106200,96,5854
2017,3106200,97,59
2017,3106200,99,9
2018,3106200,01,2398
2018,3106200,02,146
2018,3106200,03,3
2018,3106200,05,36
2018,3106200,06,10
2018,3106200,07,448
2018,3106200,08,108
2018,3106200,09,262
2018,3106200,10,9505
2018,3106200,11,381
2018,3106200,13,1002
2018,3106200,14,4228
2018,3106200,15,900
2018,3106200,16,271
2018,3106200,17,734
2018,3106200,18,2095
2018,3106200,19,15
2018,3106200,20,1168
2018,3106200,21,549
2018,3106200,22,2037
2018,3106200,23,1497
2018,3106200,24,4750
2018,3106200,25,3532
2018,3106200,26,1323
2018,3106200,27,1256
2018,3106200,28,1420
2018,3106200,29,1860
2018,3106200,30,141
2018,3106200,31,1392
2018,3106200,32,3998
2018,3106200,33,2810
2018,3106200,35,6679
2018,3106200,36,11756
2018,3106200,37,104
2018,3106200,38,4553
2018,3106200,39,7
2018,3106200,41,40551
2018,3106200,42,35133
2018,3106200,43,18601
2018,3106200,45,20116
2018,3106200,46,23774
2018,3106200,47,126358
2018,3106200,49,30987
2018,3106200,51,475
2018,3106200,52,7301
2018,3106200,53,4891
2018,3106200,55,4068
2018,3106200,56,44662
2018,3106200,58,1674
2018,3106200,59,663
2018,3106200,60,1651
2018,3106200,61,4699
2018,3106200,62,20522
2018,3106200,63,2766
2018,3106200,64,16319
2018,3106200,65,4829
2018,3106200,66,3180
2018,3106200,68,5252
2018,3106200,69,14013
2018,3106200,70,3391
2018,3106200,71,14820
2018,3106200,72,496
2018,3106200,73,3475
2018,3106200,74,4150
2018,3106200,75,458
2018,3106200,77,9594
2018,3106200,78,16423
2018,3106200,79,2289
2018,3106200,80,29503
2018,3106200,81,60751
2018,3106200,82,73287
2018,3106200,84,282208
2018,3106200,85,57980
2018,3106200,86,63132
2018,3106200,87,4091
2018,3106200,88,4778
2018,3106200,90,645
2018,3106200,91,254
2018,3106200,92,19
2018,3106200,93,8721
2018,3106200,94,24291
2018,3106200,95,3010
2018,3106200,96,5805
2018,3106200,97,57
2018,3106200,99,13
2019,3106200,01,681
2019,3106200,02,119
2019,3106200,05,36
2019,3106200,06,1
2019,3106200,07,1032
2019,3106200,08,284
2019,3106200,09,57
2019,3106200,10,9402
2019,3106200,11,384
2019,3106200,13,716
2019,3106200,14,4170
2019,3106200,15,773
2019,3106200,16,270
2019,3106200,17,693
2019,3106200,18,1996
2019,3106200,19,19
2019,3106200,20,1222
2019,3106200,21,534
2019,3106200,22,2042
2019,3106200,23,1519
2019,3106200,24,4767
2019,3106200,25,3556
2019,3106200,26,1428
2019,3106200,27,1372
2019,3106200,28,1477
2019,3106200,29,1801
2019,3106200,30,112
2019,3106200,31,1288
2019,3106200,32,3881
2019,3106200,33,1922
2019,3106200,35,6296
2019,3106200,36,11985
2019,3106200,37,73
2019,3106200,38,3898
2019,3106200,39,10
2019,3106200,41,40716
2019,3106200,42,47418
2019,3106200,43,21339
2019,3106200,45,19866
2019,3106200,46,24261
2019,3106200,47,124529
2019,3106200,49,32629
2019,3106200,51,939
2019,3106200,52,6557
2019,3106200,53,5641
2019,3106200,55,4073
2019,3106200,56,44504
2019,3106200,58,1473
2019,3106200,59,656
2019,3106200,60,1654
2019,3106200,61,4917
2019,3106200,62,20865
2019,3106200,63,3076
2019,3106200,64,17500
2019,3106200,65,5856
2019,3106200,66,3193
2019,3106200,68,5275
2019,3106200,69,14271
2019,3106200,70,4467
2019,3106200,71,19907
2019,3106200,72,682
2019,3106200,73,2701
2019,3106200,74,4544
2019,3106200,75,568
2019,3106200,77,12262
2019,3106200,78,14909
2019,3106200,79,2432
2019,3106200,80,31751
2019,3106200,81,57031
2019,3106200,82,71355
2019,3106200,84,286990
2019,3106200,85,54864
2019,3106200,86,62477
2019,3106200,87,4395
2019,3106200,88,4813
2019,3106200,90,360
2019,3106200,91,249
2019,3106200,92,20
2019,3106200,93,8850
2019,3106200,94,25393
2019,3106200,95,2988
2019,3106200,96,5802
2019,3106200,97,29
2019,3106200,99,8
2020,3106200,01,1923
2020,3106200,02,96
2020,3106200,05,3
2020,3106200,06,1
2020,3106200,07,1039
2020,3106200,08,246
2020,3106200,09,54
2020,3106200,10,9351
2020,3106200,11,314
2020,3106200,12,3
2020,3106200,13,646
2020,3106200,14,3400
2020,3106200,15,681
2020,3106200,16,229
2020,3106200,17,603
2020,3106200,18,1751
2020,3106200,19,14
2020,3106200,20,1169
2020,3106200,21,750
2020,3106200,22,2008
2020,3106200,23,1441
2020,3106200,24,4546
2020,3106200,25,2874
2020,3106200,26,1321
2020,3106200,27,1548
2020,3106200,28,1736
2020,3106200,29,1534
2020,3106200,30,90
2020,3106200,31,1281
2020,3106200,32,3114
2020,3106200,33,2205
2020,3106200,35,6057
2020,3106200,36,11731
2020,3106200,37,109
2020,3106200,38,4291
2020,3106200,39,16
2020,3106200,41,47067
2020,3106200,42,52322
2020,3106200,43,23452
2020,3106200,45,19384
2020,3106200,46,23144
2020,3106200,47,112726
2020,3106200,49,28405
2020,3106200,50,1
2020,3106200,51,907
2020,3106200,52,5872
2020,3106200,53,5164
2020,3106200,55,3120
2020,3106200,56,33650
2020,3106200,58,1377
2020,3106200,59,431
2020,3106200,60,1563
2020,3106200,61,5067
2020,3106200,62,23721
2020,3106200,63,3037
2020,3106200,64,16520
2020,3106200,65,5782
2020,3106200,66,3524
2020,3106200,68,5200
2020,3106200,69,14029
2020,3106200,70,3461
2020,3106200,71,23966
2020,3106200,72,688
2020,3106200,73,3660
2020,3106200,74,4149
2020,3106200,75,568
2020,3106200,77,12072
2020,3106200,78,18703
2020,3106200,79,1470
2020,3106200,80,30253
2020,3106200,81,52721
2020,3106200,82,68382
2020,3106200,84,317126
2020,3106200,85,50515
2020,3106200,86,64605
2020,3106200,87,4436
2020,3106200,88,4314
2020,3106200,90,282
2020,3106200,91,226
2020,3106200,92,20
2020,3106200,93,7229
2020,3106200,94,23698
2020,3106200,95,2817
2020,3106200,96,4921
2020,3106200,97,15
2020,3106200,99,8
2021,3106200,01,1893
2021,3106200,02,73
2021,3106200,05,29
2021,3106200,06,1
2021,3106200,07,1118
2021,3106200,08,265
2021,3106200,09,114
2021,3106200,10,9859
2021,3106200,11,446
2021,3106200,12,3
2021,3106200,13,683
2021,3106200,14,3676
2021,3106200,15,724
2021,3106200,16,196
2021,3106200,17,733
2021,3106200,18,1802
2021,3106200,20,1193
2021,3106200,21,941
2021,3106200,22,2120
2021,3106200,23,1693
2021,3106200,24,4664
2021,3106200,25,3064
2021,3106200,26,1455
2021,3106200,27,1623
2021,3106200,28,1936
2021,3106200,29,1329
2021,3106200,30,98
2021,3106200,31,1271
2021,3106200,32,3197
2021,3106200,33,3372
2021,3106200,35,6221
2021,3106200,36,11307
2021,3106200,37,98
2021,3106200,38,4085
2021,3106200,39,4
2021,3106200,41,53317
2021,3106200,42,48273
2021,3106200,43,27558
2021,3106200,45,24858
2021,3106200,46,24456
2021,3106200,47,120730
2021,3106200,49,27025
2021,3106200,50,1
2021,3106200,51,921
2021,3106200,52,5583
2021,3106200,53,4807
2021,3106200,55,3287
2021,3106200,56,34358
2021,3106200,58,1427
2021,3106200,59,433
2021,3106200,60,1564
2021,3106200,61,5066
2021,3106200,62,30966
2021,3106200,63,3715
2021,3106200,64,18902
2021,3106200,65,6429
2021,3106200,66,3384
2021,3106200,68,5808
2021,3106200,69,14345
2021,3106200,70,3990
2021,3106200,71,29575
2021,3106200,72,613
2021,3106200,73,3052
2021,3106200,74,5395
2021,3106200,75,768
2021,3106200,77,13492
2021,3106200,78,19338
2021,3106200,79,1579
2021,3106200,80,28029
2021,3106200,81,54485
2021,3106200,82,68476
2021,3106200,84,309801
2021,3106200,85,51224
2021,3106200,86,65132
2021,3106200,87,4716
2021,3106200,88,5159
2021,3106200,90,470
2021,3106200,91,234
2021,3106200,92,17
2021,3106200,93,6712
2021,3106200,94,25597
2021,3106200,95,3090
2021,3106200,96,5142
2021,3106200,97,42
2021,3106200,99,8
2022,3106200,01,509
2022,3106200,02,67
2022,3106200,03,1
2022,3106200,06,1
2022,3106200,07,1076
2022,3106200,08,284
2022,3106200,09,115
2022,3106200,10,12217
2022,3106200,11,516
2022,3106200,12,2
2022,3106200,13,807
2022,3106200,14,4066
2022,3106200,15,885
2022,3106200,16,180
2022,3106200,17,796
2022,3106200,18,2034
2022,3106200,20,1137
2022,3106200,21,1147
2022,3106200,22,1961
2022,3106200,23,1467
2022,3106200,24,5081
2022,3106200,25,3367
2022,3106200,26,1650
2022,3106200,27,2061
2022,3106200,28,1742
2022,3106200,29,839
2022,3106200,30,85
2022,3106200,31,1361
2022,3106200,32,3364
2022,3106200,33,4329
2022,3106200,35,5832
2022,3106200,36,10495
2022,3106200,37,125
2022,3106200,38,2944
2022,3106200,39,17
2022,3106200,41,46663
2022,3106200,42,31544
2022,3106200,43,27076
2022,3106200,45,21401
2022,3106200,46,27447
2022,3106200,47,124375
2022,3106200,49,27028
2022,3106200,51,963
2022,3106200,52,6273
2022,3106200,53,4917
2022,3106200,55,3959
2022,3106200,56,42857
2022,3106200,58,1116
2022,3106200,59,497
2022,3106200,60,1829
2022,3106200,61,5161
2022,3106200,62,32078
2022,3106200,63,3891
2022,3106200,64,18335
2022,3106200,65,6024
2022,3106200,66,3956
2022,3106200,68,5606
2022,3106200,69,15185
2022,3106200,70,4577
2022,3106200,71,29309
2022,3106200,72,691
2022,3106200,73,3227
2022,3106200,74,6718
2022,3106200,75,994
2022,3106200,77,16528
2022,3106200,78,26176
2022,3106200,79,1933
2022,3106200,80,30265
2022,3106200,81,54662
2022,3106200,82,77434
2022,3106200,84,190856
2022,3106200,85,179540
2022,3106200,86,69153
2022,3106200,87,7058
2022,3106200,88,14028
2022,3106200,90,358
2022,3106200,91,230
2022,3106200,92,2
2022,3106200,93,8127
2022,3106200,94,25455
2022,3106200,95,2789
2022,3106200,96,6351
2022,3106200,97,45
2022,3106200,99,41
2023,3106200,01,501
2023,3106200,02,81
2023,3106200,06,1
2023,3106200,07,1179
2023,3106200,08,317
2023,3106200,09,141
2023,3106200,10,11825
2023,3106200,11,505
2023,3106200,13,832
2023,3106200,14,3806
2023,3106200,15,961
2023,3106200,16,201
2023,3106200,17,810
2023,3106200,18,2005
2023,3106200,20,1122
2023,3106200,21,1077
2023,3106200,22,1953
2023,3106200,23,1529
2023,3106200,24,5376
2023,3106200,25,3767
2023,3106200,26,1585
2023,3106200,27,2043
2023,3106200,28,1826
2023,3106200,29,882
2023,3106200,30,97
2023,3106200,31,1288
2023,3106200,32,3289
2023,3106200,33,4781
2023,3106200,35,5688
2023,3106200,36,10128
2023,3106200,37,98
2023,3106200,38,3414
2023,3106200,39,11
2023,3106200,41,45213
2023,3106200,42,38661
2023,3106200,43,29480
2023,3106200,45,21643
2023,3106200,46,32340
2023,3106200,47,120203
2023,3106200,49,27151
2023,3106200,51,887
2023,3106200,52,6989
2023,3106200,53,4511
2023,3106200,55,4126
2023,3106200,56,49392
2023,3106200,58,1050
2023,3106200,59,538
2023,3106200,60,1911
2023,3106200,61,5261
2023,3106200,62,32212
2023,3106200,63,3421
2023,3106200,64,18193
2023,3106200,65,6389
2023,3106200,66,4041
2023,3106200,68,6092
2023,3106200,69,14177
2023,3106200,70,4819
2023,3106200,71,27638
2023,3106200,72,799
2023,3106200,73,3063
2023,3106200,74,6027
2023,3106200,75,1080
2023,3106200,77,19480
2023,3106200,78,29988
2023,3106200,79,2511
2023,3106200,80,31349
2023,3106200,81,51314
2023,3106200,82,85653
2023,3106200,84,201957
2023,3106200,85,236678
2023,3106200,86,70206
2023,3106200,87,8286
2023,3106200,88,12655
2023,3106200,90,687
2023,3106200,91,246
2023,3106200,92,2
2023,3106200,93,8346
2023,3106200,94,25376
2023,3106200,95,2509
2023,3106200,96,5896
2023,3106200,97,64
2023,3106200,99,36
2002,3205309,NA,169233
2003,3205309,NA,169165
2004,3205309,NA,171172
2005,3205309,NA,183087
2006,3205309,00,3843
2006,3205309,01,766
2006,3205309,03,100
2006,3205309,06,842
2006,3205309,07,1499
2006,3205309,08,47
2006,3205309,09,189
2006,3205309,10,640
2006,3205309,11,2
2006,3205309,13,23
2006,3205309,14,434
2006,3205309,15,25
2006,3205309,16,6
2006,3205309,17,5
2006,3205309,18,508
2006,3205309,20,13
2006,3205309,21,20
2006,3205309,22,691
2006,3205309,23,76
2006,3205309,24,280
2006,3205309,25,132
2006,3205309,26,3
2006,3205309,28,97
2006,3205309,29,63
2006,3205309,30,5
2006,3205309,31,93
2006,3205309,32,76
2006,3205309,33,1382
2006,3205309,35,66
2006,3205309,36,814
2006,3205309,37,670
2006,3205309,38,1076
2006,3205309,39,10
2006,3205309,41,7911
2006,3205309,42,3192
2006,3205309,43,1145
2006,3205309,45,2614
2006,3205309,46,4637
2006,3205309,47,21458
2006,3205309,49,7565
2006,3205309,50,361
2006,3205309,51,133
2006,3205309,52,3476
2006,3205309,53,1016
2006,3205309,55,741
2006,3205309,56,6459
2006,3205309,58,1244
2006,3205309,59,87
2006,3205309,60,871
2006,3205309,61,573
2006,3205309,62,1290
2006,3205309,63,1203
2006,3205309,64,4774
2006,3205309,65,412
2006,3205309,66,571
2006,3205309,68,543
2006,3205309,69,1268
2006,3205309,70,420
2006,3205309,71,1251
2006,3205309,72,39
2006,3205309,73,298
2006,3205309,74,431
2006,3205309,75,12
2006,3205309,77,719
2006,3205309,78,2535
2006,3205309,79,440
2006,3205309,80,2502
2006,3205309,81,8779
2006,3205309,82,3040
2006,3205309,84,63691
2006,3205309,85,7676
2006,3205309,86,7873
2006,3205309,87,62
2006,3205309,88,1500
2006,3205309,90,33
2006,3205309,91,26
2006,3205309,93,618
2006,3205309,94,10468
2006,3205309,95,622
2006,3205309,96,876
2006,3205309,97,26
2006,3205309,99,7
2007,3205309,00,3411
2007,3205309,01,830
2007,3205309,02,1
2007,3205309,03,77
2007,3205309,06,1047
2007,3205309,07,1699
2007,3205309,08,26
2007,3205309,09,165
2007,3205309,10,608
2007,3205309,13,92
2007,3205309,14,402
2007,3205309,15,26
2007,3205309,16,6
2007,3205309,18,536
2007,3205309,20,20
2007,3205309,21,13
2007,3205309,22,787
2007,3205309,23,67
2007,3205309,24,285
2007,3205309,25,104
2007,3205309,26,1
2007,3205309,28,99
2007,3205309,29,87
2007,3205309,30,4
2007,3205309,31,101
2007,3205309,32,80
2007,3205309,33,968
2007,3205309,35,49
2007,3205309,36,815
2007,3205309,37,771
2007,3205309,38,1321
2007,3205309,39,6
2007,3205309,41,10204
2007,3205309,42,1762
2007,3205309,43,1437
2007,3205309,45,2933
2007,3205309,46,4656
2007,3205309,47,22111
2007,3205309,49,6857
2007,3205309,50,259
2007,3205309,51,370
2007,3205309,52,3873
2007,3205309,53,1187
2007,3205309,55,830
2007,3205309,56,7277
2007,3205309,58,1288
2007,3205309,59,141
2007,3205309,60,540
2007,3205309,61,627
2007,3205309,62,1531
2007,3205309,63,740
2007,3205309,64,4950
2007,3205309,65,408
2007,3205309,66,654
2007,3205309,68,515
2007,3205309,69,1426
2007,3205309,70,436
2007,3205309,71,1503
2007,3205309,72,55
2007,3205309,73,308
2007,3205309,74,631
2007,3205309,75,91
2007,3205309,77,820
2007,3205309,78,2842
2007,3205309,79,460
2007,3205309,80,2761
2007,3205309,81,9647
2007,3205309,82,3234
2007,3205309,84,73479
2007,3205309,85,7817
2007,3205309,86,8432
2007,3205309,87,95
2007,3205309,88,1549
2007,3205309,90,39
2007,3205309,91,34
2007,3205309,93,708
2007,3205309,94,11764
2007,3205309,95,645
2007,3205309,96,799
2007,3205309,97,32
2007,3205309,99,3
2008,3205309,00,579
2008,3205309,01,177
2008,3205309,02,4
2008,3205309,03,57
2008,3205309,06,1122
2008,3205309,07,1639
2008,3205309,08,19
2008,3205309,09,230
2008,3205309,10,608
2008,3205309,13,86
2008,3205309,14,415
2008,3205309,15,25
2008,3205309,16,5
2008,3205309,18,603
2008,3205309,20,21
2008,3205309,21,17
2008,3205309,22,863
2008,3205309,23,62
2008,3205309,24,257
2008,3205309,25,65
2008,3205309,26,3
2008,3205309,27,1
2008,3205309,28,108
2008,3205309,29,105
2008,3205309,30,4
2008,3205309,31,103
2008,3205309,32,134
2008,3205309,33,340
2008,3205309,35,56
2008,3205309,36,906
2008,3205309,37,896
2008,3205309,38,1488
2008,3205309,39,19
2008,3205309,41,12365
2008,3205309,42,2586
2008,3205309,43,1679
2008,3205309,45,2941
2008,3205309,46,3818
2008,3205309,47,23315
2008,3205309,49,7341
2008,3205309,50,328
2008,3205309,51,412
2008,3205309,52,3928
2008,3205309,53,1377
2008,3205309,55,822
2008,3205309,56,7779
2008,3205309,58,1493
2008,3205309,59,148
2008,3205309,60,855
2008,3205309,61,630
2008,3205309,62,2629
2008,3205309,63,632
2008,3205309,64,4462
2008,3205309,65,480
2008,3205309,66,634
2008,3205309,68,655
2008,3205309,69,1634
2008,3205309,70,527
2008,3205309,71,2406
2008,3205309,72,32
2008,3205309,73,411
2008,3205309,74,580
2008,3205309,75,20
2008,3205309,77,909
2008,3205309,78,2345
2008,3205309,79,479
2008,3205309,80,2966
2008,3205309,81,10302
2008,3205309,82,3755
2008,3205309,84,65652
2008,3205309,85,12021
2008,3205309,86,8922
2008,3205309,87,133
2008,3205309,88,1266
2008,3205309,90,31
2008,3205309,91,19
2008,3205309,93,696
2008,3205309,94,10845
2008,3205309,95,811
2008,3205309,96,795
2008,3205309,97,37
2008,3205309,99,3
2009,3205309,01,691
2009,3205309,02,2
2009,3205309,03,38
2009,3205309,06,1103
2009,3205309,07,1677
2009,3205309,08,11
2009,3205309,09,438
2009,3205309,10,667
2009,3205309,13,69
2009,3205309,14,402
2009,3205309,15,26
2009,3205309,16,8
2009,3205309,18,580
2009,3205309,20,17
2009,3205309,21,16
2009,3205309,22,866
2009,3205309,23,85
2009,3205309,24,232
2009,3205309,25,84
2009,3205309,26,14
2009,3205309,27,1
2009,3205309,28,49
2009,3205309,29,19
2009,3205309,31,94
2009,3205309,32,149
2009,3205309,33,419
2009,3205309,35,41
2009,3205309,36,950
2009,3205309,37,29
2009,3205309,38,2293
2009,3205309,39,4
2009,3205309,41,9197
2009,3205309,42,2670
2009,3205309,43,1916
2009,3205309,45,2991
2009,3205309,46,3622
2009,3205309,47,22681
2009,3205309,49,7138
2009,3205309,50,285
2009,3205309,51,465
2009,3205309,52,3959
2009,3205309,53,1181
2009,3205309,55,794
2009,3205309,56,8494
2009,3205309,58,1532
2009,3205309,59,151
2009,3205309,60,833
2009,3205309,61,716
2009,3205309,62,2751
2009,3205309,63,556
2009,3205309,64,4321
2009,3205309,65,1046
2009,3205309,66,734
2009,3205309,68,669
2009,3205309,69,2042
2009,3205309,70,502
2009,3205309,71,2413
2009,3205309,72,30
2009,3205309,73,397
2009,3205309,74,368
2009,3205309,75,16
2009,3205309,77,1219
2009,3205309,78,2541
2009,3205309,79,492
2009,3205309,80,3455
2009,3205309,81,10596
2009,3205309,82,3618
2009,3205309,84,71417
2009,3205309,85,11252
2009,3205309,86,9800
2009,3205309,87,347
2009,3205309,88,1246
2009,3205309,90,57
2009,3205309,91,13
2009,3205309,93,729
2009,3205309,94,11575
2009,3205309,95,973
2009,3205309,96,824
2009,3205309,97,45
2009,3205309,99,3
2010,3205309,01,739
2010,3205309,02,2
2010,3205309,03,52
2010,3205309,06,1267
2010,3205309,07,2200
2010,3205309,08,5
2010,3205309,09,383
2010,3205309,10,1253
2010,3205309,13,57
2010,3205309,14,415
2010,3205309,15,29
2010,3205309,16,10
2010,3205309,18,671
2010,3205309,19,24
2010,3205309,20,29
2010,3205309,21,12
2010,3205309,22,1037
2010,3205309,23,53
2010,3205309,24,252
2010,3205309,25,117
2010,3205309,26,31
2010,3205309,27,12
2010,3205309,28,107
2010,3205309,29,20
2010,3205309,31,102
2010,3205309,32,179
2010,3205309,33,447
2010,3205309,35,45
2010,3205309,36,274
2010,3205309,37,64
2010,3205309,38,2377
2010,3205309,41,10242
2010,3205309,42,4016
2010,3205309,43,2361
2010,3205309,45,3050
2010,3205309,46,3866
2010,3205309,47,21810
2010,3205309,49,7821
2010,3205309,50,574
2010,3205309,51,459
2010,3205309,52,4519
2010,3205309,53,997
2010,3205309,55,816
2010,3205309,56,9158
2010,3205309,58,1605
2010,3205309,59,155
2010,3205309,60,895
2010,3205309,61,862
2010,3205309,62,3129
2010,3205309,63,677
2010,3205309,64,4410
2010,3205309,65,1275
2010,3205309,66,751
2010,3205309,68,710
2010,3205309,69,2478
2010,3205309,70,425
2010,3205309,71,3273
2010,3205309,72,25
2010,3205309,73,469
2010,3205309,74,375
2010,3205309,75,15
2010,3205309,77,1279
2010,3205309,78,2127
2010,3205309,79,585
2010,3205309,80,3552
2010,3205309,81,11354
2010,3205309,82,3756
2010,3205309,84,70341
2010,3205309,85,10802
2010,3205309,86,10473
2010,3205309,87,416
2010,3205309,88,1275
2010,3205309,90,46
2010,3205309,91,1
2010,3205309,93,708
2010,3205309,94,10655
2010,3205309,95,990
2010,3205309,96,855
2010,3205309,97,25
2011,3205309,01,715
2011,3205309,03,38
2011,3205309,06,1357
2011,3205309,07,2414
2011,3205309,08,23
2011,3205309,09,434
2011,3205309,10,1521
2011,3205309,13,55
2011,3205309,14,408
2011,3205309,15,21
2011,3205309,16,4
2011,3205309,18,569
2011,3205309,20,26
2011,3205309,21,12
2011,3205309,22,1164
2011,3205309,23,69
2011,3205309,24,345
2011,3205309,25,236
2011,3205309,26,25
2011,3205309,27,16
2011,3205309,28,121
2011,3205309,29,18
2011,3205309,31,92
2011,3205309,32,211
2011,3205309,33,585
2011,3205309,35,47
2011,3205309,36,274
2011,3205309,37,105
2011,3205309,38,2142
2011,3205309,41,10296
2011,3205309,42,3962
2011,3205309,43,2665
2011,3205309,45,3003
2011,3205309,46,3889
2011,3205309,47,21739
2011,3205309,49,8522
2011,3205309,50,735
2011,3205309,51,480
2011,3205309,52,4919
2011,3205309,53,1062
2011,3205309,55,690
2011,3205309,56,8728
2011,3205309,58,1601
2011,3205309,59,153
2011,3205309,60,968
2011,3205309,61,872
2011,3205309,62,3604
2011,3205309,63,877
2011,3205309,64,4482
2011,3205309,65,1277
2011,3205309,66,763
2011,3205309,68,805
2011,3205309,69,3165
2011,3205309,70,584
2011,3205309,71,3592
2011,3205309,72,32
2011,3205309,73,477
2011,3205309,74,677
2011,3205309,75,15
2011,3205309,77,1860
2011,3205309,78,634
2011,3205309,79,641
2011,3205309,80,3569
2011,3205309,81,12491
2011,3205309,82,3863
2011,3205309,84,68399
2011,3205309,85,11075
2011,3205309,86,10368
2011,3205309,87,427
2011,3205309,88,1186
2011,3205309,90,37
2011,3205309,91,1
2011,3205309,93,778
2011,3205309,94,11010
2011,3205309,95,962
2011,3205309,96,1002
2011,3205309,97,46
2012,3205309,01,166
2012,3205309,03,29
2012,3205309,06,1477
2012,3205309,07,2709
2012,3205309,08,21
2012,3205309,09,470
2012,3205309,10,1409
2012,3205309,13,77
2012,3205309,14,430
2012,3205309,15,10
2012,3205309,16,8
2012,3205309,17,5
2012,3205309,18,576
2012,3205309,20,40
2012,3205309,22,1187
2012,3205309,23,67
2012,3205309,24,211
2012,3205309,25,156
2012,3205309,26,22
2012,3205309,27,92
2012,3205309,28,48
2012,3205309,29,33
2012,3205309,31,120
2012,3205309,32,218
2012,3205309,33,410
2012,3205309,35,55
2012,3205309,36,314
2012,3205309,37,69
2012,3205309,38,2175
2012,3205309,41,7805
2012,3205309,42,3475
2012,3205309,43,3765
2012,3205309,45,3042
2012,3205309,46,4201
2012,3205309,47,22183
2012,3205309,49,8793
2012,3205309,50,691
2012,3205309,51,467
2012,3205309,52,5397
2012,3205309,53,1191
2012,3205309,55,798
2012,3205309,56,8539
2012,3205309,58,1618
2012,3205309,59,137
2012,3205309,60,948
2012,3205309,61,868
2012,3205309,62,3688
2012,3205309,63,717
2012,3205309,64,4595
2012,3205309,65,1209
2012,3205309,66,438
2012,3205309,68,1818
2012,3205309,69,2843
2012,3205309,70,528
2012,3205309,71,3398
2012,3205309,72,36
2012,3205309,73,473
2012,3205309,74,736
2012,3205309,75,15
2012,3205309,77,1803
2012,3205309,78,637
2012,3205309,79,566
2012,3205309,80,3599
2012,3205309,81,11448
2012,3205309,82,4474
2012,3205309,84,68997
2012,3205309,85,10874
2012,3205309,86,10930
2012,3205309,87,520
2012,3205309,88,1031
2012,3205309,90,29
2012,3205309,91,1
2012,3205309,93,831
2012,3205309,94,12058
2012,3205309,95,893
2012,3205309,96,1120
2012,3205309,97,37
2013,3205309,01,959
2013,3205309,02,4
2013,3205309,03,26
2013,3205309,06,1611
2013,3205309,07,2613
2013,3205309,08,14
2013,3205309,09,455
2013,3205309,10,1391
2013,3205309,13,81
2013,3205309,14,381
2013,3205309,15,12
2013,3205309,16,4
2013,3205309,17,1
2013,3205309,18,552
2013,3205309,20,43
2013,3205309,21,5
2013,3205309,22,1180
2013,3205309,23,97
2013,3205309,24,201
2013,3205309,25,96
2013,3205309,26,45
2013,3205309,27,102
2013,3205309,28,120
2013,3205309,29,20
2013,3205309,31,125
2013,3205309,32,221
2013,3205309,33,329
2013,3205309,35,47
2013,3205309,36,362
2013,3205309,37,30
2013,3205309,38,2028
2013,3205309,41,6475
2013,3205309,42,2623
2013,3205309,43,3660
2013,3205309,45,3132
2013,3205309,46,4770
2013,3205309,47,22108
2013,3205309,49,8961
2013,3205309,50,720
2013,3205309,51,484
2013,3205309,52,4977
2013,3205309,53,1185
2013,3205309,55,840
2013,3205309,56,8912
2013,3205309,58,1632
2013,3205309,59,159
2013,3205309,60,1040
2013,3205309,61,1002
2013,3205309,62,3685
2013,3205309,63,799
2013,3205309,64,4503
2013,3205309,65,1411
2013,3205309,66,841
2013,3205309,68,1586
2013,3205309,69,2971
2013,3205309,70,485
2013,3205309,71,2642
2013,3205309,72,51
2013,3205309,73,512
2013,3205309,74,1010
2013,3205309,75,18
2013,3205309,77,1233
2013,3205309,78,757
2013,3205309,79,592
2013,3205309,80,3619
2013,3205309,81,12071
2013,3205309,82,5857
2013,3205309,84,70533
2013,3205309,85,11513
2013,3205309,86,11580
2013,3205309,87,655
2013,3205309,88,562
2013,3205309,90,38
2013,3205309,91,1
2013,3205309,93,923
2013,3205309,94,11744
2013,3205309,95,930
2013,3205309,96,1118
2013,3205309,97,25
2014,3205309,01,893
2014,3205309,02,8
2014,3205309,03,29
2014,3205309,06,1679
2014,3205309,07,2579
2014,3205309,08,10
2014,3205309,09,504
2014,3205309,10,1529
2014,3205309,13,85
2014,3205309,14,363
2014,3205309,15,28
2014,3205309,16,4
2014,3205309,17,10
2014,3205309,18,641
2014,3205309,20,45
2014,3205309,21,1
2014,3205309,22,1199
2014,3205309,23,236
2014,3205309,24,74
2014,3205309,25,142
2014,3205309,26,11
2014,3205309,27,71
2014,3205309,28,113
2014,3205309,29,20
2014,3205309,30,1
2014,3205309,31,143
2014,3205309,32,205
2014,3205309,33,311
2014,3205309,35,38
2014,3205309,36,331
2014,3205309,37,21
2014,3205309,38,1722
2014,3205309,41,6722
2014,3205309,42,1406
2014,3205309,43,2756
2014,3205309,45,3022
2014,3205309,46,4409
2014,3205309,47,21664
2014,3205309,49,9211
2014,3205309,50,852
2014,3205309,51,497
2014,3205309,52,4875
2014,3205309,53,1158
2014,3205309,55,700
2014,3205309,56,8753
2014,3205309,58,1576
2014,3205309,59,120
2014,3205309,60,1028
2014,3205309,61,810
2014,3205309,62,3532
2014,3205309,63,584
2014,3205309,64,4634
2014,3205309,65,1562
2014,3205309,66,864
2014,3205309,68,1379
2014,3205309,69,3009
2014,3205309,70,584
2014,3205309,71,3071
2014,3205309,72,187
2014,3205309,73,511
2014,3205309,74,814
2014,3205309,75,24
2014,3205309,77,1136
2014,3205309,78,554
2014,3205309,79,627
2014,3205309,80,2444
2014,3205309,81,11976
2014,3205309,82,5574
2014,3205309,84,73583
2014,3205309,85,11573
2014,3205309,86,11783
2014,3205309,87,742
2014,3205309,88,609
2014,3205309,90,43
2014,3205309,91,1
2014,3205309,93,1002
2014,3205309,94,10897
2014,3205309,95,955
2014,3205309,96,1154
2014,3205309,97,8
2015,3205309,01,872
2015,3205309,02,1
2015,3205309,03,28
2015,3205309,06,1658
2015,3205309,07,2403
2015,3205309,08,12
2015,3205309,09,444
2015,3205309,10,1493
2015,3205309,13,74
2015,3205309,14,319
2015,3205309,15,27
2015,3205309,16,2
2015,3205309,17,1
2015,3205309,18,536
2015,3205309,20,14
2015,3205309,22,1264
2015,3205309,23,212
2015,3205309,24,170
2015,3205309,25,138
2015,3205309,26,14
2015,3205309,27,66
2015,3205309,28,66
2015,3205309,29,12
2015,3205309,30,1
2015,3205309,31,130
2015,3205309,32,190
2015,3205309,33,534
2015,3205309,35,35
2015,3205309,36,324
2015,3205309,37,3
2015,3205309,38,1726
2015,3205309,41,5717
2015,3205309,42,826
2015,3205309,43,3004
2015,3205309,45,2586
2015,3205309,46,4060
2015,3205309,47,19830
2015,3205309,49,8640
2015,3205309,50,961
2015,3205309,51,468
2015,3205309,52,4754
2015,3205309,53,539
2015,3205309,55,778
2015,3205309,56,8194
2015,3205309,58,1451
2015,3205309,59,95
2015,3205309,60,907
2015,3205309,61,845
2015,3205309,62,3181
2015,3205309,63,542
2015,3205309,64,4264
2015,3205309,65,1810
2015,3205309,66,579
2015,3205309,68,1078
2015,3205309,69,2945
2015,3205309,70,528
2015,3205309,71,2301
2015,3205309,72,311
2015,3205309,73,396
2015,3205309,74,504
2015,3205309,75,38
2015,3205309,77,965
2015,3205309,78,697
2015,3205309,79,534
2015,3205309,80,3070
2015,3205309,81,11212
2015,3205309,82,5885
2015,3205309,84,69503
2015,3205309,85,10801
2015,3205309,86,11907
2015,3205309,87,687
2015,3205309,88,601
2015,3205309,90,59
2015,3205309,91,1
2015,3205309,93,959
2015,3205309,94,10043
2015,3205309,95,870
2015,3205309,96,964
2015,3205309,97,14
2016,3205309,01,808
2016,3205309,02,3
2016,3205309,03,23
2016,3205309,06,1629
2016,3205309,07,2333
2016,3205309,08,11
2016,3205309,09,358
2016,3205309,10,1545
2016,3205309,13,74
2016,3205309,14,317
2016,3205309,15,21
2016,3205309,16,2
2016,3205309,17,40
2016,3205309,18,465
2016,3205309,20,2
2016,3205309,22,1021
2016,3205309,23,179
2016,3205309,24,58
2016,3205309,25,131
2016,3205309,26,17
2016,3205309,27,55
2016,3205309,28,66
2016,3205309,29,12
2016,3205309,30,1
2016,3205309,31,98
2016,3205309,32,179
2016,3205309,33,464
2016,3205309,35,35
2016,3205309,36,376
2016,3205309,37,5
2016,3205309,38,1566
2016,3205309,41,5093
2016,3205309,42,758
2016,3205309,43,2697
2016,3205309,45,2695
2016,3205309,46,3730
2016,3205309,47,18499
2016,3205309,49,7782
2016,3205309,50,673
2016,3205309,51,440
2016,3205309,52,4556
2016,3205309,53,511
2016,3205309,55,642
2016,3205309,56,7655
2016,3205309,58,1265
2016,3205309,59,98
2016,3205309,60,875
2016,3205309,61,828
2016,3205309,62,2836
2016,3205309,63,601
2016,3205309,64,3987
2016,3205309,65,1800
2016,3205309,66,551
2016,3205309,68,1396
2016,3205309,69,2859
2016,3205309,70,476
2016,3205309,71,2077
2016,3205309,72,318
2016,3205309,73,353
2016,3205309,74,419
2016,3205309,75,41
2016,3205309,77,841
2016,3205309,78,731
2016,3205309,79,451
2016,3205309,80,2505
2016,3205309,81,9886
2016,3205309,82,5327
2016,3205309,84,68096
2016,3205309,85,10438
2016,3205309,86,13406
2016,3205309,87,886
2016,3205309,88,545
2016,3205309,90,109
2016,3205309,91,3
2016,3205309,93,947
2016,3205309,94,8169
2016,3205309,95,741
2016,3205309,96,934
2016,3205309,97,9
2016,3205309,99,2
2017,3205309,01,821
2017,3205309,02,1
2017,3205309,03,26
2017,3205309,06,1462
2017,3205309,07,2335
2017,3205309,08,8
2017,3205309,09,152
2017,3205309,10,1462
2017,3205309,13,59
2017,3205309,14,290
2017,3205309,15,17
2017,3205309,16,4
2017,3205309,17,2
2017,3205309,18,470
2017,3205309,20,1
2017,3205309,22,933
2017,3205309,23,193
2017,3205309,24,57
2017,3205309,25,68
2017,3205309,26,29
2017,3205309,27,61
2017,3205309,28,50
2017,3205309,29,3
2017,3205309,30,1
2017,3205309,31,78
2017,3205309,32,193
2017,3205309,33,518
2017,3205309,35,33
2017,3205309,36,329
2017,3205309,37,124
2017,3205309,38,1316
2017,3205309,41,4548
2017,3205309,42,784
2017,3205309,43,2405
2017,3205309,45,2636
2017,3205309,46,3195
2017,3205309,47,18247
2017,3205309,49,6680
2017,3205309,50,644
2017,3205309,51,429
2017,3205309,52,4264
2017,3205309,53,448
2017,3205309,55,606
2017,3205309,56,7658
2017,3205309,58,1166
2017,3205309,59,86
2017,3205309,60,851
2017,3205309,61,779
2017,3205309,62,2871
2017,3205309,63,620
2017,3205309,64,4106
2017,3205309,65,1875
2017,3205309,66,638
2017,3205309,68,1373
2017,3205309,69,2666
2017,3205309,70,454
2017,3205309,71,2188
2017,3205309,72,326
2017,3205309,73,337
2017,3205309,74,497
2017,3205309,75,52
2017,3205309,77,843
2017,3205309,78,595
2017,3205309,79,381
2017,3205309,80,2938
2017,3205309,81,10197
2017,3205309,82,5029
2017,3205309,84,72175
2017,3205309,85,11294
2017,3205309,86,14255
2017,3205309,87,931
2017,3205309,88,531
2017,3205309,90,88
2017,3205309,91,14
2017,3205309,93,965
2017,3205309,94,8564
2017,3205309,95,663
2017,3205309,96,831
2017,3205309,97,6
2017,3205309,99,3
2018,3205309,01,734
2018,3205309,02,2
2018,3205309,03,15
2018,3205309,06,1595
2018,3205309,07,2359
2018,3205309,08,23
2018,3205309,09,32
2018,3205309,10,1423
2018,3205309,11,2
2018,3205309,13,57
2018,3205309,14,286
2018,3205309,15,11
2018,3205309,16,2
2018,3205309,18,466
2018,3205309,22,899
2018,3205309,23,185
2018,3205309,24,56
2018,3205309,25,113
2018,3205309,26,35
2018,3205309,27,68
2018,3205309,28,41
2018,3205309,29,1
2018,3205309,31,70
2018,3205309,32,190
2018,3205309,33,615
2018,3205309,35,380
2018,3205309,36,354
2018,3205309,37,187
2018,3205309,38,1505
2018,3205309,41,3429
2018,3205309,42,947
2018,3205309,43,2615
2018,3205309,45,2835
2018,3205309,46,2947
2018,3205309,47,18601
2018,3205309,49,6753
2018,3205309,50,634
2018,3205309,51,469
2018,3205309,52,4302
2018,3205309,53,692
2018,3205309,55,571
2018,3205309,56,7429
2018,3205309,58,1099
2018,3205309,59,88
2018,3205309,60,794
2018,3205309,61,771
2018,3205309,62,3000
2018,3205309,63,576
2018,3205309,64,4147
2018,3205309,65,1984
2018,3205309,66,731
2018,3205309,68,1374
2018,3205309,69,2642
2018,3205309,70,443
2018,3205309,71,2494
2018,3205309,72,571
2018,3205309,73,355
2018,3205309,74,719
2018,3205309,75,62
2018,3205309,77,766
2018,3205309,78,361
2018,3205309,79,360
2018,3205309,80,3136
2018,3205309,81,10191
2018,3205309,82,5027
2018,3205309,84,71153
2018,3205309,85,11772
2018,3205309,86,14423
2018,3205309,87,1078
2018,3205309,88,498
2018,3205309,90,79
2018,3205309,91,15
2018,3205309,93,953
2018,3205309,94,8650
2018,3205309,95,628
2018,3205309,96,751
2018,3205309,97,3
2018,3205309,99,4
2019,3205309,01,631
2019,3205309,02,7
2019,3205309,03,17
2019,3205309,06,1818
2019,3205309,07,2454
2019,3205309,08,5
2019,3205309,09,272
2019,3205309,10,1551
2019,3205309,11,3
2019,3205309,13,62
2019,3205309,14,270
2019,3205309,15,10
2019,3205309,16,4
2019,3205309,18,454
2019,3205309,20,1
2019,3205309,22,17
2019,3205309,23,166
2019,3205309,24,56
2019,3205309,25,103
2019,3205309,26,39
2019,3205309,27,74
2019,3205309,28,44
2019,3205309,29,11
2019,3205309,31,62
2019,3205309,32,178
2019,3205309,33,383
2019,3205309,35,404
2019,3205309,36,373
2019,3205309,37,35
2019,3205309,38,1819
2019,3205309,41,3660
2019,3205309,42,1149
2019,3205309,43,2049
2019,3205309,45,2421
2019,3205309,46,3141
2019,3205309,47,18415
2019,3205309,49,6489
2019,3205309,50,1724
2019,3205309,51,459
2019,3205309,52,4082
2019,3205309,53,852
2019,3205309,55,669
2019,3205309,56,7705
2019,3205309,58,757
2019,3205309,59,83
2019,3205309,60,801
2019,3205309,61,723
2019,3205309,62,3240
2019,3205309,63,601
2019,3205309,64,4169
2019,3205309,65,1893
2019,3205309,66,1584
2019,3205309,68,1481
2019,3205309,69,3211
2019,3205309,70,495
2019,3205309,71,2380
2019,3205309,72,552
2019,3205309,73,429
2019,3205309,74,592
2019,3205309,75,73
2019,3205309,77,1035
2019,3205309,78,466
2019,3205309,79,321
2019,3205309,80,3184
2019,3205309,81,9297
2019,3205309,82,5564
2019,3205309,84,69070
2019,3205309,85,11634
2019,3205309,86,13785
2019,3205309,87,1161
2019,3205309,88,499
2019,3205309,90,81
2019,3205309,91,14
2019,3205309,93,974
2019,3205309,94,8707
2019,3205309,95,549
2019,3205309,96,785
2019,3205309,97,7
2020,3205309,01,663
2020,3205309,02,17
2020,3205309,03,20
2020,3205309,06,1907
2020,3205309,07,2467
2020,3205309,08,7
2020,3205309,09,426
2020,3205309,10,1285
2020,3205309,11,6
2020,3205309,13,54
2020,3205309,14,194
2020,3205309,15,7
2020,3205309,16,4
2020,3205309,18,418
2020,3205309,20,4
2020,3205309,22,19
2020,3205309,23,157
2020,3205309,24,56
2020,3205309,25,75
2020,3205309,26,30
2020,3205309,27,76
2020,3205309,28,36
2020,3205309,29,2
2020,3205309,31,61
2020,3205309,32,188
2020,3205309,33,641
2020,3205309,35,372
2020,3205309,36,370
2020,3205309,37,45
2020,3205309,38,2531
2020,3205309,41,3623
2020,3205309,42,1334
2020,3205309,43,2195
2020,3205309,45,2310
2020,3205309,46,2855
2020,3205309,47,16462
2020,3205309,49,6653
2020,3205309,50,1360
2020,3205309,51,364
2020,3205309,52,3945
2020,3205309,53,783
2020,3205309,55,452
2020,3205309,56,6355
2020,3205309,58,638
2020,3205309,59,70
2020,3205309,60,749
2020,3205309,61,717
2020,3205309,62,3217
2020,3205309,63,538
2020,3205309,64,3811
2020,3205309,65,1763
2020,3205309,66,1503
2020,3205309,68,1320
2020,3205309,69,2542
2020,3205309,70,504
2020,3205309,71,2583
2020,3205309,72,502
2020,3205309,73,338
2020,3205309,74,661
2020,3205309,75,59
2020,3205309,77,1020
2020,3205309,78,552
2020,3205309,79,150
2020,3205309,80,3028
2020,3205309,81,9703
2020,3205309,82,6044
2020,3205309,84,60912
2020,3205309,85,10797
2020,3205309,86,23263
2020,3205309,87,1030
2020,3205309,88,384
2020,3205309,90,45
2020,3205309,91,18
2020,3205309,93,729
2020,3205309,94,8134
2020,3205309,95,527
2020,3205309,96,724
2020,3205309,97,5
2021,3205309,01,667
2021,3205309,02,17
2021,3205309,03,22
2021,3205309,06,2188
2021,3205309,07,2295
2021,3205309,08,3
2021,3205309,09,465
2021,3205309,10,1253
2021,3205309,11,25
2021,3205309,13,61
2021,3205309,14,184
2021,3205309,15,12
2021,3205309,16,4
2021,3205309,18,454
2021,3205309,19,4
2021,3205309,20,3
2021,3205309,22,17
2021,3205309,23,147
2021,3205309,24,74
2021,3205309,25,172
2021,3205309,26,43
2021,3205309,27,73
2021,3205309,28,33
2021,3205309,29,2
2021,3205309,31,47
2021,3205309,32,188
2021,3205309,33,1069
2021,3205309,35,369
2021,3205309,36,366
2021,3205309,37,48
2021,3205309,38,2077
2021,3205309,41,4115
2021,3205309,42,2130
2021,3205309,43,2496
2021,3205309,45,2453
2021,3205309,46,3181
2021,3205309,47,17481
2021,3205309,49,6557
2021,3205309,50,983
2021,3205309,51,329
2021,3205309,52,3837
2021,3205309,53,736
2021,3205309,55,561
2021,3205309,56,6607
2021,3205309,58,597
2021,3205309,59,67
2021,3205309,60,684
2021,3205309,61,770
2021,3205309,62,4259
2021,3205309,63,548
2021,3205309,64,3851
2021,3205309,65,1800
2021,3205309,66,1798
2021,3205309,68,999
2021,3205309,69,2595
2021,3205309,70,436
2021,3205309,71,3067
2021,3205309,72,177
2021,3205309,73,327
2021,3205309,74,808
2021,3205309,75,77
2021,3205309,77,1127
2021,3205309,78,903
2021,3205309,79,196
2021,3205309,80,2675
2021,3205309,81,9379
2021,3205309,82,6810
2021,3205309,84,52679
2021,3205309,85,11602
2021,3205309,86,25742
2021,3205309,87,1028
2021,3205309,88,669
2021,3205309,90,38
2021,3205309,91,23
2021,3205309,93,757
2021,3205309,94,8426
2021,3205309,95,564
2021,3205309,96,674
2022,3205309,01,93
2022,3205309,02,7
2022,3205309,03,8
2022,3205309,06,2138
2022,3205309,07,2764
2022,3205309,08,1
2022,3205309,09,461
2022,3205309,10,1676
2022,3205309,11,37
2022,3205309,13,71
2022,3205309,14,201
2022,3205309,15,7
2022,3205309,16,9
2022,3205309,17,2
2022,3205309,18,374
2022,3205309,19,3
2022,3205309,20,3
2022,3205309,22,16
2022,3205309,23,145
2022,3205309,24,88
2022,3205309,25,189
2022,3205309,26,36
2022,3205309,27,68
2022,3205309,28,30
2022,3205309,29,2
2022,3205309,31,64
2022,3205309,32,237
2022,3205309,33,883
2022,3205309,35,384
2022,3205309,36,335
2022,3205309,37,185
2022,3205309,38,2314
2022,3205309,41,4665
2022,3205309,42,3082
2022,3205309,43,2619
2022,3205309,45,2900
2022,3205309,46,3616
2022,3205309,47,17808
2022,3205309,49,6040
2022,3205309,50,972
2022,3205309,51,354
2022,3205309,52,3654
2022,3205309,53,727
2022,3205309,55,582
2022,3205309,56,8252
2022,3205309,58,513
2022,3205309,59,84
2022,3205309,60,712
2022,3205309,61,779
2022,3205309,62,4952
2022,3205309,63,504
2022,3205309,64,4163
2022,3205309,65,1786
2022,3205309,66,1521
2022,3205309,68,929
2022,3205309,69,2715
2022,3205309,70,390
2022,3205309,71,3792
2022,3205309,72,210
2022,3205309,73,424
2022,3205309,74,1080
2022,3205309,75,89
2022,3205309,77,1144
2022,3205309,78,3113
2022,3205309,79,255
2022,3205309,80,3291
2022,3205309,81,9565
2022,3205309,82,8662
2022,3205309,84,39213
2022,3205309,85,28079
2022,3205309,86,25794
2022,3205309,87,436
2022,3205309,88,1057
2022,3205309,90,79
2022,3205309,91,39
2022,3205309,93,893
2022,3205309,94,8644
2022,3205309,95,429
2022,3205309,96,843
2022,3205309,97,1
2022,3205309,99,3
2023,3205309,01,76
2023,3205309,02,4
2023,3205309,03,8
2023,3205309,06,2117
2023,3205309,07,2891
2023,3205309,08,13
2023,3205309,09,585
2023,3205309,10,1649
2023,3205309,11,24
2023,3205309,13,70
2023,3205309,14,177
2023,3205309,15,6
2023,3205309,16,8
2023,3205309,17,2
2023,3205309,18,368
2023,3205309,19,1
2023,3205309,20,4
2023,3205309,22,2
2023,3205309,23,131
2023,3205309,24,70
2023,3205309,25,171
2023,3205309,26,44
2023,3205309,27,67
2023,3205309,28,25
2023,3205309,29,2
2023,3205309,31,59
2023,3205309,32,222
2023,3205309,33,1227
2023,3205309,35,388
2023,3205309,36,322
2023,3205309,37,35
2023,3205309,38,2625
2023,3205309,41,5103
2023,3205309,42,3558
2023,3205309,43,3599
2023,3205309,45,3058
2023,3205309,46,3465
2023,3205309,47,18169
2023,3205309,49,6721
2023,3205309,50,1215
2023,3205309,51,375
2023,3205309,52,3533
2023,3205309,53,741
2023,3205309,55,603
2023,3205309,56,8448
2023,3205309,58,472
2023,3205309,59,81
2023,3205309,60,707
2023,3205309,61,786
2023,3205309,62,5008
2023,3205309,63,513
2023,3205309,64,4370
2023,3205309,65,1819
2023,3205309,66,1370
2023,3205309,68,1311
2023,3205309,69,2801
2023,3205309,70,660
2023,3205309,71,4116
2023,3205309,72,215
2023,3205309,73,604
2023,3205309,74,1294
2023,3205309,75,100
2023,3205309,77,1445
2023,3205309,78,3786
2023,3205309,79,270
2023,3205309,80,3167
2023,3205309,81,8755
2023,3205309,82,8652
2023,3205309,84,46014
2023,3205309,85,30434
2023,3205309,86,21368
2023,3205309,87,468
2023,3205309,88,1124
2023,3205309,90,111
2023,3205309,91,51
2023,3205309,93,955
2023,3205309,94,9891
2023,3205309,95,563
2023,3205309,96,813
2023,3205309,97,10
2002,3304557,NA,1793798
2003,3304557,NA,1769158
2004,3304557,NA,1824854
2005,3304557,NA,1883685
2006,3304557,00,9815
2006,3304557,01,800
2006,3304557,02,55
2006,3304557,03,624
2006,3304557,05,6
2006,3304557,06,563
2006,3304557,07,203
2006,3304557,08,504
2006,3304557,09,12042
2006,3304557,10,13859
2006,3304557,11,5830
2006,3304557,12,1471
2006,3304557,13,2307
2006,3304557,14,17732
2006,3304557,15,2822
2006,3304557,16,845
2006,3304557,17,2385
2006,3304557,18,7692
2006,3304557,19,174
2006,3304557,20,8897
2006,3304557,21,6925
2006,3304557,22,7685
2006,3304557,23,4803
2006,3304557,24,2921
2006,3304557,25,7410
2006,3304557,26,2220
2006,3304557,27,3324
2006,3304557,28,7072
2006,3304557,29,1475
2006,3304557,30,2865
2006,3304557,31,1605
2006,3304557,32,3474
2006,3304557,33,6715
2006,3304557,35,6900
2006,3304557,36,7613
2006,3304557,37,585
2006,3304557,38,16720
2006,3304557,39,55
2006,3304557,41,24205
2006,3304557,42,30057
2006,3304557,43,21088
2006,3304557,45,25707
2006,3304557,46,57205
2006,3304557,47,241117
2006,3304557,49,70917
2006,3304557,50,6347
2006,3304557,51,4926
2006,3304557,52,19952
2006,3304557,53,11937
2006,3304557,55,16587
2006,3304557,56,87149
2006,3304557,58,10222
2006,3304557,59,2953
2006,3304557,60,11645
2006,3304557,61,15778
2006,3304557,62,14902
2006,3304557,63,7672
2006,3304557,64,38982
2006,3304557,65,15142
2006,3304557,66,7255
2006,3304557,68,8412
2006,3304557,69,16521
2006,3304557,70,12693
2006,3304557,71,17586
2006,3304557,72,7299
2006,3304557,73,4264
2006,3304557,74,5282
2006,3304557,75,451
2006,3304557,77,8858
2006,3304557,78,33341
2006,3304557,79,5183
2006,3304557,80,36211
2006,3304557,81,119698
2006,3304557,82,57808
2006,3304557,84,419865
2006,3304557,85,97502
2006,3304557,86,79847
2006,3304557,87,2406
2006,3304557,88,4988
2006,3304557,90,2374
2006,3304557,91,332
2006,3304557,92,3641
2006,3304557,93,16828
2006,3304557,94,49475
2006,3304557,95,6659
2006,3304557,96,23316
2006,3304557,97,140
2006,3304557,99,296
2007,3304557,00,49726
2007,3304557,01,773
2007,3304557,02,62
2007,3304557,03,497
2007,3304557,05,16
2007,3304557,06,598
2007,3304557,07,322
2007,3304557,08,379
2007,3304557,09,7969
2007,3304557,10,14717
2007,3304557,11,5716
2007,3304557,12,1481
2007,3304557,13,4180
2007,3304557,14,18030
2007,3304557,15,3064
2007,3304557,16,814
2007,3304557,17,2528
2007,3304557,18,6603
2007,3304557,19,172
2007,3304557,20,8707
2007,3304557,21,7259
2007,3304557,22,7680
2007,3304557,23,5146
2007,3304557,24,3542
2007,3304557,25,7723
2007,3304557,26,2412
2007,3304557,27,2937
2007,3304557,28,7123
2007,3304557,29,1903
2007,3304557,30,4244
2007,3304557,31,2028
2007,3304557,32,3389
2007,3304557,33,5940
2007,3304557,35,7103
2007,3304557,36,7512
2007,3304557,37,379
2007,3304557,38,17181
2007,3304557,39,52
2007,3304557,41,23824
2007,3304557,42,36298
2007,3304557,43,24882
2007,3304557,45,28275
2007,3304557,46,63636
2007,3304557,47,253507
2007,3304557,49,75054
2007,3304557,50,7954
2007,3304557,51,4994
2007,3304557,52,22015
2007,3304557,53,13583
2007,3304557,55,16257
2007,3304557,56,94062
2007,3304557,58,9871
2007,3304557,59,2925
2007,3304557,60,11485
2007,3304557,61,18970
2007,3304557,62,15609
2007,3304557,63,8158
2007,3304557,64,39268
2007,3304557,65,16070
2007,3304557,66,9117
2007,3304557,68,7599
2007,3304557,69,17542
2007,3304557,70,12514
2007,3304557,71,22105
2007,3304557,72,8705
2007,3304557,73,4148
2007,3304557,74,4370
2007,3304557,75,468
2007,3304557,77,9340
2007,3304557,78,34456
2007,3304557,79,5525
2007,3304557,80,41450
2007,3304557,81,128279
2007,3304557,82,63836
2007,3304557,84,505741
2007,3304557,85,98986
2007,3304557,86,72990
2007,3304557,87,2109
2007,3304557,88,2606
2007,3304557,90,1931
2007,3304557,91,612
2007,3304557,92,1133
2007,3304557,93,17749
2007,3304557,94,62391
2007,3304557,95,7600
2007,3304557,96,24294
2007,3304557,97,185
2007,3304557,99,183
2008,3304557,00,27973
2008,3304557,01,762
2008,3304557,02,85
2008,3304557,03,600
2008,3304557,05,14
2008,3304557,06,1013
2008,3304557,07,3054
2008,3304557,08,428
2008,3304557,09,13525
2008,3304557,10,14422
2008,3304557,11,4530
2008,3304557,12,1426
2008,3304557,13,2604
2008,3304557,14,19063
2008,3304557,15,2964
2008,3304557,16,658
2008,3304557,17,2641
2008,3304557,18,5502
2008,3304557,19,1331
2008,3304557,20,8915
2008,3304557,21,6838
2008,3304557,22,10100
2008,3304557,23,5006
2008,3304557,24,5827
2008,3304557,25,8860
2008,3304557,26,2661
2008,3304557,27,3709
2008,3304557,28,8602
2008,3304557,29,1577
2008,3304557,30,4984
2008,3304557,31,1988
2008,3304557,32,3212
2008,3304557,33,6340
2008,3304557,35,7276
2008,3304557,36,7349
2008,3304557,37,665
2008,3304557,38,18020
2008,3304557,39,21
2008,3304557,41,28014
2008,3304557,42,40612
2008,3304557,43,30211
2008,3304557,45,27019
2008,3304557,46,65875
2008,3304557,47,266042
2008,3304557,49,76364
2008,3304557,50,7676
2008,3304557,51,5465
2008,3304557,52,24279
2008,3304557,53,13852
2008,3304557,55,16012
2008,3304557,56,99127
2008,3304557,58,11939
2008,3304557,59,2856
2008,3304557,60,12328
2008,3304557,61,19988
2008,3304557,62,19296
2008,3304557,63,4618
2008,3304557,64,40003
2008,3304557,65,18977
2008,3304557,66,8518
2008,3304557,68,7652
2008,3304557,69,19012
2008,3304557,70,14479
2008,3304557,71,25843
2008,3304557,72,8121
2008,3304557,73,4188
2008,3304557,74,4287
2008,3304557,75,479
2008,3304557,77,10300
2008,3304557,78,47592
2008,3304557,79,5923
2008,3304557,80,45256
2008,3304557,81,117576
2008,3304557,82,72861
2008,3304557,84,423880
2008,3304557,85,99268
2008,3304557,86,82847
2008,3304557,87,2520
2008,3304557,88,3663
2008,3304557,90,1937
2008,3304557,91,512
2008,3304557,92,1012
2008,3304557,93,18569
2008,3304557,94,55211
2008,3304557,95,8617
2008,3304557,96,25959
2008,3304557,97,189
2008,3304557,99,329
2009,3304557,01,673
2009,3304557,02,105
2009,3304557,03,568
2009,3304557,05,3
2009,3304557,06,1383
2009,3304557,07,2885
2009,3304557,08,300
2009,3304557,09,14640
2009,3304557,10,15594
2009,3304557,11,4990
2009,3304557,12,1105
2009,3304557,13,2478
2009,3304557,14,20337
2009,3304557,15,1588
2009,3304557,16,612
2009,3304557,17,3114
2009,3304557,18,7407
2009,3304557,19,812
2009,3304557,20,8153
2009,3304557,21,7022
2009,3304557,22,10009
2009,3304557,23,4707
2009,3304557,24,5232
2009,3304557,25,8187
2009,3304557,26,2664
2009,3304557,27,2287
2009,3304557,28,7929
2009,3304557,29,1498
2009,3304557,30,4594
2009,3304557,31,1819
2009,3304557,32,3744
2009,3304557,33,7918
2009,3304557,35,7549
2009,3304557,36,7306
2009,3304557,37,625
2009,3304557,38,17989
2009,3304557,39,54
2009,3304557,41,31275
2009,3304557,42,59021
2009,3304557,43,31002
2009,3304557,45,27684
2009,3304557,46,68651
2009,3304557,47,271425
2009,3304557,49,79309
2009,3304557,50,6410
2009,3304557,51,6341
2009,3304557,52,27760
2009,3304557,53,11949
2009,3304557,55,16302
2009,3304557,56,100813
2009,3304557,58,9538
2009,3304557,59,3137
2009,3304557,60,12689
2009,3304557,61,20820
2009,3304557,62,20859
2009,3304557,63,3696
2009,3304557,64,40309
2009,3304557,65,18269
2009,3304557,66,8592
2009,3304557,68,8138
2009,3304557,69,22279
2009,3304557,70,14270
2009,3304557,71,28509
2009,3304557,72,6965
2009,3304557,73,4307
2009,3304557,74,4741
2009,3304557,75,504
2009,3304557,77,10500
2009,3304557,78,50510
2009,3304557,79,6020
2009,3304557,80,46361
2009,3304557,81,123795
2009,3304557,82,73250
2009,3304557,84,456126
2009,3304557,85,102606
2009,3304557,86,89588
2009,3304557,87,2976
2009,3304557,88,3599
2009,3304557,90,1960
2009,3304557,91,993
2009,3304557,92,762
2009,3304557,93,19871
2009,3304557,94,51847
2009,3304557,95,9960
2009,3304557,96,26725
2009,3304557,97,147
2009,3304557,99,293
2010,3304557,01,806
2010,3304557,02,73
2010,3304557,03,564
2010,3304557,05,8
2010,3304557,06,2075
2010,3304557,07,3418
2010,3304557,08,368
2010,3304557,09,2562
2010,3304557,10,16868
2010,3304557,11,5499
2010,3304557,12,1153
2010,3304557,13,3040
2010,3304557,14,21425
2010,3304557,15,2879
2010,3304557,16,585
2010,3304557,17,2987
2010,3304557,18,7889
2010,3304557,19,14553
2010,3304557,20,8486
2010,3304557,21,7218
2010,3304557,22,10948
2010,3304557,23,5393
2010,3304557,24,6847
2010,3304557,25,8577
2010,3304557,26,2926
2010,3304557,27,2558
2010,3304557,28,8402
2010,3304557,29,1515
2010,3304557,30,5741
2010,3304557,31,2139
2010,3304557,32,4096
2010,3304557,33,8970
2010,3304557,35,7703
2010,3304557,36,7260
2010,3304557,37,583
2010,3304557,38,21999
2010,3304557,39,57
2010,3304557,41,39799
2010,3304557,42,53407
2010,3304557,43,36572
2010,3304557,45,29370
2010,3304557,46,71232
2010,3304557,47,284373
2010,3304557,49,83317
2010,3304557,50,7500
2010,3304557,51,6686
2010,3304557,52,30851
2010,3304557,53,12152
2010,3304557,55,16919
2010,3304557,56,107906
2010,3304557,58,9435
2010,3304557,59,3344
2010,3304557,60,14028
2010,3304557,61,20927
2010,3304557,62,23250
2010,3304557,63,4203
2010,3304557,64,41567
2010,3304557,65,19262
2010,3304557,66,9955
2010,3304557,68,8736
2010,3304557,69,23245
2010,3304557,70,14095
2010,3304557,71,30423
2010,3304557,72,7670
2010,3304557,73,4721
2010,3304557,74,4710
2010,3304557,75,499
2010,3304557,77,11807
2010,3304557,78,55013
2010,3304557,79,5946
2010,3304557,80,52361
2010,3304557,81,127429
2010,3304557,82,81017
2010,3304557,84,457480
2010,3304557,85,108951
2010,3304557,86,90088
2010,3304557,87,3300
2010,3304557,88,3746
2010,3304557,90,2507
2010,3304557,91,1017
2010,3304557,92,696
2010,3304557,93,19953
2010,3304557,94,61463
2010,3304557,95,10448
2010,3304557,96,26531
2010,3304557,97,108
2010,3304557,99,426
2011,3304557,01,908
2011,3304557,02,211
2011,3304557,03,632
2011,3304557,05,9
2011,3304557,06,3207
2011,3304557,07,4647
2011,3304557,08,383
2011,3304557,09,3250
2011,3304557,10,16101
2011,3304557,11,5059
2011,3304557,12,1053
2011,3304557,13,2581
2011,3304557,14,23307
2011,3304557,15,3231
2011,3304557,16,641
2011,3304557,17,2877
2011,3304557,18,8535
2011,3304557,19,14534
2011,3304557,20,8002
2011,3304557,21,7307
2011,3304557,22,11547
2011,3304557,23,5334
2011,3304557,24,6594
2011,3304557,25,9233
2011,3304557,26,2469
2011,3304557,27,2166
2011,3304557,28,9183
2011,3304557,29,1395
2011,3304557,30,6205
2011,3304557,31,2143
2011,3304557,32,4507
2011,3304557,33,9251
2011,3304557,35,10193
2011,3304557,36,7127
2011,3304557,37,555
2011,3304557,38,24641
2011,3304557,39,39
2011,3304557,41,42063
2011,3304557,42,62124
2011,3304557,43,40762
2011,3304557,45,30072
2011,3304557,46,74881
2011,3304557,47,296334
2011,3304557,49,86745
2011,3304557,50,8777
2011,3304557,51,7478
2011,3304557,52,30210
2011,3304557,53,13514
2011,3304557,55,17676
2011,3304557,56,115772
2011,3304557,58,9446
2011,3304557,59,3663
2011,3304557,60,14601
2011,3304557,61,26840
2011,3304557,62,23506
2011,3304557,63,7666
2011,3304557,64,41984
2011,3304557,65,19766
2011,3304557,66,9767
2011,3304557,68,9806
2011,3304557,69,26365
2011,3304557,70,12631
2011,3304557,71,37174
2011,3304557,72,5326
2011,3304557,73,5387
2011,3304557,74,9968
2011,3304557,75,511
2011,3304557,77,12193
2011,3304557,78,46945
2011,3304557,79,6524
2011,3304557,80,54238
2011,3304557,81,154092
2011,3304557,82,84560
2011,3304557,84,484140
2011,3304557,85,113546
2011,3304557,86,97944
2011,3304557,87,6809
2011,3304557,88,5415
2011,3304557,90,2544
2011,3304557,91,982
2011,3304557,92,631
2011,3304557,93,21928
2011,3304557,94,55710
2011,3304557,95,11806
2011,3304557,96,27402
2011,3304557,97,129
2011,3304557,99,252
2012,3304557,01,748
2012,3304557,02,193
2012,3304557,03,559
2012,3304557,05,3
2012,3304557,06,3364
2012,3304557,07,4793
2012,3304557,08,390
2012,3304557,09,3929
2012,3304557,10,12447
2012,3304557,11,6895
2012,3304557,12,1041
2012,3304557,13,2380
2012,3304557,14,22834
2012,3304557,15,2907
2012,3304557,16,659
2012,3304557,17,2548
2012,3304557,18,8659
2012,3304557,19,15484
2012,3304557,20,8062
2012,3304557,21,7531
2012,3304557,22,11043
2012,3304557,23,5334
2012,3304557,24,6962
2012,3304557,25,8765
2012,3304557,26,2324
2012,3304557,27,2482
2012,3304557,28,8720
2012,3304557,29,1011
2012,3304557,30,7209
2012,3304557,31,2137
2012,3304557,32,4726
2012,3304557,33,10606
2012,3304557,35,11361
2012,3304557,36,7077
2012,3304557,37,649
2012,3304557,38,24737
2012,3304557,39,8
2012,3304557,41,46694
2012,3304557,42,63910
2012,3304557,43,43796
2012,3304557,45,30261
2012,3304557,46,79161
2012,3304557,47,311332
2012,3304557,49,93421
2012,3304557,50,10146
2012,3304557,51,8590
2012,3304557,52,32685
2012,3304557,53,13661
2012,3304557,55,18716
2012,3304557,56,120370
2012,3304557,58,9235
2012,3304557,59,3952
2012,3304557,60,14833
2012,3304557,61,24565
2012,3304557,62,27195
2012,3304557,63,5862
2012,3304557,64,42989
2012,3304557,65,19839
2012,3304557,66,9739
2012,3304557,68,11085
2012,3304557,69,26147
2012,3304557,70,15368
2012,3304557,71,39110
2012,3304557,72,5469
2012,3304557,73,5376
2012,3304557,74,10465
2012,3304557,75,552
2012,3304557,77,14114
2012,3304557,78,68473
2012,3304557,79,6782
2012,3304557,80,54188
2012,3304557,81,138208
2012,3304557,82,77361
2012,3304557,84,481068
2012,3304557,85,117134
2012,3304557,86,108902
2012,3304557,87,7531
2012,3304557,88,6839
2012,3304557,90,2408
2012,3304557,91,929
2012,3304557,92,602
2012,3304557,93,22739
2012,3304557,94,57579
2012,3304557,95,13212
2012,3304557,96,28358
2012,3304557,97,168
2012,3304557,99,348
2013,3304557,01,865
2013,3304557,02,245
2013,3304557,03,541
2013,3304557,05,5
2013,3304557,06,2984
2013,3304557,07,4374
2013,3304557,08,354
2013,3304557,09,4762
2013,3304557,10,16666
2013,3304557,11,6721
2013,3304557,12,922
2013,3304557,13,2726
2013,3304557,14,22087
2013,3304557,15,2655
2013,3304557,16,666
2013,3304557,17,2467
2013,3304557,18,8696
2013,3304557,19,15920
2013,3304557,20,8165
2013,3304557,21,7849
2013,3304557,22,11209
2013,3304557,23,4978
2013,3304557,24,7063
2013,3304557,25,9394
2013,3304557,26,2397
2013,3304557,27,3054
2013,3304557,28,8127
2013,3304557,29,1193
2013,3304557,30,5866
2013,3304557,31,2083
2013,3304557,32,4373
2013,3304557,33,13559
2013,3304557,35,8823
2013,3304557,36,6987
2013,3304557,37,1356
2013,3304557,38,23648
2013,3304557,39,44
2013,3304557,41,50137
2013,3304557,42,63257
2013,3304557,43,50845
2013,3304557,45,30427
2013,3304557,46,80506
2013,3304557,47,316411
2013,3304557,49,92885
2013,3304557,50,11303
2013,3304557,51,8715
2013,3304557,52,30984
2013,3304557,53,13273
2013,3304557,55,20440
2013,3304557,56,126862
2013,3304557,58,8590
2013,3304557,59,3965
2013,3304557,60,14155
2013,3304557,61,26869
2013,3304557,62,30696
2013,3304557,63,6798
2013,3304557,64,41197
2013,3304557,65,19973
2013,3304557,66,9262
2013,3304557,68,12322
2013,3304557,69,27087
2013,3304557,70,13804
2013,3304557,71,39542
2013,3304557,72,6087
2013,3304557,73,5738
2013,3304557,74,6925
2013,3304557,75,617
2013,3304557,77,14344
2013,3304557,78,47357
2013,3304557,79,6846
2013,3304557,80,54321
2013,3304557,81,137880
2013,3304557,82,93634
2013,3304557,84,483975
2013,3304557,85,121103
2013,3304557,86,116032
2013,3304557,87,8329
2013,3304557,88,6080
2013,3304557,90,2647
2013,3304557,91,1002
2013,3304557,92,667
2013,3304557,93,24301
2013,3304557,94,62558
2013,3304557,95,10275
2013,3304557,96,28242
2013,3304557,97,201
2013,3304557,99,1647
2014,3304557,01,628
2014,3304557,02,201
2014,3304557,03,639
2014,3304557,05,7
2014,3304557,06,2955
2014,3304557,07,3624
2014,3304557,08,389
2014,3304557,09,4990
2014,3304557,10,17251
2014,3304557,11,6325
2014,3304557,12,983
2014,3304557,13,2638
2014,3304557,14,21535
2014,3304557,15,2467
2014,3304557,16,804
2014,3304557,17,2288
2014,3304557,18,8559
2014,3304557,19,15665
2014,3304557,20,8237
2014,3304557,21,8082
2014,3304557,22,11694
2014,3304557,23,4962
2014,3304557,24,7087
2014,3304557,25,8371
2014,3304557,26,2898
2014,3304557,27,3054
2014,3304557,28,7483
2014,3304557,29,1423
2014,3304557,30,5399
2014,3304557,31,2159
2014,3304557,32,4659
2014,3304557,33,16361
2014,3304557,35,8257
2014,3304557,36,6865
2014,3304557,37,1440
2014,3304557,38,23833
2014,3304557,39,15
2014,3304557,41,48885
2014,3304557,42,73689
2014,3304557,43,56422
2014,3304557,45,30657
2014,3304557,46,80543
2014,3304557,47,319070
2014,3304557,49,94182
2014,3304557,50,11388
2014,3304557,51,8615
2014,3304557,52,32806
2014,3304557,53,13149
2014,3304557,55,21109
2014,3304557,56,130381
2014,3304557,58,8337
2014,3304557,59,3909
2014,3304557,60,14617
2014,3304557,61,25328
2014,3304557,62,30556
2014,3304557,63,6946
2014,3304557,64,39703
2014,3304557,65,19903
2014,3304557,66,8836
2014,3304557,68,10967
2014,3304557,69,27095
2014,3304557,70,13754
2014,3304557,71,36359
2014,3304557,72,6355
2014,3304557,73,5601
2014,3304557,74,6544
2014,3304557,75,632
2014,3304557,77,14816
2014,3304557,78,60811
2014,3304557,79,6851
2014,3304557,80,55501
2014,3304557,81,139780
2014,3304557,82,96558
2014,3304557,84,465605
2014,3304557,85,132898
2014,3304557,86,123446
2014,3304557,87,4556
2014,3304557,88,7294
2014,3304557,90,2641
2014,3304557,91,852
2014,3304557,92,639
2014,3304557,93,25231
2014,3304557,94,69075
2014,3304557,95,8433
2014,3304557,96,27624
2014,3304557,97,190
2014,3304557,99,710
2015,3304557,01,653
2015,3304557,02,174
2015,3304557,03,476
2015,3304557,05,6
2015,3304557,06,2911
2015,3304557,07,2737
2015,3304557,08,352
2015,3304557,09,4013
2015,3304557,10,16812
2015,3304557,11,6539
2015,3304557,12,1040
2015,3304557,13,2158
2015,3304557,14,18445
2015,3304557,15,2311
2015,3304557,16,567
2015,3304557,17,2234
2015,3304557,18,7992
2015,3304557,19,15197
2015,3304557,20,7122
2015,3304557,21,7861
2015,3304557,22,10023
2015,3304557,23,5106
2015,3304557,24,7078
2015,3304557,25,7021
2015,3304557,26,2180
2015,3304557,27,2320
2015,3304557,28,6520
2015,3304557,29,1226
2015,3304557,30,1957
2015,3304557,31,2027
2015,3304557,32,4315
2015,3304557,33,11037
2015,3304557,35,8056
2015,3304557,36,6676
2015,3304557,37,1393
2015,3304557,38,23053
2015,3304557,39,19
2015,3304557,41,44562
2015,3304557,42,71994
2015,3304557,43,50857
2015,3304557,45,28756
2015,3304557,46,76274
2015,3304557,47,306230
2015,3304557,49,88566
2015,3304557,50,11567
2015,3304557,51,8320
2015,3304557,52,29513
2015,3304557,53,11427
2015,3304557,55,22061
2015,3304557,56,127168
2015,3304557,58,6986
2015,3304557,59,3693
2015,3304557,60,14247
2015,3304557,61,24016
2015,3304557,62,27345
2015,3304557,63,8270
2015,3304557,64,38980
2015,3304557,65,19864
2015,3304557,66,8705
2015,3304557,68,11625
2015,3304557,69,27377
2015,3304557,70,17495
2015,3304557,71,30799
2015,3304557,72,6053
2015,3304557,73,5142
2015,3304557,74,5145
2015,3304557,75,685
2015,3304557,77,15415
2015,3304557,78,45779
2015,3304557,79,6224
2015,3304557,80,56049
2015,3304557,81,142000
2015,3304557,82,80099
2015,3304557,84,435749
2015,3304557,85,136829
2015,3304557,86,124462
2015,3304557,87,4211
2015,3304557,88,7974
2015,3304557,90,2645
2015,3304557,91,1074
2015,3304557,92,656
2015,3304557,93,26856
2015,3304557,94,65636
2015,3304557,95,8497
2015,3304557,96,26250
2015,3304557,97,178
2015,3304557,99,806
2016,3304557,01,647
2016,3304557,02,158
2016,3304557,03,481
2016,3304557,05,5
2016,3304557,06,2610
2016,3304557,07,2392
2016,3304557,08,289
2016,3304557,09,3228
2016,3304557,10,14852
2016,3304557,11,6560
2016,3304557,12,1042
2016,3304557,13,2280
2016,3304557,14,16561
2016,3304557,15,2230
2016,3304557,16,473
2016,3304557,17,1679
2016,3304557,18,7317
2016,3304557,19,14776
2016,3304557,20,7513
2016,3304557,21,7524
2016,3304557,22,10208
2016,3304557,23,4469
2016,3304557,24,6780
2016,3304557,25,5736
2016,3304557,26,1963
2016,3304557,27,1832
2016,3304557,28,5336
2016,3304557,29,936
2016,3304557,30,995
2016,3304557,31,1775
2016,3304557,32,4277
2016,3304557,33,7817
2016,3304557,35,8390
2016,3304557,36,6116
2016,3304557,37,1124
2016,3304557,38,22603
2016,3304557,39,23
2016,3304557,41,29460
2016,3304557,42,37430
2016,3304557,43,41327
2016,3304557,45,27965
2016,3304557,46,76567
2016,3304557,47,299113
2016,3304557,49,84782
2016,3304557,50,10969
2016,3304557,51,7918
2016,3304557,52,27055
2016,3304557,53,11428
2016,3304557,55,22832
2016,3304557,56,122287
2016,3304557,58,6031
2016,3304557,59,3688
2016,3304557,60,13969
2016,3304557,61,20947
2016,3304557,62,26185
2016,3304557,63,7563
2016,3304557,64,36988
2016,3304557,65,19370
2016,3304557,66,8644
2016,3304557,68,10887
2016,3304557,69,26438
2016,3304557,70,14577
2016,3304557,71,22754
2016,3304557,72,5455
2016,3304557,73,4246
2016,3304557,74,3645
2016,3304557,75,764
2016,3304557,77,14831
2016,3304557,78,42062
2016,3304557,79,5190
2016,3304557,80,51940
2016,3304557,81,139659
2016,3304557,82,69692
2016,3304557,84,442363
2016,3304557,85,137708
2016,3304557,86,126072
2016,3304557,87,6189
2016,3304557,88,7669
2016,3304557,90,2104
2016,3304557,91,1043
2016,3304557,92,627
2016,3304557,93,24086
2016,3304557,94,62644
2016,3304557,95,7603
2016,3304557,96,24704
2016,3304557,97,104
2016,3304557,99,733
2017,3304557,01,655
2017,3304557,02,136
2017,3304557,03,432
2017,3304557,05,4
2017,3304557,06,2298
2017,3304557,07,2262
2017,3304557,08,235
2017,3304557,09,3206
2017,3304557,10,13591
2017,3304557,11,6153
2017,3304557,12,438
2017,3304557,13,2253
2017,3304557,14,15463
2017,3304557,15,1939
2017,3304557,16,478
2017,3304557,17,1657
2017,3304557,18,6687
2017,3304557,19,12612
2017,3304557,20,6459
2017,3304557,21,6948
2017,3304557,22,9820
2017,3304557,23,3954
2017,3304557,24,6630
2017,3304557,25,5086
2017,3304557,26,1916
2017,3304557,27,1487
2017,3304557,28,4854
2017,3304557,29,775
2017,3304557,30,659
2017,3304557,31,1642
2017,3304557,32,4112
2017,3304557,33,7010
2017,3304557,35,8704
2017,3304557,36,5665
2017,3304557,37,1100
2017,3304557,38,22159
2017,3304557,39,4
2017,3304557,41,22941
2017,3304557,42,37222
2017,3304557,43,34505
2017,3304557,45,26848
2017,3304557,46,74863
2017,3304557,47,291800
2017,3304557,49,76333
2017,3304557,50,10514
2017,3304557,51,7428
2017,3304557,52,25426
2017,3304557,53,10583
2017,3304557,55,20388
2017,3304557,56,117229
2017,3304557,58,5932
2017,3304557,59,3370
2017,3304557,60,14244
2017,3304557,61,20786
2017,3304557,62,23507
2017,3304557,63,6637
2017,3304557,64,35460
2017,3304557,65,19301
2017,3304557,66,9219
2017,3304557,68,10973
2017,3304557,69,25352
2017,3304557,70,17774
2017,3304557,71,20690
2017,3304557,72,4940
2017,3304557,73,4722
2017,3304557,74,3757
2017,3304557,75,875
2017,3304557,77,14082
2017,3304557,78,39843
2017,3304557,79,4932
2017,3304557,80,46659
2017,3304557,81,131403
2017,3304557,82,72119
2017,3304557,84,443930
2017,3304557,85,141764
2017,3304557,86,125527
2017,3304557,87,8460
2017,3304557,88,7076
2017,3304557,90,1983
2017,3304557,91,945
2017,3304557,92,598
2017,3304557,93,23450
2017,3304557,94,59716
2017,3304557,95,7292
2017,3304557,96,21279
2017,3304557,97,133
2017,3304557,99,399
2018,3304557,01,806
2018,3304557,02,109
2018,3304557,03,344
2018,3304557,05,105
2018,3304557,06,2819
2018,3304557,07,1607
2018,3304557,08,245
2018,3304557,09,2983
2018,3304557,10,12279
2018,3304557,11,6016
2018,3304557,12,474
2018,3304557,13,2207
2018,3304557,14,15344
2018,3304557,15,1617
2018,3304557,16,436
2018,3304557,17,1651
2018,3304557,18,6239
2018,3304557,19,13616
2018,3304557,20,5536
2018,3304557,21,5663
2018,3304557,22,9700
2018,3304557,23,3831
2018,3304557,24,5962
2018,3304557,25,4690
2018,3304557,26,1662
2018,3304557,27,1422
2018,3304557,28,4827
2018,3304557,29,753
2018,3304557,30,609
2018,3304557,31,1489
2018,3304557,32,3877
2018,3304557,33,7105
2018,3304557,35,9213
2018,3304557,36,5624
2018,3304557,37,1279
2018,3304557,38,22382
2018,3304557,39,9
2018,3304557,41,20678
2018,3304557,42,36741
2018,3304557,43,33604
2018,3304557,45,27195
2018,3304557,46,71995
2018,3304557,47,289366
2018,3304557,49,72948
2018,3304557,50,10847
2018,3304557,51,7095
2018,3304557,52,26065
2018,3304557,53,9993
2018,3304557,55,19487
2018,3304557,56,114367
2018,3304557,58,5527
2018,3304557,59,3437
2018,3304557,60,13830
2018,3304557,61,21284
2018,3304557,62,24692
2018,3304557,63,6954
2018,3304557,64,35153
2018,3304557,65,19574
2018,3304557,66,10149
2018,3304557,68,11776
2018,3304557,69,24976
2018,3304557,70,15101
2018,3304557,71,23257
2018,3304557,72,5652
2018,3304557,73,5297
2018,3304557,74,4526
2018,3304557,75,1002
2018,3304557,77,11666
2018,3304557,78,44359
2018,3304557,79,4837
2018,3304557,80,46813
2018,3304557,81,131963
2018,3304557,82,68776
2018,3304557,84,421110
2018,3304557,85,141053
2018,3304557,86,123075
2018,3304557,87,7730
2018,3304557,88,7714
2018,3304557,90,1708
2018,3304557,91,926
2018,3304557,92,595
2018,3304557,93,24066
2018,3304557,94,66508
2018,3304557,95,6797
2018,3304557,96,18885
2018,3304557,97,82
2018,3304557,99,393
2019,3304557,01,621
2019,3304557,02,250
2019,3304557,03,73
2019,3304557,05,4
2019,3304557,06,4089
2019,3304557,07,1682
2019,3304557,08,211
2019,3304557,09,3370
2019,3304557,10,14655
2019,3304557,11,5932
2019,3304557,12,453
2019,3304557,13,2019
2019,3304557,14,13681
2019,3304557,15,1497
2019,3304557,16,347
2019,3304557,17,1343
2019,3304557,18,5310
2019,3304557,19,13769
2019,3304557,20,4622
2019,3304557,21,6415
2019,3304557,22,8104
2019,3304557,23,3645
2019,3304557,24,6182
2019,3304557,25,4294
2019,3304557,26,1332
2019,3304557,27,1231
2019,3304557,28,4606
2019,3304557,29,867
2019,3304557,30,837
2019,3304557,31,1366
2019,3304557,32,3688
2019,3304557,33,7863
2019,3304557,35,9469
2019,3304557,36,5489
2019,3304557,37,1368
2019,3304557,38,22132
2019,3304557,39,6
2019,3304557,41,21230
2019,3304557,42,30848
2019,3304557,43,35088
2019,3304557,45,25463
2019,3304557,46,69111
2019,3304557,47,279121
2019,3304557,49,72229
2019,3304557,50,8148
2019,3304557,51,6812
2019,3304557,52,24790
2019,3304557,53,9576
2019,3304557,55,20064
2019,3304557,56,114240
2019,3304557,58,5773
2019,3304557,59,3878
2019,3304557,60,12615
2019,3304557,61,21777
2019,3304557,62,25899
2019,3304557,63,5544
2019,3304557,64,35248
2019,3304557,65,19514
2019,3304557,66,12837
2019,3304557,68,10740
2019,3304557,69,24546
2019,3304557,70,14469
2019,3304557,71,23303
2019,3304557,72,10566
2019,3304557,73,6715
2019,3304557,74,6360
2019,3304557,75,1115
2019,3304557,77,10921
2019,3304557,78,45720
2019,3304557,79,4957
2019,3304557,80,47611
2019,3304557,81,129550
2019,3304557,82,64423
2019,3304557,84,409424
2019,3304557,85,138612
2019,3304557,86,109865
2019,3304557,87,4293
2019,3304557,88,7833
2019,3304557,90,1910
2019,3304557,91,1089
2019,3304557,92,598
2019,3304557,93,22139
2019,3304557,94,55229
2019,3304557,95,6456
2019,3304557,96,16423
2019,3304557,97,60
2019,3304557,99,306
2020,3304557,01,660
2020,3304557,02,319
2020,3304557,03,308
2020,3304557,05,4
2020,3304557,06,3990
2020,3304557,07,1642
2020,3304557,08,208
2020,3304557,09,3331
2020,3304557,10,11270
2020,3304557,11,5620
2020,3304557,12,342
2020,3304557,13,2021
2020,3304557,14,13576
2020,3304557,15,1185
2020,3304557,16,308
2020,3304557,17,1182
2020,3304557,18,5031
2020,3304557,19,12959
2020,3304557,20,4216
2020,3304557,21,6438
2020,3304557,22,8383
2020,3304557,23,3804
2020,3304557,24,6970
2020,3304557,25,4155
2020,3304557,26,1241
2020,3304557,27,1184
2020,3304557,28,4315
2020,3304557,29,845
2020,3304557,30,781
2020,3304557,31,1239
2020,3304557,32,3055
2020,3304557,33,6744
2020,3304557,35,9588
2020,3304557,36,5293
2020,3304557,37,1244
2020,3304557,38,22331
2020,3304557,39,9
2020,3304557,41,22221
2020,3304557,42,28715
2020,3304557,43,33238
2020,3304557,45,22840
2020,3304557,46,66041
2020,3304557,47,261833
2020,3304557,49,64871
2020,3304557,50,6927
2020,3304557,51,5417
2020,3304557,52,21311
2020,3304557,53,9569
2020,3304557,55,14280
2020,3304557,56,91500
2020,3304557,58,5602
2020,3304557,59,3670
2020,3304557,60,12855
2020,3304557,61,22945
2020,3304557,62,25175
2020,3304557,63,6825
2020,3304557,64,29132
2020,3304557,65,20151
2020,3304557,66,15320
2020,3304557,68,10303
2020,3304557,69,23670
2020,3304557,70,13688
2020,3304557,71,20355
2020,3304557,72,10033
2020,3304557,73,6614
2020,3304557,74,7534
2020,3304557,75,1377
2020,3304557,77,9252
2020,3304557,78,45621
2020,3304557,79,3497
2020,3304557,80,44112
2020,3304557,81,129654
2020,3304557,82,63850
2020,3304557,84,382473
2020,3304557,85,134669
2020,3304557,86,110194
2020,3304557,87,8018
2020,3304557,88,6646
2020,3304557,90,1329
2020,3304557,91,889
2020,3304557,92,573
2020,3304557,93,18580
2020,3304557,94,55096
2020,3304557,95,5989
2020,3304557,96,13692
2020,3304557,97,36
2020,3304557,99,242
2021,3304557,01,851
2021,3304557,02,100
2021,3304557,03,353
2021,3304557,05,4
2021,3304557,06,5786
2021,3304557,07,1599
2021,3304557,08,217
2021,3304557,09,3479
2021,3304557,10,10864
2021,3304557,11,5544
2021,3304557,12,272
2021,3304557,13,2050
2021,3304557,14,13219
2021,3304557,15,1210
2021,3304557,16,271
2021,3304557,17,1453
2021,3304557,18,4843
2021,3304557,19,12977
2021,3304557,20,3930
2021,3304557,21,6347
2021,3304557,22,8194
2021,3304557,23,4252
2021,3304557,24,7073
2021,3304557,25,4314
2021,3304557,26,1376
2021,3304557,27,1104
2021,3304557,28,4151
2021,3304557,29,733
2021,3304557,30,839
2021,3304557,31,1294
2021,3304557,32,3227
2021,3304557,33,7369
2021,3304557,35,9785
2021,3304557,36,6064
2021,3304557,37,1051
2021,3304557,38,22442
2021,3304557,39,10
2021,3304557,41,23436
2021,3304557,42,23704
2021,3304557,43,37948
2021,3304557,45,23000
2021,3304557,46,69464
2021,3304557,47,264357
2021,3304557,49,62143
2021,3304557,50,7952
2021,3304557,51,5514
2021,3304557,52,24582
2021,3304557,53,9096
2021,3304557,55,15995
2021,3304557,56,93515
2021,3304557,58,5490
2021,3304557,59,4030
2021,3304557,60,11765
2021,3304557,61,20085
2021,3304557,62,26622
2021,3304557,63,7426
2021,3304557,64,33815
2021,3304557,65,18722
2021,3304557,66,18849
2021,3304557,68,10927
2021,3304557,69,23710
2021,3304557,70,16006
2021,3304557,71,23183
2021,3304557,72,9189
2021,3304557,73,7097
2021,3304557,74,7200
2021,3304557,75,1630
2021,3304557,77,10762
2021,3304557,78,46706
2021,3304557,79,3487
2021,3304557,80,44655
2021,3304557,81,127208
2021,3304557,82,72922
2021,3304557,84,373115
2021,3304557,85,131333
2021,3304557,86,119378
2021,3304557,87,4580
2021,3304557,88,6163
2021,3304557,90,1516
2021,3304557,91,834
2021,3304557,92,495
2021,3304557,93,18746
2021,3304557,94,62512
2021,3304557,95,6569
2021,3304557,96,13082
2021,3304557,97,43
2021,3304557,99,209
2022,3304557,01,875
2022,3304557,02,98
2022,3304557,03,344
2022,3304557,05,4
2022,3304557,06,6642
2022,3304557,07,1469
2022,3304557,08,235
2022,3304557,09,4419
2022,3304557,10,13090
2022,3304557,11,5659
2022,3304557,12,256
2022,3304557,13,2048
2022,3304557,14,13748
2022,3304557,15,1224
2022,3304557,16,340
2022,3304557,17,1533
2022,3304557,18,4828
2022,3304557,19,13833
2022,3304557,20,4063
2022,3304557,21,6335
2022,3304557,22,8047
2022,3304557,23,4325
2022,3304557,24,7099
2022,3304557,25,5221
2022,3304557,26,1212
2022,3304557,27,1133
2022,3304557,28,4279
2022,3304557,29,914
2022,3304557,30,972
2022,3304557,31,1329
2022,3304557,32,3586
2022,3304557,33,10276
2022,3304557,35,9687
2022,3304557,36,10044
2022,3304557,37,1099
2022,3304557,38,23342
2022,3304557,39,13
2022,3304557,41,29837
2022,3304557,42,23917
2022,3304557,43,44566
2022,3304557,45,25678
2022,3304557,46,72199
2022,3304557,47,269961
2022,3304557,49,66808
2022,3304557,50,8954
2022,3304557,51,5949
2022,3304557,52,24897
2022,3304557,53,9065
2022,3304557,55,18676
2022,3304557,56,114247
2022,3304557,58,4753
2022,3304557,59,4176
2022,3304557,60,11584
2022,3304557,61,20547
2022,3304557,62,32199
2022,3304557,63,8207
2022,3304557,64,32927
2022,3304557,65,18819
2022,3304557,66,19050
2022,3304557,68,11588
2022,3304557,69,25841
2022,3304557,70,17943
2022,3304557,71,26320
2022,3304557,72,9613
2022,3304557,73,8799
2022,3304557,74,6649
2022,3304557,75,2107
2022,3304557,77,12792
2022,3304557,78,47936
2022,3304557,79,6406
2022,3304557,80,48629
2022,3304557,81,146277
2022,3304557,82,82262
2022,3304557,84,422545
2022,3304557,85,142459
2022,3304557,86,142454
2022,3304557,87,4883
2022,3304557,88,10179
2022,3304557,90,1747
2022,3304557,91,1307
2022,3304557,92,473
2022,3304557,93,21167
2022,3304557,94,76678
2022,3304557,95,6657
2022,3304557,96,14733
2022,3304557,97,3
2022,3304557,99,210
2023,3304557,01,767
2023,3304557,02,105
2023,3304557,03,345
2023,3304557,05,3
2023,3304557,06,7050
2023,3304557,07,1254
2023,3304557,08,249
2023,3304557,09,5018
2023,3304557,10,12788
2023,3304557,11,5859
2023,3304557,12,338
2023,3304557,13,1552
2023,3304557,14,12921
2023,3304557,15,1143
2023,3304557,16,269
2023,3304557,17,1683
2023,3304557,18,5175
2023,3304557,19,15002
2023,3304557,20,4638
2023,3304557,21,6390
2023,3304557,22,7917
2023,3304557,23,4335
2023,3304557,24,7275
2023,3304557,25,4864
2023,3304557,26,911
2023,3304557,27,1159
2023,3304557,28,4040
2023,3304557,29,764
2023,3304557,30,807
2023,3304557,31,1452
2023,3304557,32,3419
2023,3304557,33,10547
2023,3304557,35,9393
2023,3304557,36,8394
2023,3304557,37,989
2023,3304557,38,22421
2023,3304557,39,17
2023,3304557,41,34310
2023,3304557,42,32502
2023,3304557,43,52347
2023,3304557,45,25903
2023,3304557,46,74851
2023,3304557,47,271233
2023,3304557,49,69765
2023,3304557,50,10392
2023,3304557,51,6609
2023,3304557,52,26149
2023,3304557,53,8428
2023,3304557,55,20055
2023,3304557,56,122458
2023,3304557,58,4610
2023,3304557,59,3936
2023,3304557,60,11215
2023,3304557,61,19610
2023,3304557,62,32183
2023,3304557,63,7312
2023,3304557,64,32903
2023,3304557,65,19067
2023,3304557,66,17590
2023,3304557,68,12162
2023,3304557,69,25439
2023,3304557,70,19850
2023,3304557,71,26253
2023,3304557,72,9904
2023,3304557,73,8876
2023,3304557,74,7626
2023,3304557,75,2141
2023,3304557,77,14566
2023,3304557,78,55794
2023,3304557,79,6171
2023,3304557,80,48149
2023,3304557,81,141109
2023,3304557,82,92629
2023,3304557,84,485028
2023,3304557,85,147795
2023,3304557,86,165352
2023,3304557,87,5693
2023,3304557,88,7615
2023,3304557,90,2485
2023,3304557,91,1610
2023,3304557,92,486
2023,3304557,93,22861
2023,3304557,94,76269
2023,3304557,95,6385
2023,3304557,96,13706
2023,3304557,97,3
2023,3304557,99,321
2002,3550308,NA,3360921
2003,3550308,NA,3361671
2004,3550308,NA,3499636
2005,3550308,NA,3684599
2006,3550308,00,15103
2006,3550308,01,2883
2006,3550308,02,303
2006,3550308,03,62
2006,3550308,05,26
2006,3550308,06,30
2006,3550308,07,174
2006,3550308,08,1174
2006,3550308,09,547
2006,3550308,10,35449
2006,3550308,11,2723
2006,3550308,12,1515
2006,3550308,13,20634
2006,3550308,14,74153
2006,3550308,15,4751
2006,3550308,16,3048
2006,3550308,17,13131
2006,3550308,18,15067
2006,3550308,19,375
2006,3550308,20,26220
2006,3550308,21,20274
2006,3550308,22,43428
2006,3550308,23,11503
2006,3550308,24,11688
2006,3550308,25,48172
2006,3550308,26,19247
2006,3550308,27,26999
2006,3550308,28,31974
2006,3550308,29,25820
2006,3550308,30,3205
2006,3550308,31,7440
2006,3550308,32,15331
2006,3550308,33,6684
2006,3550308,35,10980
2006,3550308,36,8769
2006,3550308,37,3941
2006,3550308,38,6829
2006,3550308,39,35
2006,3550308,41,66027
2006,3550308,42,55761
2006,3550308,43,46552
2006,3550308,45,62898
2006,3550308,46,162039
2006,3550308,47,446793
2006,3550308,49,118577
2006,3550308,50,193
2006,3550308,51,17757
2006,3550308,52,34360
2006,3550308,53,21930
2006,3550308,55,16807
2006,3550308,56,135735
2006,3550308,58,26182
2006,3550308,59,4194
2006,3550308,60,9856
2006,3550308,61,31394
2006,3550308,62,33446
2006,3550308,63,23437
2006,3550308,64,100104
2006,3550308,65,28426
2006,3550308,66,23662
2006,3550308,68,16214
2006,3550308,69,32676
2006,3550308,70,20681
2006,3550308,71,22656
2006,3550308,72,2006
2006,3550308,73,20580
2006,3550308,74,8438
2006,3550308,75,558
2006,3550308,77,13691
2006,3550308,78,84647
2006,3550308,79,11164
2006,3550308,80,74097
2006,3550308,81,158718
2006,3550308,82,159552
2006,3550308,84,831584
2006,3550308,85,129026
2006,3550308,86,170522
2006,3550308,87,17225
2006,3550308,88,9555
2006,3550308,90,1447
2006,3550308,91,1495
2006,3550308,92,4020
2006,3550308,93,20808
2006,3550308,94,77170
2006,3550308,95,10736
2006,3550308,96,19302
2006,3550308,97,348
2006,3550308,99,368
2007,3550308,00,19103
2007,3550308,01,3699
2007,3550308,02,393
2007,3550308,03,43
2007,3550308,05,15
2007,3550308,06,41
2007,3550308,07,296
2007,3550308,08,1206
2007,3550308,09,576
2007,3550308,10,36175
2007,3550308,11,3709
2007,3550308,12,1686
2007,3550308,13,19990
2007,3550308,14,78282
2007,3550308,15,4302
2007,3550308,16,3279
2007,3550308,17,13609
2007,3550308,18,16465
2007,3550308,19,1104
2007,3550308,20,24397
2007,3550308,21,21759
2007,3550308,22,44295
2007,3550308,23,12339
2007,3550308,24,12050
2007,3550308,25,50624
2007,3550308,26,18985
2007,3550308,27,27721
2007,3550308,28,34566
2007,3550308,29,27787
2007,3550308,30,2170
2007,3550308,31,7021
2007,3550308,32,16433
2007,3550308,33,5319
2007,3550308,35,9794
2007,3550308,36,8511
2007,3550308,37,4873
2007,3550308,38,9586
2007,3550308,39,36
2007,3550308,41,76238
2007,3550308,42,62934
2007,3550308,43,57522
2007,3550308,45,71067
2007,3550308,46,181563
2007,3550308,47,477065
2007,3550308,49,119952
2007,3550308,50,200
2007,3550308,51,22303
2007,3550308,52,38635
2007,3550308,53,24609
2007,3550308,55,17345
2007,3550308,56,149362
2007,3550308,58,25978
2007,3550308,59,4506
2007,3550308,60,10399
2007,3550308,61,35950
2007,3550308,62,38666
2007,3550308,63,19881
2007,3550308,64,116542
2007,3550308,65,28245
2007,3550308,66,21708
2007,3550308,68,16614
2007,3550308,69,35668
2007,3550308,70,25798
2007,3550308,71,28054
2007,3550308,72,2510
2007,3550308,73,21603
2007,3550308,74,8614
2007,3550308,75,573
2007,3550308,77,15639
2007,3550308,78,109560
2007,3550308,79,11481
2007,3550308,80,88569
2007,3550308,81,167089
2007,3550308,82,193838
2007,3550308,84,850419
2007,3550308,85,135697
2007,3550308,86,183285
2007,3550308,87,16625
2007,3550308,88,11878
2007,3550308,90,1983
2007,3550308,91,1708
2007,3550308,92,314
2007,3550308,93,20288
2007,3550308,94,81938
2007,3550308,95,12900
2007,3550308,96,19039
2007,3550308,97,402
2007,3550308,99,1176
2008,3550308,00,12669
2008,3550308,01,3558
2008,3550308,02,441
2008,3550308,03,41
2008,3550308,05,22
2008,3550308,06,55
2008,3550308,07,276
2008,3550308,08,1219
2008,3550308,09,716
2008,3550308,10,38250
2008,3550308,11,3426
2008,3550308,12,1579
2008,3550308,13,19749
2008,3550308,14,81174
2008,3550308,15,4885
2008,3550308,16,3615
2008,3550308,17,13098
2008,3550308,18,19360
2008,3550308,19,1571
2008,3550308,20,25075
2008,3550308,21,22602
2008,3550308,22,41826
2008,3550308,23,11798
2008,3550308,24,11827
2008,3550308,25,52441
2008,3550308,26,19602
2008,3550308,27,29023
2008,3550308,28,36972
2008,3550308,29,26703
2008,3550308,30,2082
2008,3550308,31,7197
2008,3550308,32,16916
2008,3550308,33,5603
2008,3550308,35,9886
2008,3550308,36,8368
2008,3550308,37,5865
2008,3550308,38,10290
2008,3550308,39,46
2008,3550308,41,91207
2008,3550308,42,76554
2008,3550308,43,72532
2008,3550308,45,72668
2008,3550308,46,194912
2008,3550308,47,507133
2008,3550308,49,129772
2008,3550308,50,139
2008,3550308,51,23609
2008,3550308,52,41483
2008,3550308,53,27485
2008,3550308,55,17219
2008,3550308,56,165765
2008,3550308,58,25677
2008,3550308,59,4874
2008,3550308,60,10952
2008,3550308,61,35172
2008,3550308,62,48077
2008,3550308,63,18099
2008,3550308,64,125034
2008,3550308,65,33802
2008,3550308,66,21999
2008,3550308,68,17551
2008,3550308,69,40258
2008,3550308,70,27675
2008,3550308,71,35381
2008,3550308,72,3675
2008,3550308,73,28487
2008,3550308,74,8229
2008,3550308,75,646
2008,3550308,77,16960
2008,3550308,78,99374
2008,3550308,79,12345
2008,3550308,80,100763
2008,3550308,81,168149
2008,3550308,82,226166
2008,3550308,84,895573
2008,3550308,85,131577
2008,3550308,86,180395
2008,3550308,87,22713
2008,3550308,88,14821
2008,3550308,90,2167
2008,3550308,91,1724
2008,3550308,92,172
2008,3550308,93,20484
2008,3550308,94,103572
2008,3550308,95,14230
2008,3550308,96,21104
2008,3550308,97,436
2008,3550308,99,459
2009,3550308,01,2597
2009,3550308,02,177
2009,3550308,03,46
2009,3550308,05,13
2009,3550308,06,32
2009,3550308,07,265
2009,3550308,08,1159
2009,3550308,09,780
2009,3550308,10,37088
2009,3550308,11,3360
2009,3550308,12,1566
2009,3550308,13,18751
2009,3550308,14,81528
2009,3550308,15,4759
2009,3550308,16,2738
2009,3550308,17,12173
2009,3550308,18,18184
2009,3550308,19,274
2009,3550308,20,25986
2009,3550308,21,22056
2009,3550308,22,38501
2009,3550308,23,13041
2009,3550308,24,10323
2009,3550308,25,50025
2009,3550308,26,18098
2009,3550308,27,27478
2009,3550308,28,33318
2009,3550308,29,27993
2009,3550308,30,3112
2009,3550308,31,6839
2009,3550308,32,17030
2009,3550308,33,8237
2009,3550308,35,11109
2009,3550308,36,7691
2009,3550308,37,5536
2009,3550308,38,10361
2009,3550308,39,40
2009,3550308,41,101223
2009,3550308,42,83545
2009,3550308,43,86408
2009,3550308,45,74066
2009,3550308,46,200639
2009,3550308,47,531837
2009,3550308,49,135427
2009,3550308,50,85
2009,3550308,51,23701
2009,3550308,52,45189
2009,3550308,53,27572
2009,3550308,55,17290
2009,3550308,56,169526
2009,3550308,58,25983
2009,3550308,59,5321
2009,3550308,60,11493
2009,3550308,61,35310
2009,3550308,62,56744
2009,3550308,63,20006
2009,3550308,64,132106
2009,3550308,65,30514
2009,3550308,66,22701
2009,3550308,68,18893
2009,3550308,69,46732
2009,3550308,70,27803
2009,3550308,71,39923
2009,3550308,72,2579
2009,3550308,73,27415
2009,3550308,74,9657
2009,3550308,75,743
2009,3550308,77,18939
2009,3550308,78,91826
2009,3550308,79,12540
2009,3550308,80,105553
2009,3550308,81,181735
2009,3550308,82,230197
2009,3550308,84,894362
2009,3550308,85,139940
2009,3550308,86,210044
2009,3550308,87,15840
2009,3550308,88,14713
2009,3550308,90,2475
2009,3550308,91,1425
2009,3550308,92,94
2009,3550308,93,22012
2009,3550308,94,107584
2009,3550308,95,16220
2009,3550308,96,21975
2009,3550308,97,426
2009,3550308,99,490
2010,3550308,01,3056
2010,3550308,02,268
2010,3550308,03,26
2010,3550308,05,14
2010,3550308,06,85
2010,3550308,07,316
2010,3550308,08,1331
2010,3550308,09,165
2010,3550308,10,38930
2010,3550308,11,3618
2010,3550308,12,1337
2010,3550308,13,19238
2010,3550308,14,84439
2010,3550308,15,5625
2010,3550308,16,3416
2010,3550308,17,12515
2010,3550308,18,20138
2010,3550308,19,2327
2010,3550308,20,27946
2010,3550308,21,20137
2010,3550308,22,39101
2010,3550308,23,13679
2010,3550308,24,10790
2010,3550308,25,51860
2010,3550308,26,18596
2010,3550308,27,28664
2010,3550308,28,34845
2010,3550308,29,30421
2010,3550308,30,3024
2010,3550308,31,7163
2010,3550308,32,18333
2010,3550308,33,9094
2010,3550308,35,12092
2010,3550308,36,6725
2010,3550308,37,5582
2010,3550308,38,11363
2010,3550308,39,18
2010,3550308,41,117189
2010,3550308,42,72490
2010,3550308,43,101695
2010,3550308,45,78457
2010,3550308,46,212407
2010,3550308,47,570794
2010,3550308,49,140161
2010,3550308,50,129
2010,3550308,51,26758
2010,3550308,52,53408
2010,3550308,53,28266
2010,3550308,55,18046
2010,3550308,56,183214
2010,3550308,58,27374
2010,3550308,59,5504
2010,3550308,60,11689
2010,3550308,61,40228
2010,3550308,62,63476
2010,3550308,63,20451
2010,3550308,64,139660
2010,3550308,65,30296
2010,3550308,66,26022
2010,3550308,68,21117
2010,3550308,69,55599
2010,3550308,70,30209
2010,3550308,71,41117
2010,3550308,72,2730
2010,3550308,73,29507
2010,3550308,74,11136
2010,3550308,75,817
2010,3550308,77,20350
2010,3550308,78,99919
2010,3550308,79,14771
2010,3550308,80,114170
2010,3550308,81,204918
2010,3550308,82,242126
2010,3550308,84,885919
2010,3550308,85,152300
2010,3550308,86,209223
2010,3550308,87,21094
2010,3550308,88,14440
2010,3550308,90,2220
2010,3550308,91,1410
2010,3550308,92,162
2010,3550308,93,23927
2010,3550308,94,120284
2010,3550308,95,16323
2010,3550308,96,22880
2010,3550308,97,216
2010,3550308,99,464
2011,3550308,01,2598
2011,3550308,02,1149
2011,3550308,03,35
2011,3550308,05,12
2011,3550308,06,14
2011,3550308,07,372
2011,3550308,08,1327
2011,3550308,09,260
2011,3550308,10,41060
2011,3550308,11,3567
2011,3550308,12,1399
2011,3550308,13,17938
2011,3550308,14,83085
2011,3550308,15,4500
2011,3550308,16,2891
2011,3550308,17,12459
2011,3550308,18,19006
2011,3550308,19,872
2011,3550308,20,28084
2011,3550308,21,20553
2011,3550308,22,37975
2011,3550308,23,13367
2011,3550308,24,10932
2011,3550308,25,51753
2011,3550308,26,18957
2011,3550308,27,28837
2011,3550308,28,34280
2011,3550308,29,26531
2011,3550308,30,2696
2011,3550308,31,7400
2011,3550308,32,17827
2011,3550308,33,10913
2011,3550308,35,12090
2011,3550308,36,7245
2011,3550308,37,941
2011,3550308,38,13857
2011,3550308,39,27
2011,3550308,41,128092
2011,3550308,42,87175
2011,3550308,43,117864
2011,3550308,45,84993
2011,3550308,46,207813
2011,3550308,47,579196
2011,3550308,49,150769
2011,3550308,50,181
2011,3550308,51,27334
2011,3550308,52,54954
2011,3550308,53,29527
2011,3550308,55,18306
2011,3550308,56,198474
2011,3550308,58,26245
2011,3550308,59,5751
2011,3550308,60,11271
2011,3550308,61,41831
2011,3550308,62,68160
2011,3550308,63,24626
2011,3550308,64,142961
2011,3550308,65,35030
2011,3550308,66,26807
2011,3550308,68,21921
2011,3550308,69,59557
2011,3550308,70,31313
2011,3550308,71,44815
2011,3550308,72,2720
2011,3550308,73,32375
2011,3550308,74,12830
2011,3550308,75,862
2011,3550308,77,20129
2011,3550308,78,93117
2011,3550308,79,16545
2011,3550308,80,120683
2011,3550308,81,237003
2011,3550308,82,268726
2011,3550308,84,830939
2011,3550308,85,165735
2011,3550308,86,245152
2011,3550308,87,16537
2011,3550308,88,17705
2011,3550308,90,2560
2011,3550308,91,1179
2011,3550308,92,60
2011,3550308,93,25749
2011,3550308,94,99153
2011,3550308,95,28605
2011,3550308,96,23911
2011,3550308,97,361
2011,3550308,99,472
2012,3550308,01,2804
2012,3550308,02,340
2012,3550308,03,25
2012,3550308,05,13
2012,3550308,06,67
2012,3550308,07,577
2012,3550308,08,1632
2012,3550308,09,695
2012,3550308,10,41465
2012,3550308,11,4676
2012,3550308,12,1398
2012,3550308,13,17791
2012,3550308,14,81589
2012,3550308,15,4659
2012,3550308,16,2877
2012,3550308,17,13230
2012,3550308,18,18921
2012,3550308,19,1700
2012,3550308,20,26960
2012,3550308,21,18671
2012,3550308,22,39682
2012,3550308,23,13772
2012,3550308,24,10900
2012,3550308,25,50009
2012,3550308,26,18577
2012,3550308,27,28448
2012,3550308,28,35741
2012,3550308,29,26871
2012,3550308,30,2663
2012,3550308,31,7498
2012,3550308,32,17937
2012,3550308,33,12702
2012,3550308,35,6529
2012,3550308,36,7586
2012,3550308,37,1150
2012,3550308,38,15973
2012,3550308,39,8
2012,3550308,41,121958
2012,3550308,42,86492
2012,3550308,43,122671
2012,3550308,45,81782
2012,3550308,46,220409
2012,3550308,47,612427
2012,3550308,49,151453
2012,3550308,50,298
2012,3550308,51,24689
2012,3550308,52,63841
2012,3550308,53,30981
2012,3550308,55,19483
2012,3550308,56,205553
2012,3550308,58,25820
2012,3550308,59,6497
2012,3550308,60,11222
2012,3550308,61,41628
2012,3550308,62,79897
2012,3550308,63,20574
2012,3550308,64,144126
2012,3550308,65,37802
2012,3550308,66,26486
2012,3550308,68,21097
2012,3550308,69,62995
2012,3550308,70,30027
2012,3550308,71,49715
2012,3550308,72,3197
2012,3550308,73,38154
2012,3550308,74,13130
2012,3550308,75,1037
2012,3550308,77,23293
2012,3550308,78,92723
2012,3550308,79,17257
2012,3550308,80,135881
2012,3550308,81,255940
2012,3550308,82,273079
2012,3550308,84,881535
2012,3550308,85,178457
2012,3550308,86,265443
2012,3550308,87,15978
2012,3550308,88,26464
2012,3550308,90,2485
2012,3550308,91,1268
2012,3550308,92,59
2012,3550308,93,27082
2012,3550308,94,97142
2012,3550308,95,24989
2012,3550308,96,25868
2012,3550308,97,178
2012,3550308,99,560
2013,3550308,01,2996
2013,3550308,02,279
2013,3550308,03,26
2013,3550308,05,10
2013,3550308,06,15
2013,3550308,07,418
2013,3550308,08,1827
2013,3550308,09,665
2013,3550308,10,43109
2013,3550308,11,3468
2013,3550308,12,1234
2013,3550308,13,16832
2013,3550308,14,80754
2013,3550308,15,4801
2013,3550308,16,3483
2013,3550308,17,13287
2013,3550308,18,18014
2013,3550308,19,927
2013,3550308,20,27299
2013,3550308,21,19663
2013,3550308,22,39632
2013,3550308,23,11949
2013,3550308,24,10705
2013,3550308,25,45826
2013,3550308,26,17018
2013,3550308,27,25841
2013,3550308,28,34058
2013,3550308,29,26486
2013,3550308,30,2939
2013,3550308,31,7924
2013,3550308,32,17400
2013,3550308,33,12305
2013,3550308,35,5203
2013,3550308,36,7315
2013,3550308,37,893
2013,3550308,38,17354
2013,3550308,39,74
2013,3550308,41,115957
2013,3550308,42,93102
2013,3550308,43,133005
2013,3550308,45,81288
2013,3550308,46,222354
2013,3550308,47,613445
2013,3550308,49,159787
2013,3550308,50,209
2013,3550308,51,23674
2013,3550308,52,58142
2013,3550308,53,29862
2013,3550308,55,20718
2013,3550308,56,206674
2013,3550308,58,24696
2013,3550308,59,6378
2013,3550308,60,11119
2013,3550308,61,37693
2013,3550308,62,85559
2013,3550308,63,24823
2013,3550308,64,113671
2013,3550308,65,39842
2013,3550308,66,27300
2013,3550308,68,22543
2013,3550308,69,64901
2013,3550308,70,29345
2013,3550308,71,53552
2013,3550308,72,4357
2013,3550308,73,37017
2013,3550308,74,12216
2013,3550308,75,1060
2013,3550308,77,24112
2013,3550308,78,86774
2013,3550308,79,16269
2013,3550308,80,139123
2013,3550308,81,272628
2013,3550308,82,276442
2013,3550308,84,872043
2013,3550308,85,187467
2013,3550308,86,276560
2013,3550308,87,17526
2013,3550308,88,27996
2013,3550308,90,2801
2013,3550308,91,1267
2013,3550308,92,58
2013,3550308,93,28239
2013,3550308,94,93536
2013,3550308,95,19938
2013,3550308,96,27310
2013,3550308,97,159
2013,3550308,99,1338
2014,3550308,01,2770
2014,3550308,02,254
2014,3550308,03,30
2014,3550308,05,10
2014,3550308,06,40
2014,3550308,07,319
2014,3550308,08,1860
2014,3550308,09,271
2014,3550308,10,44503
2014,3550308,11,2556
2014,3550308,12,1063
2014,3550308,13,15079
2014,3550308,14,75877
2014,3550308,15,4358
2014,3550308,16,2617
2014,3550308,17,12536
2014,3550308,18,18088
2014,3550308,19,901
2014,3550308,20,27634
2014,3550308,21,19711
2014,3550308,22,36807
2014,3550308,23,11184
2014,3550308,24,9371
2014,3550308,25,43243
2014,3550308,26,15720
2014,3550308,27,25136
2014,3550308,28,31227
2014,3550308,29,23925
2014,3550308,30,2918
2014,3550308,31,7285
2014,3550308,32,16974
2014,3550308,33,12098
2014,3550308,35,6433
2014,3550308,36,7230
2014,3550308,37,780
2014,3550308,38,19026
2014,3550308,39,74
2014,3550308,41,111566
2014,3550308,42,87239
2014,3550308,43,134128
2014,3550308,45,79088
2014,3550308,46,223205
2014,3550308,47,617054
2014,3550308,49,177079
2014,3550308,50,137
2014,3550308,51,23537
2014,3550308,52,55249
2014,3550308,53,28954
2014,3550308,55,20601
2014,3550308,56,216858
2014,3550308,58,24313
2014,3550308,59,6488
2014,3550308,60,11424
2014,3550308,61,35409
2014,3550308,62,90952
2014,3550308,63,23492
2014,3550308,64,143043
2014,3550308,65,40054
2014,3550308,66,28687
2014,3550308,68,22459
2014,3550308,69,65339
2014,3550308,70,31172
2014,3550308,71,49329
2014,3550308,72,6173
2014,3550308,73,36152
2014,3550308,74,11138
2014,3550308,75,1211
2014,3550308,77,23864
2014,3550308,78,84946
2014,3550308,79,16296
2014,3550308,80,143619
2014,3550308,81,290734
2014,3550308,82,279083
2014,3550308,84,862763
2014,3550308,85,196763
2014,3550308,86,287163
2014,3550308,87,20195
2014,3550308,88,29541
2014,3550308,90,2299
2014,3550308,91,1301
2014,3550308,92,52
2014,3550308,93,29468
2014,3550308,94,90761
2014,3550308,95,19071
2014,3550308,96,27480
2014,3550308,97,169
2014,3550308,99,1395
2015,3550308,01,2344
2015,3550308,02,234
2015,3550308,03,48
2015,3550308,05,12
2015,3550308,06,11
2015,3550308,07,134
2015,3550308,08,1694
2015,3550308,09,38
2015,3550308,10,41737
2015,3550308,11,2121
2015,3550308,12,1198
2015,3550308,13,12381
2015,3550308,14,66991
2015,3550308,15,3090
2015,3550308,16,2789
2015,3550308,17,11401
2015,3550308,18,15826
2015,3550308,19,842
2015,3550308,20,24211
2015,3550308,21,19540
2015,3550308,22,31636
2015,3550308,23,9459
2015,3550308,24,7797
2015,3550308,25,36998
2015,3550308,26,13165
2015,3550308,27,23025
2015,3550308,28,26303
2015,3550308,29,19040
2015,3550308,30,2478
2015,3550308,31,6598
2015,3550308,32,15519
2015,3550308,33,10486
2015,3550308,35,6247
2015,3550308,36,7064
2015,3550308,37,699
2015,3550308,38,17813
2015,3550308,39,74
2015,3550308,41,97981
2015,3550308,42,74167
2015,3550308,43,125890
2015,3550308,45,73834
2015,3550308,46,210701
2015,3550308,47,595619
2015,3550308,49,170906
2015,3550308,50,272
2015,3550308,51,22020
2015,3550308,52,52695
2015,3550308,53,27328
2015,3550308,55,19677
2015,3550308,56,210760
2015,3550308,58,21630
2015,3550308,59,6646
2015,3550308,60,10883
2015,3550308,61,36971
2015,3550308,62,94818
2015,3550308,63,21852
2015,3550308,64,140354
2015,3550308,65,40447
2015,3550308,66,28775
2015,3550308,68,22703
2015,3550308,69,66068
2015,3550308,70,30832
2015,3550308,71,39867
2015,3550308,72,6507
2015,3550308,73,35462
2015,3550308,74,10966
2015,3550308,75,1337
2015,3550308,77,26559
2015,3550308,78,80642
2015,3550308,79,14427
2015,3550308,80,134159
2015,3550308,81,292900
2015,3550308,82,272427
2015,3550308,84,852295
2015,3550308,85,202682
2015,3550308,86,289200
2015,3550308,87,21400
2015,3550308,88,29337
2015,3550308,90,2226
2015,3550308,91,890
2015,3550308,92,43
2015,3550308,93,30463
2015,3550308,94,90619
2015,3550308,95,18329
2015,3550308,96,26941
2015,3550308,97,159
2015,3550308,99,1422
2016,3550308,01,2006
2016,3550308,02,220
2016,3550308,03,65
2016,3550308,05,6
2016,3550308,06,6
2016,3550308,07,114
2016,3550308,08,1573
2016,3550308,09,29
2016,3550308,10,37790
2016,3550308,11,2128
2016,3550308,12,1243
2016,3550308,13,11728
2016,3550308,14,62931
2016,3550308,15,3007
2016,3550308,16,2626
2016,3550308,17,10570
2016,3550308,18,14070
2016,3550308,19,833
2016,3550308,20,23521
2016,3550308,21,20182
2016,3550308,22,29246
2016,3550308,23,8423
2016,3550308,24,6069
2016,3550308,25,33084
2016,3550308,26,11827
2016,3550308,27,20382
2016,3550308,28,23222
2016,3550308,29,17318
2016,3550308,30,2322
2016,3550308,31,5625
2016,3550308,32,15126
2016,3550308,33,10981
2016,3550308,35,6154
2016,3550308,36,7568
2016,3550308,37,506
2016,3550308,38,12938
2016,3550308,39,62
2016,3550308,41,82748
2016,3550308,42,63688
2016,3550308,43,104400
2016,3550308,45,69935
2016,3550308,46,212876
2016,3550308,47,591508
2016,3550308,49,160483
2016,3550308,50,51
2016,3550308,51,20589
2016,3550308,52,50742
2016,3550308,53,25457
2016,3550308,55,18520
2016,3550308,56,215315
2016,3550308,58,19214
2016,3550308,59,7249
2016,3550308,60,10444
2016,3550308,61,37369
2016,3550308,62,88315
2016,3550308,63,21525
2016,3550308,64,141341
2016,3550308,65,37133
2016,3550308,66,29300
2016,3550308,68,22425
2016,3550308,69,66119
2016,3550308,70,29909
2016,3550308,71,36061
2016,3550308,72,5487
2016,3550308,73,34469
2016,3550308,74,10903
2016,3550308,75,1545
2016,3550308,77,27007
2016,3550308,78,75000
2016,3550308,79,13204
2016,3550308,80,127014
2016,3550308,81,288950
2016,3550308,82,261926
2016,3550308,84,823818
2016,3550308,85,202862
2016,3550308,86,290458
2016,3550308,87,22921
2016,3550308,88,31813
2016,3550308,90,1760
2016,3550308,91,1214
2016,3550308,92,42
2016,3550308,93,29238
2016,3550308,94,90893
2016,3550308,95,15954
2016,3550308,96,26147
2016,3550308,97,155
2016,3550308,99,1354
2017,3550308,01,2360
2017,3550308,02,205
2017,3550308,03,36
2017,3550308,05,5
2017,3550308,06,5
2017,3550308,07,128
2017,3550308,08,1256
2017,3550308,09,27
2017,3550308,10,32820
2017,3550308,11,1957
2017,3550308,12,71
2017,3550308,13,11673
2017,3550308,14,60683
2017,3550308,15,2551
2017,3550308,16,2348
2017,3550308,17,9855
2017,3550308,18,12810
2017,3550308,19,333
2017,3550308,20,21582
2017,3550308,21,19301
2017,3550308,22,28056
2017,3550308,23,7917
2017,3550308,24,5347
2017,3550308,25,31213
2017,3550308,26,10461
2017,3550308,27,16711
2017,3550308,28,21796
2017,3550308,29,18984
2017,3550308,30,1555
2017,3550308,31,4813
2017,3550308,32,14835
2017,3550308,33,11828
2017,3550308,35,5091
2017,3550308,36,7222
2017,3550308,37,460
2017,3550308,38,11649
2017,3550308,39,107
2017,3550308,41,77452
2017,3550308,42,52073
2017,3550308,43,94874
2017,3550308,45,69351
2017,3550308,46,218230
2017,3550308,47,586812
2017,3550308,49,160730
2017,3550308,50,492
2017,3550308,51,18573
2017,3550308,52,48974
2017,3550308,53,23889
2017,3550308,55,18169
2017,3550308,56,218163
2017,3550308,58,18204
2017,3550308,59,7188
2017,3550308,60,10444
2017,3550308,61,36158
2017,3550308,62,86397
2017,3550308,63,23214
2017,3550308,64,138429
2017,3550308,65,36745
2017,3550308,66,31969
2017,3550308,68,22317
2017,3550308,69,65822
2017,3550308,70,30389
2017,3550308,71,36305
2017,3550308,72,5163
2017,3550308,73,33833
2017,3550308,74,13582
2017,3550308,75,1610
2017,3550308,77,27808
2017,3550308,78,79184
2017,3550308,79,13321
2017,3550308,80,122400
2017,3550308,81,295927
2017,3550308,82,270791
2017,3550308,84,768493
2017,3550308,85,210195
2017,3550308,86,303392
2017,3550308,87,23451
2017,3550308,88,31122
2017,3550308,90,1650
2017,3550308,91,839
2017,3550308,92,45
2017,3550308,93,29628
2017,3550308,94,86392
2017,3550308,95,14659
2017,3550308,96,23684
2017,3550308,97,144
2017,3550308,99,579
2018,3550308,01,2130
2018,3550308,02,235
2018,3550308,03,68
2018,3550308,05,15
2018,3550308,07,157
2018,3550308,08,1307
2018,3550308,09,10
2018,3550308,10,32044
2018,3550308,11,2434
2018,3550308,12,85
2018,3550308,13,11362
2018,3550308,14,56374
2018,3550308,15,2500
2018,3550308,16,2164
2018,3550308,17,8811
2018,3550308,18,13536
2018,3550308,19,559
2018,3550308,20,21326
2018,3550308,21,17709
2018,3550308,22,27136
2018,3550308,23,6658
2018,3550308,24,5102
2018,3550308,25,29935
2018,3550308,26,11105
2018,3550308,27,13854
2018,3550308,28,20443
2018,3550308,29,18732
2018,3550308,30,1245
2018,3550308,31,4364
2018,3550308,32,14986
2018,3550308,33,11660
2018,3550308,35,6837
2018,3550308,36,7573
2018,3550308,37,512
2018,3550308,38,15194
2018,3550308,39,59
2018,3550308,41,74308
2018,3550308,42,57696
2018,3550308,43,94717
2018,3550308,45,69426
2018,3550308,46,211416
2018,3550308,47,582621
2018,3550308,49,164291
2018,3550308,50,385
2018,3550308,51,14381
2018,3550308,52,50334
2018,3550308,53,22885
2018,3550308,55,18255
2018,3550308,56,224635
2018,3550308,58,14195
2018,3550308,59,7300
2018,3550308,60,10117
2018,3550308,61,24723
2018,3550308,62,95674
2018,3550308,63,23636
2018,3550308,64,125502
2018,3550308,65,38945
2018,3550308,66,35947
2018,3550308,68,23674
2018,3550308,69,66404
2018,3550308,70,29742
2018,3550308,71,36135
2018,3550308,72,5968
2018,3550308,73,35045
2018,3550308,74,16224
2018,3550308,75,1785
2018,3550308,77,23110
2018,3550308,78,84498
2018,3550308,79,12731
2018,3550308,80,129942
2018,3550308,81,315399
2018,3550308,82,309442
2018,3550308,84,751229
2018,3550308,85,219788
2018,3550308,86,307352
2018,3550308,87,19209
2018,3550308,88,30472
2018,3550308,90,2922
2018,3550308,91,968
2018,3550308,92,28
2018,3550308,93,31510
2018,3550308,94,83332
2018,3550308,95,13242
2018,3550308,96,22978
2018,3550308,97,70
2018,3550308,99,640
2019,3550308,01,2071
2019,3550308,02,144
2019,3550308,03,59
2019,3550308,05,6
2019,3550308,06,11
2019,3550308,07,158
2019,3550308,08,917
2019,3550308,09,11
2019,3550308,10,35192
2019,3550308,11,2667
2019,3550308,12,123
2019,3550308,13,11032
2019,3550308,14,52297
2019,3550308,15,2228
2019,3550308,16,1631
2019,3550308,17,8056
2019,3550308,18,11492
2019,3550308,19,478
2019,3550308,20,19566
2019,3550308,21,19802
2019,3550308,22,24341
2019,3550308,23,7137
2019,3550308,24,4214
2019,3550308,25,28311
2019,3550308,26,10292
2019,3550308,27,15408
2019,3550308,28,19204
2019,3550308,29,15103
2019,3550308,30,1729
2019,3550308,31,4301
2019,3550308,32,14519
2019,3550308,33,11727
2019,3550308,35,5598
2019,3550308,36,7575
2019,3550308,37,751
2019,3550308,38,16993
2019,3550308,39,74
2019,3550308,41,75234
2019,3550308,42,61476
2019,3550308,43,96499
2019,3550308,45,68208
2019,3550308,46,211153
2019,3550308,47,573451
2019,3550308,49,158189
2019,3550308,50,469
2019,3550308,51,13471
2019,3550308,52,54030
2019,3550308,53,21698
2019,3550308,55,18856
2019,3550308,56,227699
2019,3550308,58,15897
2019,3550308,59,7455
2019,3550308,60,9881
2019,3550308,61,31822
2019,3550308,62,101515
2019,3550308,63,24608
2019,3550308,64,147619
2019,3550308,65,46927
2019,3550308,66,50462
2019,3550308,68,24154
2019,3550308,69,64301
2019,3550308,70,33394
2019,3550308,71,42164
2019,3550308,72,6267
2019,3550308,73,35613
2019,3550308,74,18162
2019,3550308,75,2084
2019,3550308,77,26575
2019,3550308,78,119986
2019,3550308,79,12884
2019,3550308,80,132141
2019,3550308,81,304760
2019,3550308,82,298957
2019,3550308,84,764179
2019,3550308,85,222046
2019,3550308,86,304935
2019,3550308,87,20482
2019,3550308,88,30696
2019,3550308,90,1373
2019,3550308,91,1141
2019,3550308,92,32
2019,3550308,93,28805
2019,3550308,94,78954
2019,3550308,95,12590
2019,3550308,96,22291
2019,3550308,97,89
2019,3550308,99,665
2020,3550308,01,2290
2020,3550308,02,171
2020,3550308,03,21
2020,3550308,05,5
2020,3550308,06,14
2020,3550308,07,132
2020,3550308,08,884
2020,3550308,09,13
2020,3550308,10,35514
2020,3550308,11,2954
2020,3550308,12,130
2020,3550308,13,9784
2020,3550308,14,46234
2020,3550308,15,1836
2020,3550308,16,1582
2020,3550308,17,7549
2020,3550308,18,9585
2020,3550308,19,487
2020,3550308,20,19314
2020,3550308,21,17995
2020,3550308,22,24073
2020,3550308,23,6839
2020,3550308,24,4151
2020,3550308,25,27178
2020,3550308,26,9431
2020,3550308,27,14874
2020,3550308,28,19015
2020,3550308,29,14951
2020,3550308,30,1725
2020,3550308,31,4148
2020,3550308,32,13704
2020,3550308,33,11800
2020,3550308,35,5685
2020,3550308,36,7395
2020,3550308,37,760
2020,3550308,38,18082
2020,3550308,39,79
2020,3550308,41,78704
2020,3550308,42,73199
2020,3550308,43,100701
2020,3550308,45,62947
2020,3550308,46,204416
2020,3550308,47,539891
2020,3550308,49,155659
2020,3550308,50,480
2020,3550308,51,9317
2020,3550308,52,48361
2020,3550308,53,20673
2020,3550308,55,13715
2020,3550308,56,176512
2020,3550308,58,15024
2020,3550308,59,6449
2020,3550308,60,9959
2020,3550308,61,32790
2020,3550308,62,103053
2020,3550308,63,25543
2020,3550308,64,117596
2020,3550308,65,50380
2020,3550308,66,52587
2020,3550308,68,24509
2020,3550308,69,62661
2020,3550308,70,34288
2020,3550308,71,43856
2020,3550308,72,6623
2020,3550308,73,36453
2020,3550308,74,21285
2020,3550308,75,2364
2020,3550308,77,22559
2020,3550308,78,150828
2020,3550308,79,7784
2020,3550308,80,129025
2020,3550308,81,300764
2020,3550308,82,316712
2020,3550308,84,733423
2020,3550308,85,207339
2020,3550308,86,325215
2020,3550308,87,21358
2020,3550308,88,27027
2020,3550308,90,1013
2020,3550308,91,1016
2020,3550308,92,21
2020,3550308,93,25274
2020,3550308,94,74323
2020,3550308,95,11340
2020,3550308,96,19358
2020,3550308,97,47
2020,3550308,99,610
2021,3550308,01,2542
2021,3550308,02,131
2021,3550308,03,17
2021,3550308,05,2
2021,3550308,06,21
2021,3550308,07,176
2021,3550308,08,877
2021,3550308,09,17
2021,3550308,10,34852
2021,3550308,11,3526
2021,3550308,12,138
2021,3550308,13,9737
2021,3550308,14,47756
2021,3550308,15,1831
2021,3550308,16,1816
2021,3550308,17,7350
2021,3550308,18,9461
2021,3550308,19,351
2021,3550308,20,18723
2021,3550308,21,16865
2021,3550308,22,24091
2021,3550308,23,7246
2021,3550308,24,4227
2021,3550308,25,28668
2021,3550308,26,9869
2021,3550308,27,14832
2021,3550308,28,18589
2021,3550308,29,15554
2021,3550308,30,1800
2021,3550308,31,4435
2021,3550308,32,14410
2021,3550308,33,12475
2021,3550308,35,10066
2021,3550308,36,7014
2021,3550308,37,615
2021,3550308,38,18515
2021,3550308,39,283
2021,3550308,41,87241
2021,3550308,42,79647
2021,3550308,43,111628
2021,3550308,45,65042
2021,3550308,46,205617
2021,3550308,47,561132
2021,3550308,49,152275
2021,3550308,50,414
2021,3550308,51,10100
2021,3550308,52,50203
2021,3550308,53,19503
2021,3550308,55,13193
2021,3550308,56,184784
2021,3550308,58,14337
2021,3550308,59,6815
2021,3550308,60,10138
2021,3550308,61,32404
2021,3550308,62,124788
2021,3550308,63,30689
2021,3550308,64,153876
2021,3550308,65,50685
2021,3550308,66,68750
2021,3550308,68,28089
2021,3550308,69,64570
2021,3550308,70,40713
2021,3550308,71,47286
2021,3550308,72,7481
2021,3550308,73,35899
2021,3550308,74,27794
2021,3550308,75,2850
2021,3550308,77,30230
2021,3550308,78,159632
2021,3550308,79,7429
2021,3550308,80,129553
2021,3550308,81,312492
2021,3550308,82,328197
2021,3550308,84,741939
2021,3550308,85,214025
2021,3550308,86,341205
2021,3550308,87,15547
2021,3550308,88,29149
2021,3550308,90,910
2021,3550308,91,1174
2021,3550308,92,13
2021,3550308,93,24891
2021,3550308,94,73581
2021,3550308,95,10038
2021,3550308,96,19080
2021,3550308,97,58
2021,3550308,99,606
2022,3550308,01,2926
2022,3550308,02,144
2022,3550308,03,20
2022,3550308,05,2
2022,3550308,06,59
2022,3550308,07,208
2022,3550308,08,874
2022,3550308,09,43
2022,3550308,10,38834
2022,3550308,11,3436
2022,3550308,12,167
2022,3550308,13,9835
2022,3550308,14,51546
2022,3550308,15,2245
2022,3550308,16,2742
2022,3550308,17,7552
2022,3550308,18,10650
2022,3550308,19,297
2022,3550308,20,19370
2022,3550308,21,17041
2022,3550308,22,24624
2022,3550308,23,7312
2022,3550308,24,4492
2022,3550308,25,28386
2022,3550308,26,10063
2022,3550308,27,15041
2022,3550308,28,18320
2022,3550308,29,15561
2022,3550308,30,1615
2022,3550308,31,4627
2022,3550308,32,15453
2022,3550308,33,13646
2022,3550308,35,10127
2022,3550308,36,7027
2022,3550308,37,792
2022,3550308,38,18602
2022,3550308,39,338
2022,3550308,41,93421
2022,3550308,42,76573
2022,3550308,43,136901
2022,3550308,45,72020
2022,3550308,46,218756
2022,3550308,47,592482
2022,3550308,49,159526
2022,3550308,50,306
2022,3550308,51,10258
2022,3550308,52,49284
2022,3550308,53,19980
2022,3550308,55,16242
2022,3550308,56,214177
2022,3550308,58,14612
2022,3550308,59,7197
2022,3550308,60,10103
2022,3550308,61,34715
2022,3550308,62,137501
2022,3550308,63,35874
2022,3550308,64,159579
2022,3550308,65,54806
2022,3550308,66,74525
2022,3550308,68,29319
2022,3550308,69,68277
2022,3550308,70,49678
2022,3550308,71,52270
2022,3550308,72,7724
2022,3550308,73,48858
2022,3550308,74,32343
2022,3550308,75,3601
2022,3550308,77,34749
2022,3550308,78,183089
2022,3550308,79,10798
2022,3550308,80,137024
2022,3550308,81,330125
2022,3550308,82,337304
2022,3550308,84,697087
2022,3550308,85,262983
2022,3550308,86,359093
2022,3550308,87,17089
2022,3550308,88,30689
2022,3550308,90,1266
2022,3550308,91,1453
2022,3550308,92,1
2022,3550308,93,29846
2022,3550308,94,76552
2022,3550308,95,9971
2022,3550308,96,25750
2022,3550308,97,76
2022,3550308,99,576
2023,3550308,01,3077
2023,3550308,02,131
2023,3550308,03,20
2023,3550308,06,84
2023,3550308,07,295
2023,3550308,08,811
2023,3550308,09,56
2023,3550308,10,42644
2023,3550308,11,3298
2023,3550308,12,156
2023,3550308,13,9526
2023,3550308,14,49937
2023,3550308,15,2155
2023,3550308,16,2746
2023,3550308,17,7676
2023,3550308,18,10345
2023,3550308,19,727
2023,3550308,20,18306
2023,3550308,21,16445
2023,3550308,22,24810
2023,3550308,23,7743
2023,3550308,24,4373
2023,3550308,25,27048
2023,3550308,26,9368
2023,3550308,27,14037
2023,3550308,28,17703
2023,3550308,29,15369
2023,3550308,30,1721
2023,3550308,31,4662
2023,3550308,32,16955
2023,3550308,33,15335
2023,3550308,35,10581
2023,3550308,36,6533
2023,3550308,37,793
2023,3550308,38,18999
2023,3550308,39,348
2023,3550308,41,105521
2023,3550308,42,85798
2023,3550308,43,144704
2023,3550308,45,72347
2023,3550308,46,224424
2023,3550308,47,589608
2023,3550308,49,160503
2023,3550308,50,397
2023,3550308,51,9329
2023,3550308,52,48107
2023,3550308,53,18530
2023,3550308,55,17665
2023,3550308,56,234682
2023,3550308,58,14745
2023,3550308,59,6943
2023,3550308,60,9850
2023,3550308,61,34893
2023,3550308,62,137485
2023,3550308,63,33685
2023,3550308,64,160076
2023,3550308,65,54605
2023,3550308,66,72106
2023,3550308,68,28264
2023,3550308,69,67508
2023,3550308,70,50871
2023,3550308,71,51284
2023,3550308,72,8254
2023,3550308,73,50142
2023,3550308,74,37743
2023,3550308,75,3950
2023,3550308,77,36563
2023,3550308,78,195568
2023,3550308,79,12163
2023,3550308,80,144556
2023,3550308,81,305977
2023,3550308,82,357888
2023,3550308,84,399016
2023,3550308,85,336876
2023,3550308,86,376995
2023,3550308,87,18354
2023,3550308,88,33382
2023,3550308,90,1366
2023,3550308,91,1250
2023,3550308,92,230
2023,3550308,93,32053
2023,3550308,94,78034
2023,3550308,95,9711
2023,3550308,96,27538
2023,3550308,97,64
2023,3550308,99,727
2002,4106902,NA,585972
2003,4106902,NA,583094
2004,4106902,NA,633869
2005,4106902,NA,648706
2006,4106902,00,11471
2006,4106902,01,1463
2006,4106902,02,213
2006,4106902,03,5
2006,4106902,05,3
2006,4106902,08,144
2006,4106902,09,28
2006,4106902,10,6478
2006,4106902,11,1679
2006,4106902,12,214
2006,4106902,13,1028
2006,4106902,14,1950
2006,4106902,15,1079
2006,4106902,16,3233
2006,4106902,17,3145
2006,4106902,18,3032
2006,4106902,20,3265
2006,4106902,21,338
2006,4106902,22,3882
2006,4106902,23,1887
2006,4106902,24,1093
2006,4106902,25,5126
2006,4106902,26,3623
2006,4106902,27,5805
2006,4106902,28,4995
2006,4106902,29,14856
2006,4106902,30,49
2006,4106902,31,1916
2006,4106902,32,1698
2006,4106902,33,1457
2006,4106902,35,8390
2006,4106902,36,6382
2006,4106902,37,517
2006,4106902,38,2834
2006,4106902,39,5
2006,4106902,41,9764
2006,4106902,42,8554
2006,4106902,43,4617
2006,4106902,45,15838
2006,4106902,46,16446
2006,4106902,47,93139
2006,4106902,49,24927
2006,4106902,50,23
2006,4106902,51,107
2006,4106902,52,3505
2006,4106902,53,3462
2006,4106902,55,3849
2006,4106902,56,23982
2006,4106902,58,4912
2006,4106902,59,439
2006,4106902,60,1147
2006,4106902,61,5535
2006,4106902,62,2701
2006,4106902,63,4048
2006,4106902,64,17198
2006,4106902,65,3489
2006,4106902,66,1531
2006,4106902,68,2184
2006,4106902,69,5094
2006,4106902,70,2800
2006,4106902,71,3472
2006,4106902,72,660
2006,4106902,73,1143
2006,4106902,74,1253
2006,4106902,75,91
2006,4106902,77,1978
2006,4106902,78,10450
2006,4106902,79,1312
2006,4106902,80,13330
2006,4106902,81,28027
2006,4106902,82,18784
2006,4106902,84,177538
2006,4106902,85,26090
2006,4106902,86,32506
2006,4106902,87,2576
2006,4106902,88,2659
2006,4106902,90,579
2006,4106902,91,303
2006,4106902,92,81
2006,4106902,93,3606
2006,4106902,94,23234
2006,4106902,95,1523
2006,4106902,96,2487
2006,4106902,97,248
2006,4106902,99,15
2007,4106902,00,6463
2007,4106902,01,1173
2007,4106902,02,254
2007,4106902,03,2
2007,4106902,05,3
2007,4106902,07,7
2007,4106902,08,142
2007,4106902,09,48
2007,4106902,10,12089
2007,4106902,11,1927
2007,4106902,12,193
2007,4106902,13,1166
2007,4106902,14,2147
2007,4106902,15,878
2007,4106902,16,3061
2007,4106902,17,3127
2007,4106902,18,3459
2007,4106902,20,3451
2007,4106902,21,337
2007,4106902,22,3835
2007,4106902,23,2285
2007,4106902,24,1476
2007,4106902,25,5561
2007,4106902,26,5251
2007,4106902,27,5813
2007,4106902,28,7303
2007,4106902,29,12352
2007,4106902,30,69
2007,4106902,31,2055
2007,4106902,32,1722
2007,4106902,33,1690
2007,4106902,35,8699
2007,4106902,36,6335
2007,4106902,37,398
2007,4106902,38,2889
2007,4106902,39,9
2007,4106902,41,11549
2007,4106902,42,9417
2007,4106902,43,5013
2007,4106902,45,17840
2007,4106902,46,18600
2007,4106902,47,97810
2007,4106902,49,24629
2007,4106902,50,22
2007,4106902,51,161
2007,4106902,52,3685
2007,4106902,53,4277
2007,4106902,55,3933
2007,4106902,56,27135
2007,4106902,58,5152
2007,4106902,59,456
2007,4106902,60,1205
2007,4106902,61,6341
2007,4106902,62,3467
2007,4106902,63,3377
2007,4106902,64,18155
2007,4106902,65,3912
2007,4106902,66,1641
2007,4106902,68,2633
2007,4106902,69,5073
2007,4106902,70,2934
2007,4106902,71,3983
2007,4106902,72,746
2007,4106902,73,1313
2007,4106902,74,1059
2007,4106902,75,108
2007,4106902,77,3240
2007,4106902,78,9192
2007,4106902,79,1383
2007,4106902,80,13323
2007,4106902,81,30869
2007,4106902,82,21022
2007,4106902,84,166422
2007,4106902,85,27022
2007,4106902,86,35166
2007,4106902,87,1159
2007,4106902,88,2537
2007,4106902,90,524
2007,4106902,91,504
2007,4106902,92,65
2007,4106902,93,4054
2007,4106902,94,24257
2007,4106902,95,1673
2007,4106902,96,2449
2007,4106902,97,266
2007,4106902,99,19
2008,4106902,00,78617
2008,4106902,01,1008
2008,4106902,02,446
2008,4106902,03,8
2008,4106902,07,3
2008,4106902,08,127
2008,4106902,09,65
2008,4106902,10,11936
2008,4106902,11,2138
2008,4106902,12,474
2008,4106902,13,1162
2008,4106902,14,2275
2008,4106902,15,978
2008,4106902,16,2727
2008,4106902,17,3157
2008,4106902,18,2566
2008,4106902,19,25
2008,4106902,20,3627
2008,4106902,21,348
2008,4106902,22,3752
2008,4106902,23,1990
2008,4106902,24,1587
2008,4106902,25,6006
2008,4106902,26,7013
2008,4106902,27,6518
2008,4106902,28,5379
2008,4106902,29,12054
2008,4106902,30,84
2008,4106902,31,2252
2008,4106902,32,1916
2008,4106902,33,2521
2008,4106902,35,8843
2008,4106902,36,6186
2008,4106902,37,348
2008,4106902,38,3040
2008,4106902,39,7
2008,4106902,41,13476
2008,4106902,42,10786
2008,4106902,43,6282
2008,4106902,45,18543
2008,4106902,46,18420
2008,4106902,47,103651
2008,4106902,49,25186
2008,4106902,50,2
2008,4106902,51,188
2008,4106902,52,4151
2008,4106902,53,4529
2008,4106902,55,4005
2008,4106902,56,27301
2008,4106902,58,6213
2008,4106902,59,496
2008,4106902,60,1259
2008,4106902,61,6639
2008,4106902,62,4248
2008,4106902,63,3437
2008,4106902,64,18981
2008,4106902,65,3630
2008,4106902,66,1643
2008,4106902,68,2797
2008,4106902,69,6361
2008,4106902,70,3776
2008,4106902,71,4245
2008,4106902,72,804
2008,4106902,73,1911
2008,4106902,74,931
2008,4106902,75,92
2008,4106902,77,3043
2008,4106902,78,10186
2008,4106902,79,1576
2008,4106902,80,14390
2008,4106902,81,30657
2008,4106902,82,22713
2008,4106902,84,94865
2008,4106902,85,34767
2008,4106902,86,36352
2008,4106902,87,1181
2008,4106902,88,2718
2008,4106902,90,530
2008,4106902,91,665
2008,4106902,92,19
2008,4106902,93,4344
2008,4106902,94,24160
2008,4106902,95,1715
2008,4106902,96,2467
2008,4106902,97,274
2008,4106902,99,10
2009,4106902,01,1053
2009,4106902,02,388
2009,4106902,03,6
2009,4106902,06,2
2009,4106902,07,8
2009,4106902,08,175
2009,4106902,09,53
2009,4106902,10,11523
2009,4106902,11,2211
2009,4106902,12,462
2009,4106902,13,1203
2009,4106902,14,2381
2009,4106902,15,1059
2009,4106902,16,2283
2009,4106902,17,3006
2009,4106902,18,2362
2009,4106902,19,27
2009,4106902,20,3380
2009,4106902,21,329
2009,4106902,22,3804
2009,4106902,23,2041
2009,4106902,24,1456
2009,4106902,25,6039
2009,4106902,26,9062
2009,4106902,27,8918
2009,4106902,28,7399
2009,4106902,29,10000
2009,4106902,30,66
2009,4106902,31,2154
2009,4106902,32,1902
2009,4106902,33,2831
2009,4106902,35,8847
2009,4106902,36,6436
2009,4106902,37,485
2009,4106902,38,3056
2009,4106902,39,4
2009,4106902,41,14591
2009,4106902,42,14142
2009,4106902,43,8033
2009,4106902,45,19224
2009,4106902,46,20531
2009,4106902,47,106630
2009,4106902,49,25694
2009,4106902,50,2
2009,4106902,51,235
2009,4106902,52,4760
2009,4106902,53,4408
2009,4106902,55,3923
2009,4106902,56,28042
2009,4106902,58,6025
2009,4106902,59,621
2009,4106902,60,1291
2009,4106902,61,7377
2009,4106902,62,4760
2009,4106902,63,2905
2009,4106902,64,18891
2009,4106902,65,3590
2009,4106902,66,1876
2009,4106902,68,3341
2009,4106902,69,7888
2009,4106902,70,4288
2009,4106902,71,4904
2009,4106902,72,949
2009,4106902,73,2125
2009,4106902,74,1128
2009,4106902,75,107
2009,4106902,77,3319
2009,4106902,78,12866
2009,4106902,79,1656
2009,4106902,80,16262
2009,4106902,81,30784
2009,4106902,82,22260
2009,4106902,84,205395
2009,4106902,85,35836
2009,4106902,86,37365
2009,4106902,87,1685
2009,4106902,88,2173
2009,4106902,90,566
2009,4106902,91,770
2009,4106902,92,18
2009,4106902,93,4642
2009,4106902,94,24639
2009,4106902,95,1848
2009,4106902,96,2461
2009,4106902,97,330
2009,4106902,99,18
2010,4106902,01,910
2010,4106902,02,476
2010,4106902,03,24
2010,4106902,07,14
2010,4106902,08,170
2010,4106902,09,29
2010,4106902,10,12321
2010,4106902,11,2209
2010,4106902,12,483
2010,4106902,13,1349
2010,4106902,14,2381
2010,4106902,15,1088
2010,4106902,16,2297
2010,4106902,17,3613
2010,4106902,18,2597
2010,4106902,19,81
2010,4106902,20,2910
2010,4106902,21,323
2010,4106902,22,4195
2010,4106902,23,3130
2010,4106902,24,1749
2010,4106902,25,6302
2010,4106902,26,7863
2010,4106902,27,9404
2010,4106902,28,8138
2010,4106902,29,12213
2010,4106902,30,78
2010,4106902,31,2113
2010,4106902,32,2313
2010,4106902,33,3395
2010,4106902,35,9137
2010,4106902,36,6517
2010,4106902,37,622
2010,4106902,38,3126
2010,4106902,39,65
2010,4106902,41,19017
2010,4106902,42,14638
2010,4106902,43,9651
2010,4106902,45,20846
2010,4106902,46,22673
2010,4106902,47,109992
2010,4106902,49,27168
2010,4106902,50,3
2010,4106902,51,305
2010,4106902,52,4877
2010,4106902,53,4337
2010,4106902,55,4092
2010,4106902,56,29420
2010,4106902,58,5850
2010,4106902,59,672
2010,4106902,60,1340
2010,4106902,61,9115
2010,4106902,62,5948
2010,4106902,63,4673
2010,4106902,64,19392
2010,4106902,65,3708
2010,4106902,66,2104
2010,4106902,68,3433
2010,4106902,69,9091
2010,4106902,70,4608
2010,4106902,71,5570
2010,4106902,72,754
2010,4106902,73,2235
2010,4106902,74,1111
2010,4106902,75,137
2010,4106902,77,3652
2010,4106902,78,14864
2010,4106902,79,1830
2010,4106902,80,16342
2010,4106902,81,33981
2010,4106902,82,22537
2010,4106902,84,179461
2010,4106902,85,38618
2010,4106902,86,39088
2010,4106902,87,1654
2010,4106902,88,2268
2010,4106902,90,404
2010,4106902,91,798
2010,4106902,92,6
2010,4106902,93,4557
2010,4106902,94,23449
2010,4106902,95,1995
2010,4106902,96,2812
2010,4106902,97,120
2010,4106902,99,19
2011,4106902,01,1010
2011,4106902,02,427
2011,4106902,03,24
2011,4106902,07,14
2011,4106902,08,169
2011,4106902,09,28
2011,4106902,10,11428
2011,4106902,11,2370
2011,4106902,12,289
2011,4106902,13,1340
2011,4106902,14,2269
2011,4106902,15,1072
2011,4106902,16,2388
2011,4106902,17,3424
2011,4106902,18,2698
2011,4106902,19,82
2011,4106902,20,2884
2011,4106902,21,266
2011,4106902,22,4071
2011,4106902,23,2221
2011,4106902,24,3287
2011,4106902,25,6351
2011,4106902,26,6037
2011,4106902,27,11136
2011,4106902,28,8781
2011,4106902,29,16502
2011,4106902,30,91
2011,4106902,31,2139
2011,4106902,32,2456
2011,4106902,33,2910
2011,4106902,35,9705
2011,4106902,36,6612
2011,4106902,37,601
2011,4106902,38,3690
2011,4106902,39,156
2011,4106902,41,20114
2011,4106902,42,18096
2011,4106902,43,12694
2011,4106902,45,21433
2011,4106902,46,23364
2011,4106902,47,111743
2011,4106902,49,29614
2011,4106902,50,5
2011,4106902,51,307
2011,4106902,52,5396
2011,4106902,53,4522
2011,4106902,55,4456
2011,4106902,56,32157
2011,4106902,58,4512
2011,4106902,59,742
2011,4106902,60,1766
2011,4106902,61,11717
2011,4106902,62,7590
2011,4106902,63,4511
2011,4106902,64,19911
2011,4106902,65,4038
2011,4106902,66,1841
2011,4106902,68,3120
2011,4106902,69,10065
2011,4106902,70,4219
2011,4106902,71,6079
2011,4106902,72,739
2011,4106902,73,2355
2011,4106902,74,1159
2011,4106902,75,150
2011,4106902,77,4035
2011,4106902,78,13531
2011,4106902,79,1920
2011,4106902,80,18836
2011,4106902,81,35745
2011,4106902,82,27590
2011,4106902,84,188286
2011,4106902,85,41976
2011,4106902,86,40951
2011,4106902,87,1681
2011,4106902,88,2265
2011,4106902,90,456
2011,4106902,91,677
2011,4106902,92,19
2011,4106902,93,4564
2011,4106902,94,22909
2011,4106902,95,2227
2011,4106902,96,2778
2011,4106902,97,289
2011,4106902,99,21
2012,4106902,01,868
2012,4106902,02,337
2012,4106902,03,12
2012,4106902,05,2
2012,4106902,07,14
2012,4106902,08,143
2012,4106902,09,30
2012,4106902,10,11642
2012,4106902,11,1958
2012,4106902,12,251
2012,4106902,13,1386
2012,4106902,14,2195
2012,4106902,15,1017
2012,4106902,16,2021
2012,4106902,17,3082
2012,4106902,18,2720
2012,4106902,19,88
2012,4106902,20,3145
2012,4106902,21,242
2012,4106902,22,3859
2012,4106902,23,2823
2012,4106902,24,3116
2012,4106902,25,6680
2012,4106902,26,6604
2012,4106902,27,13488
2012,4106902,28,8482
2012,4106902,29,13470
2012,4106902,30,50
2012,4106902,31,2413
2012,4106902,32,2520
2012,4106902,33,2841
2012,4106902,35,9797
2012,4106902,36,6923
2012,4106902,37,169
2012,4106902,38,4031
2012,4106902,39,88
2012,4106902,41,21117
2012,4106902,42,20744
2012,4106902,43,14246
2012,4106902,45,21649
2012,4106902,46,23755
2012,4106902,47,113816
2012,4106902,49,29996
2012,4106902,50,5
2012,4106902,51,295
2012,4106902,52,5775
2012,4106902,53,4722
2012,4106902,55,4320
2012,4106902,56,32884
2012,4106902,58,5626
2012,4106902,59,689
2012,4106902,60,1823
2012,4106902,61,12226
2012,4106902,62,8941
2012,4106902,63,3627
2012,4106902,64,18630
2012,4106902,65,4002
2012,4106902,66,1653
2012,4106902,68,3103
2012,4106902,69,10597
2012,4106902,70,4497
2012,4106902,71,6185
2012,4106902,72,684
2012,4106902,73,2439
2012,4106902,74,1203
2012,4106902,75,153
2012,4106902,77,4660
2012,4106902,78,19508
2012,4106902,79,2050
2012,4106902,80,21380
2012,4106902,81,40005
2012,4106902,82,30873
2012,4106902,84,229742
2012,4106902,85,43350
2012,4106902,86,41527
2012,4106902,87,1125
2012,4106902,88,3521
2012,4106902,90,458
2012,4106902,91,180
2012,4106902,92,14
2012,4106902,93,5126
2012,4106902,94,20623
2012,4106902,95,2214
2012,4106902,96,3031
2012,4106902,97,81
2012,4106902,99,20
2013,4106902,01,960
2013,4106902,02,433
2013,4106902,03,1
2013,4106902,05,2
2013,4106902,07,48
2013,4106902,08,134
2013,4106902,09,27
2013,4106902,10,12186
2013,4106902,11,1652
2013,4106902,13,1319
2013,4106902,14,2098
2013,4106902,15,1024
2013,4106902,16,1904
2013,4106902,17,2755
2013,4106902,18,2815
2013,4106902,19,102
2013,4106902,20,3124
2013,4106902,21,218
2013,4106902,22,3827
2013,4106902,23,2724
2013,4106902,24,3101
2013,4106902,25,6864
2013,4106902,26,6416
2013,4106902,27,9601
2013,4106902,28,9183
2013,4106902,29,13665
2013,4106902,30,49
2013,4106902,31,2166
2013,4106902,32,2596
2013,4106902,33,3035
2013,4106902,35,8318
2013,4106902,36,7243
2013,4106902,37,163
2013,4106902,38,4185
2013,4106902,39,73
2013,4106902,41,20026
2013,4106902,42,13900
2013,4106902,43,15650
2013,4106902,45,21171
2013,4106902,46,24384
2013,4106902,47,116050
2013,4106902,49,29706
2013,4106902,50,5
2013,4106902,51,310
2013,4106902,52,5824
2013,4106902,53,4940
2013,4106902,55,4503
2013,4106902,56,32888
2013,4106902,58,5378
2013,4106902,59,699
2013,4106902,60,1796
2013,4106902,61,10658
2013,4106902,62,9508
2013,4106902,63,3618
2013,4106902,64,20143
2013,4106902,65,4281
2013,4106902,66,1659
2013,4106902,68,3710
2013,4106902,69,11039
2013,4106902,70,4072
2013,4106902,71,6982
2013,4106902,72,670
2013,4106902,73,2141
2013,4106902,74,1218
2013,4106902,75,174
2013,4106902,77,4746
2013,4106902,78,21486
2013,4106902,79,2144
2013,4106902,80,22020
2013,4106902,81,39804
2013,4106902,82,31253
2013,4106902,84,201888
2013,4106902,85,44267
2013,4106902,86,41961
2013,4106902,87,1245
2013,4106902,88,3422
2013,4106902,90,501
2013,4106902,91,557
2013,4106902,92,25
2013,4106902,93,5409
2013,4106902,94,19000
2013,4106902,95,2170
2013,4106902,96,3068
2013,4106902,97,63
2013,4106902,99,16
2014,4106902,01,787
2014,4106902,02,390
2014,4106902,03,5
2014,4106902,07,55
2014,4106902,08,152
2014,4106902,09,28
2014,4106902,10,11898
2014,4106902,11,1658
2014,4106902,12,237
2014,4106902,13,1258
2014,4106902,14,1980
2014,4106902,15,801
2014,4106902,16,1849
2014,4106902,17,2671
2014,4106902,18,2565
2014,4106902,19,105
2014,4106902,20,3072
2014,4106902,21,95
2014,4106902,22,3521
2014,4106902,23,2474
2014,4106902,24,2855
2014,4106902,25,6518
2014,4106902,26,5598
2014,4106902,27,8322
2014,4106902,28,8678
2014,4106902,29,12807
2014,4106902,30,49
2014,4106902,31,2285
2014,4106902,32,2780
2014,4106902,33,3097
2014,4106902,35,8433
2014,4106902,36,7396
2014,4106902,37,176
2014,4106902,38,3836
2014,4106902,39,75
2014,4106902,41,20015
2014,4106902,42,19288
2014,4106902,43,15951
2014,4106902,45,20903
2014,4106902,46,25003
2014,4106902,47,115435
2014,4106902,49,29518
2014,4106902,50,1
2014,4106902,51,399
2014,4106902,52,6797
2014,4106902,53,4896
2014,4106902,55,4572
2014,4106902,56,35890
2014,4106902,58,5118
2014,4106902,59,758
2014,4106902,60,1719
2014,4106902,61,10477
2014,4106902,62,9705
2014,4106902,63,3249
2014,4106902,64,20839
2014,4106902,65,4671
2014,4106902,66,1770
2014,4106902,68,4260
2014,4106902,69,11287
2014,4106902,70,4538
2014,4106902,71,7067
2014,4106902,72,750
2014,4106902,73,2232
2014,4106902,74,1139
2014,4106902,75,197
2014,4106902,77,5261
2014,4106902,78,21259
2014,4106902,79,2200
2014,4106902,80,22651
2014,4106902,81,39985
2014,4106902,82,33503
2014,4106902,84,200342
2014,4106902,85,47245
2014,4106902,86,41055
2014,4106902,87,1251
2014,4106902,88,3604
2014,4106902,90,420
2014,4106902,91,518
2014,4106902,92,23
2014,4106902,93,5280
2014,4106902,94,16917
2014,4106902,95,2090
2014,4106902,96,3023
2014,4106902,97,73
2014,4106902,99,17
2015,4106902,01,809
2015,4106902,02,438
2015,4106902,03,3
2015,4106902,05,1
2015,4106902,07,48
2015,4106902,08,104
2015,4106902,09,27
2015,4106902,10,10742
2015,4106902,11,1305
2015,4106902,13,1128
2015,4106902,14,1888
2015,4106902,15,711
2015,4106902,16,1596
2015,4106902,17,2247
2015,4106902,18,2279
2015,4106902,19,100
2015,4106902,20,2473
2015,4106902,21,92
2015,4106902,22,3386
2015,4106902,23,2222
2015,4106902,24,2307
2015,4106902,25,5850
2015,4106902,26,4665
2015,4106902,27,6463
2015,4106902,28,7750
2015,4106902,29,11576
2015,4106902,30,64
2015,4106902,31,1997
2015,4106902,32,2612
2015,4106902,33,3399
2015,4106902,35,8464
2015,4106902,36,7444
2015,4106902,37,238
2015,4106902,38,3572
2015,4106902,39,71
2015,4106902,41,16927
2015,4106902,42,16248
2015,4106902,43,13929
2015,4106902,45,19404
2015,4106902,46,24157
2015,4106902,47,111746
2015,4106902,49,28578
2015,4106902,50,2
2015,4106902,51,447
2015,4106902,52,5890
2015,4106902,53,4601
2015,4106902,55,4565
2015,4106902,56,34851
2015,4106902,58,4598
2015,4106902,59,633
2015,4106902,60,1812
2015,4106902,61,10449
2015,4106902,62,9606
2015,4106902,63,3226
2015,4106902,64,21167
2015,4106902,65,4662
2015,4106902,66,1951
2015,4106902,68,4256
2015,4106902,69,11379
2015,4106902,70,3914
2015,4106902,71,6103
2015,4106902,72,767
2015,4106902,73,2417
2015,4106902,74,1219
2015,4106902,75,210
2015,4106902,77,4804
2015,4106902,78,19875
2015,4106902,79,1949
2015,4106902,80,22275
2015,4106902,81,39991
2015,4106902,82,33564
2015,4106902,84,200797
2015,4106902,85,45695
2015,4106902,86,42367
2015,4106902,87,1435
2015,4106902,88,3471
2015,4106902,90,507
2015,4106902,91,485
2015,4106902,92,12
2015,4106902,93,5408
2015,4106902,94,18463
2015,4106902,95,1934
2015,4106902,96,2980
2015,4106902,97,74
2015,4106902,99,135
2016,4106902,01,743
2016,4106902,02,399
2016,4106902,03,2
2016,4106902,05,1
2016,4106902,07,9
2016,4106902,08,80
2016,4106902,09,27
2016,4106902,10,10328
2016,4106902,11,1078
2016,4106902,13,1043
2016,4106902,14,1551
2016,4106902,15,736
2016,4106902,16,1480
2016,4106902,17,2102
2016,4106902,18,2119
2016,4106902,19,91
2016,4106902,20,2578
2016,4106902,21,126
2016,4106902,22,3290
2016,4106902,23,1988
2016,4106902,24,1959
2016,4106902,25,5064
2016,4106902,26,3380
2016,4106902,27,6021
2016,4106902,28,6787
2016,4106902,29,10116
2016,4106902,30,52
2016,4106902,31,1825
2016,4106902,32,2313
2016,4106902,33,3374
2016,4106902,35,8642
2016,4106902,36,7315
2016,4106902,37,256
2016,4106902,38,3619
2016,4106902,39,97
2016,4106902,41,14362
2016,4106902,42,16766
2016,4106902,43,11607
2016,4106902,45,18421
2016,4106902,46,23853
2016,4106902,47,108670
2016,4106902,49,28018
2016,4106902,50,19
2016,4106902,51,358
2016,4106902,52,8904
2016,4106902,53,4311
2016,4106902,55,4347
2016,4106902,56,34245
2016,4106902,58,4229
2016,4106902,59,586
2016,4106902,60,1736
2016,4106902,61,10045
2016,4106902,62,8961
2016,4106902,63,3180
2016,4106902,64,17924
2016,4106902,65,5016
2016,4106902,66,2132
2016,4106902,68,3238
2016,4106902,69,11072
2016,4106902,70,3435
2016,4106902,71,4788
2016,4106902,72,716
2016,4106902,73,2494
2016,4106902,74,1307
2016,4106902,75,278
2016,4106902,77,4293
2016,4106902,78,16568
2016,4106902,79,1763
2016,4106902,80,21397
2016,4106902,81,41071
2016,4106902,82,34498
2016,4106902,84,198157
2016,4106902,85,45007
2016,4106902,86,40519
2016,4106902,87,1489
2016,4106902,88,4522
2016,4106902,90,497
2016,4106902,91,408
2016,4106902,92,16
2016,4106902,93,5196
2016,4106902,94,16709
2016,4106902,95,1981
2016,4106902,96,2855
2016,4106902,97,35
2016,4106902,99,21
2017,4106902,01,692
2017,4106902,02,319
2017,4106902,03,1
2017,4106902,05,1
2017,4106902,07,12
2017,4106902,08,69
2017,4106902,09,28
2017,4106902,10,8470
2017,4106902,11,1058
2017,4106902,13,1288
2017,4106902,14,1652
2017,4106902,15,670
2017,4106902,16,1395
2017,4106902,17,2171
2017,4106902,18,2104
2017,4106902,19,55
2017,4106902,20,2545
2017,4106902,21,132
2017,4106902,22,3197
2017,4106902,23,1910
2017,4106902,24,1761
2017,4106902,25,4745
2017,4106902,26,3063
2017,4106902,27,5935
2017,4106902,28,6723
2017,4106902,29,9465
2017,4106902,30,50
2017,4106902,31,1687
2017,4106902,32,2492
2017,4106902,33,3499
2017,4106902,35,8015
2017,4106902,36,7444
2017,4106902,37,157
2017,4106902,38,3486
2017,4106902,39,93
2017,4106902,41,12917
2017,4106902,42,12711
2017,4106902,43,11185
2017,4106902,45,17984
2017,4106902,46,23683
2017,4106902,47,105806
2017,4106902,49,27299
2017,4106902,50,28
2017,4106902,51,360
2017,4106902,52,9966
2017,4106902,53,3519
2017,4106902,55,4120
2017,4106902,56,34287
2017,4106902,58,4033
2017,4106902,59,476
2017,4106902,60,1596
2017,4106902,61,9963
2017,4106902,62,9444
2017,4106902,63,3078
2017,4106902,64,17854
2017,4106902,65,5114
2017,4106902,66,2082
2017,4106902,68,3776
2017,4106902,69,11102
2017,4106902,70,3154
2017,4106902,71,4533
2017,4106902,72,693
2017,4106902,73,2259
2017,4106902,74,1676
2017,4106902,75,267
2017,4106902,77,4209
2017,4106902,78,15575
2017,4106902,79,1864
2017,4106902,80,21558
2017,4106902,81,40729
2017,4106902,82,34943
2017,4106902,84,192905
2017,4106902,85,43798
2017,4106902,86,41345
2017,4106902,87,1585
2017,4106902,88,4845
2017,4106902,90,411
2017,4106902,91,328
2017,4106902,92,14
2017,4106902,93,5250
2017,4106902,94,17475
2017,4106902,95,2090
2017,4106902,96,2828
2017,4106902,97,29
2017,4106902,99,18
2018,4106902,01,692
2018,4106902,02,395
2018,4106902,05,1
2018,4106902,07,5
2018,4106902,08,69
2018,4106902,09,29
2018,4106902,10,8235
2018,4106902,11,1024
2018,4106902,13,1465
2018,4106902,14,1635
2018,4106902,15,715
2018,4106902,16,1379
2018,4106902,17,3240
2018,4106902,18,1958
2018,4106902,19,64
2018,4106902,20,2681
2018,4106902,21,146
2018,4106902,22,3385
2018,4106902,23,1729
2018,4106902,24,1791
2018,4106902,25,4149
2018,4106902,26,3278
2018,4106902,27,6040
2018,4106902,28,6804
2018,4106902,29,9991
2018,4106902,30,68
2018,4106902,31,1596
2018,4106902,32,2501
2018,4106902,33,3273
2018,4106902,35,7530
2018,4106902,36,7289
2018,4106902,37,147
2018,4106902,38,3803
2018,4106902,39,30
2018,4106902,41,12711
2018,4106902,42,14280
2018,4106902,43,12145
2018,4106902,45,18128
2018,4106902,46,23283
2018,4106902,47,103427
2018,4106902,49,27313
2018,4106902,50,22
2018,4106902,51,415
2018,4106902,52,10845
2018,4106902,53,3812
2018,4106902,55,4258
2018,4106902,56,34225
2018,4106902,58,4146
2018,4106902,59,503
2018,4106902,60,1602
2018,4106902,61,9012
2018,4106902,62,10670
2018,4106902,63,3737
2018,4106902,64,17508
2018,4106902,65,5506
2018,4106902,66,2145
2018,4106902,68,3884
2018,4106902,69,11263
2018,4106902,70,4201
2018,4106902,71,4528
2018,4106902,72,467
2018,4106902,73,2835
2018,4106902,74,1725
2018,4106902,75,316
2018,4106902,77,4272
2018,4106902,78,16251
2018,4106902,79,1885
2018,4106902,80,19313
2018,4106902,81,44210
2018,4106902,82,40066
2018,4106902,84,197689
2018,4106902,85,44148
2018,4106902,86,44370
2018,4106902,87,1750
2018,4106902,88,3354
2018,4106902,90,487
2018,4106902,91,356
2018,4106902,92,19
2018,4106902,93,5551
2018,4106902,94,19383
2018,4106902,95,1921
2018,4106902,96,2828
2018,4106902,97,9
2018,4106902,99,19
2019,4106902,01,604
2019,4106902,02,261
2019,4106902,05,1
2019,4106902,07,2
2019,4106902,08,54
2019,4106902,09,30
2019,4106902,10,8310
2019,4106902,11,1045
2019,4106902,13,1395
2019,4106902,14,1623
2019,4106902,15,699
2019,4106902,16,1311
2019,4106902,17,2201
2019,4106902,18,2046
2019,4106902,19,177
2019,4106902,20,2580
2019,4106902,21,131
2019,4106902,22,3230
2019,4106902,23,1854
2019,4106902,24,100
2019,4106902,25,4441
2019,4106902,26,3020
2019,4106902,27,5932
2019,4106902,28,6832
2019,4106902,29,9188
2019,4106902,30,61
2019,4106902,31,1624
2019,4106902,32,2826
2019,4106902,33,3707
2019,4106902,35,7025
2019,4106902,36,7248
2019,4106902,37,170
2019,4106902,38,4208
2019,4106902,39,30
2019,4106902,41,14469
2019,4106902,42,13586
2019,4106902,43,11538
2019,4106902,45,18473
2019,4106902,46,23821
2019,4106902,47,104405
2019,4106902,49,28120
2019,4106902,50,23
2019,4106902,51,428
2019,4106902,52,7385
2019,4106902,53,3726
2019,4106902,55,4185
2019,4106902,56,35019
2019,4106902,58,3811
2019,4106902,59,557
2019,4106902,60,1537
2019,4106902,61,9332
2019,4106902,62,11725
2019,4106902,63,3897
2019,4106902,64,17698
2019,4106902,65,5855
2019,4106902,66,2345
2019,4106902,68,4156
2019,4106902,69,10813
2019,4106902,70,4080
2019,4106902,71,5268
2019,4106902,72,456
2019,4106902,73,3412
2019,4106902,74,2335
2019,4106902,75,327
2019,4106902,77,5144
2019,4106902,78,19278
2019,4106902,79,2029
2019,4106902,80,21001
2019,4106902,81,41421
2019,4106902,82,44587
2019,4106902,84,203782
2019,4106902,85,43610
2019,4106902,86,44186
2019,4106902,87,1831
2019,4106902,88,3270
2019,4106902,90,398
2019,4106902,91,285
2019,4106902,92,17
2019,4106902,93,5790
2019,4106902,94,19747
2019,4106902,95,3073
2019,4106902,96,2947
2019,4106902,97,18
2019,4106902,99,19
2020,4106902,01,634
2020,4106902,02,304
2020,4106902,05,1
2020,4106902,08,61
2020,4106902,09,28
2020,4106902,10,9718
2020,4106902,11,1258
2020,4106902,13,1245
2020,4106902,14,1484
2020,4106902,15,661
2020,4106902,16,1293
2020,4106902,17,2252
2020,4106902,18,1723
2020,4106902,19,138
2020,4106902,20,2779
2020,4106902,21,118
2020,4106902,22,3555
2020,4106902,23,1978
2020,4106902,24,108
2020,4106902,25,4657
2020,4106902,26,3304
2020,4106902,27,6257
2020,4106902,28,7469
2020,4106902,29,9545
2020,4106902,30,59
2020,4106902,31,1373
2020,4106902,32,2484
2020,4106902,33,3112
2020,4106902,35,6599
2020,4106902,36,6672
2020,4106902,37,174
2020,4106902,38,3939
2020,4106902,39,37
2020,4106902,41,15045
2020,4106902,42,21225
2020,4106902,43,11455
2020,4106902,45,16989
2020,4106902,46,23838
2020,4106902,47,98766
2020,4106902,49,26766
2020,4106902,50,20
2020,4106902,51,391
2020,4106902,52,5561
2020,4106902,53,3633
2020,4106902,55,2970
2020,4106902,56,26623
2020,4106902,58,3036
2020,4106902,59,397
2020,4106902,60,1479
2020,4106902,61,9516
2020,4106902,62,12408
2020,4106902,63,4116
2020,4106902,64,16718
2020,4106902,65,6383
2020,4106902,66,2215
2020,4106902,68,4092
2020,4106902,69,10634
2020,4106902,70,5021
2020,4106902,71,5165
2020,4106902,72,1019
2020,4106902,73,2839
2020,4106902,74,2696
2020,4106902,75,382
2020,4106902,77,5055
2020,4106902,78,27060
2020,4106902,79,1333
2020,4106902,80,20436
2020,4106902,81,40596
2020,4106902,82,44154
2020,4106902,84,180761
2020,4106902,85,39264
2020,4106902,86,45400
2020,4106902,87,1866
2020,4106902,88,2564
2020,4106902,90,526
2020,4106902,91,95
2020,4106902,92,31
2020,4106902,93,5060
2020,4106902,94,18517
2020,4106902,95,1946
2020,4106902,96,2696
2020,4106902,97,7
2020,4106902,99,21
2021,4106902,01,680
2021,4106902,02,287
2021,4106902,03,1
2021,4106902,05,1
2021,4106902,06,1
2021,4106902,08,77
2021,4106902,09,26
2021,4106902,10,9960
2021,4106902,11,1253
2021,4106902,13,1231
2021,4106902,14,1540
2021,4106902,15,815
2021,4106902,16,1355
2021,4106902,17,2601
2021,4106902,18,1816
2021,4106902,19,93
2021,4106902,20,2802
2021,4106902,21,156
2021,4106902,22,3789
2021,4106902,23,2453
2021,4106902,24,114
2021,4106902,25,5023
2021,4106902,26,3633
2021,4106902,27,7206
2021,4106902,28,8258
2021,4106902,29,10639
2021,4106902,30,69
2021,4106902,31,1554
2021,4106902,32,3153
2021,4106902,33,3565
2021,4106902,35,6551
2021,4106902,36,6573
2021,4106902,37,204
2021,4106902,38,5412
2021,4106902,39,46
2021,4106902,41,15805
2021,4106902,42,20900
2021,4106902,43,12251
2021,4106902,45,17777
2021,4106902,46,24719
2021,4106902,47,100858
2021,4106902,49,26832
2021,4106902,50,24
2021,4106902,51,387
2021,4106902,52,5727
2021,4106902,53,3431
2021,4106902,55,3032
2021,4106902,56,28626
2021,4106902,58,2964
2021,4106902,59,427
2021,4106902,60,1453
2021,4106902,61,8945
2021,4106902,62,15747
2021,4106902,63,4727
2021,4106902,64,18000
2021,4106902,65,6439
2021,4106902,66,2691
2021,4106902,68,4292
2021,4106902,69,10766
2021,4106902,70,4784
2021,4106902,71,5727
2021,4106902,72,731
2021,4106902,73,3189
2021,4106902,74,3439
2021,4106902,75,452
2021,4106902,77,5372
2021,4106902,78,29716
2021,4106902,79,1334
2021,4106902,80,19914
2021,4106902,81,41410
2021,4106902,82,47898
2021,4106902,84,193326
2021,4106902,85,38266
2021,4106902,86,46477
2021,4106902,87,1965
2021,4106902,88,2707
2021,4106902,90,262
2021,4106902,91,96
2021,4106902,92,15
2021,4106902,93,4789
2021,4106902,94,19323
2021,4106902,95,1893
2021,4106902,96,2967
2021,4106902,97,6
2021,4106902,99,25
2022,4106902,01,644
2022,4106902,02,336
2022,4106902,03,1
2022,4106902,06,1
2022,4106902,08,81
2022,4106902,09,27
2022,4106902,10,12268
2022,4106902,11,1355
2022,4106902,13,1323
2022,4106902,14,1973
2022,4106902,15,805
2022,4106902,16,1426
2022,4106902,17,2762
2022,4106902,18,1947
2022,4106902,19,81
2022,4106902,20,3201
2022,4106902,21,162
2022,4106902,22,3751
2022,4106902,23,2503
2022,4106902,24,180
2022,4106902,25,5493
2022,4106902,26,3753
2022,4106902,27,6626
2022,4106902,28,8645
2022,4106902,29,11198
2022,4106902,30,103
2022,4106902,31,1638
2022,4106902,32,3447
2022,4106902,33,4057
2022,4106902,35,6175
2022,4106902,36,6477
2022,4106902,37,270
2022,4106902,38,3068
2022,4106902,39,56
2022,4106902,41,16690
2022,4106902,42,15043
2022,4106902,43,14684
2022,4106902,45,18703
2022,4106902,46,26529
2022,4106902,47,104722
2022,4106902,49,27922
2022,4106902,50,4
2022,4106902,51,489
2022,4106902,52,6375
2022,4106902,53,3285
2022,4106902,55,3742
2022,4106902,56,34955
2022,4106902,58,3222
2022,4106902,59,472
2022,4106902,60,1468
2022,4106902,61,8180
2022,4106902,62,15920
2022,4106902,63,3823
2022,4106902,64,18296
2022,4106902,65,7151
2022,4106902,66,2923
2022,4106902,68,4449
2022,4106902,69,11535
2022,4106902,70,5211
2022,4106902,71,7290
2022,4106902,72,866
2022,4106902,73,3528
2022,4106902,74,3320
2022,4106902,75,464
2022,4106902,77,6355
2022,4106902,78,51958
2022,4106902,79,1535
2022,4106902,80,20834
2022,4106902,81,41025
2022,4106902,82,56802
2022,4106902,84,101314
2022,4106902,85,113277
2022,4106902,86,45982
2022,4106902,87,2246
2022,4106902,88,3499
2022,4106902,90,245
2022,4106902,91,63
2022,4106902,92,23
2022,4106902,93,5548
2022,4106902,94,12499
2022,4106902,95,2111
2022,4106902,96,3509
2022,4106902,97,9
2022,4106902,99,56
2023,4106902,01,621
2023,4106902,02,201
2023,4106902,03,1
2023,4106902,06,1
2023,4106902,08,59
2023,4106902,09,23
2023,4106902,10,12333
2023,4106902,11,1379
2023,4106902,13,1484
2023,4106902,14,2193
2023,4106902,15,571
2023,4106902,16,1434
2023,4106902,17,3010
2023,4106902,18,1924
2023,4106902,19,6
2023,4106902,20,3513
2023,4106902,21,171
2023,4106902,22,4016
2023,4106902,23,2465
2023,4106902,24,149
2023,4106902,25,5376
2023,4106902,26,3608
2023,4106902,27,5615
2023,4106902,28,8096
2023,4106902,29,10353
2023,4106902,30,118
2023,4106902,31,1535
2023,4106902,32,3624
2023,4106902,33,4089
2023,4106902,35,6113
2023,4106902,36,6401
2023,4106902,37,207
2023,4106902,38,2986
2023,4106902,39,100
2023,4106902,41,17922
2023,4106902,42,15591
2023,4106902,43,15159
2023,4106902,45,19063
2023,4106902,46,27091
2023,4106902,47,104256
2023,4106902,49,29132
2023,4106902,50,4
2023,4106902,51,449
2023,4106902,52,6096
2023,4106902,53,3087
2023,4106902,55,3857
2023,4106902,56,37925
2023,4106902,58,2892
2023,4106902,59,420
2023,4106902,60,1507
2023,4106902,61,7872
2023,4106902,62,14316
2023,4106902,63,3406
2023,4106902,64,17860
2023,4106902,65,6678
2023,4106902,66,3002
2023,4106902,68,4648
2023,4106902,69,11514
2023,4106902,70,5005
2023,4106902,71,7328
2023,4106902,72,875
2023,4106902,73,3061
2023,4106902,74,3162
2023,4106902,75,550
2023,4106902,77,7817
2023,4106902,78,56084
2023,4106902,79,1621
2023,4106902,80,21910
2023,4106902,81,37213
2023,4106902,82,60883
2023,4106902,84,98467
2023,4106902,85,142427
2023,4106902,86,46086
2023,4106902,87,2510
2023,4106902,88,3783
2023,4106902,90,229
2023,4106902,91,70
2023,4106902,92,23
2023,4106902,93,5840
2023,4106902,94,13410
2023,4106902,95,1712
2023,4106902,96,3517
2023,4106902,97,7
2023,4106902,99,52
2002,4314902,NA,553308
2003,4314902,NA,558883
2004,4314902,NA,576272
2005,4314902,NA,594322
2006,4314902,00,114549
2006,4314902,01,1276
2006,4314902,02,257
2006,4314902,05,57
2006,4314902,06,2
2006,4314902,07,15
2006,4314902,08,211
2006,4314902,10,3622
2006,4314902,11,1676
2006,4314902,12,367
2006,4314902,13,530
2006,4314902,14,2280
2006,4314902,15,263
2006,4314902,16,289
2006,4314902,17,594
2006,4314902,18,1792
2006,4314902,20,1977
2006,4314902,21,1011
2006,4314902,22,1485
2006,4314902,23,1913
2006,4314902,24,1364
2006,4314902,25,3795
2006,4314902,26,2236
2006,4314902,27,1617
2006,4314902,28,2534
2006,4314902,29,2843
2006,4314902,30,36
2006,4314902,31,600
2006,4314902,32,775
2006,4314902,33,2934
2006,4314902,35,3838
2006,4314902,36,3076
2006,4314902,37,1457
2006,4314902,38,431
2006,4314902,39,3
2006,4314902,41,9071
2006,4314902,42,7650
2006,4314902,43,3727
2006,4314902,45,9039
2006,4314902,46,14502
2006,4314902,47,72955
2006,4314902,49,19939
2006,4314902,50,407
2006,4314902,51,880
2006,4314902,52,4584
2006,4314902,53,3993
2006,4314902,55,3164
2006,4314902,56,20418
2006,4314902,58,5518
2006,4314902,59,579
2006,4314902,60,2127
2006,4314902,61,4080
2006,4314902,62,2856
2006,4314902,63,3817
2006,4314902,64,22215
2006,4314902,65,3114
2006,4314902,66,2129
2006,4314902,68,2759
2006,4314902,69,4983
2006,4314902,70,1313
2006,4314902,71,2113
2006,4314902,72,378
2006,4314902,73,1055
2006,4314902,74,940
2006,4314902,75,71
2006,4314902,77,1504
2006,4314902,78,6866
2006,4314902,79,1080
2006,4314902,80,11878
2006,4314902,81,20178
2006,4314902,82,12378
2006,4314902,84,96559
2006,4314902,85,23763
2006,4314902,86,40894
2006,4314902,87,2776
2006,4314902,88,1585
2006,4314902,90,195
2006,4314902,91,24
2006,4314902,92,216
2006,4314902,93,4051
2006,4314902,94,15326
2006,4314902,95,1775
2006,4314902,96,2653
2006,4314902,97,89
2006,4314902,99,75
2007,4314902,00,11837
2007,4314902,01,1201
2007,4314902,02,241
2007,4314902,03,2
2007,4314902,05,57
2007,4314902,07,13
2007,4314902,08,208
2007,4314902,10,3675
2007,4314902,11,1551
2007,4314902,12,390
2007,4314902,13,516
2007,4314902,14,2263
2007,4314902,15,311
2007,4314902,16,219
2007,4314902,17,820
2007,4314902,18,1784
2007,4314902,20,1733
2007,4314902,21,1112
2007,4314902,22,2326
2007,4314902,23,1058
2007,4314902,24,1574
2007,4314902,25,3808
2007,4314902,26,2651
2007,4314902,27,1947
2007,4314902,28,2851
2007,4314902,29,3198
2007,4314902,30,41
2007,4314902,31,758
2007,4314902,32,768
2007,4314902,33,2687
2007,4314902,35,3963
2007,4314902,36,2998
2007,4314902,37,1589
2007,4314902,38,345
2007,4314902,41,10141
2007,4314902,42,9282
2007,4314902,43,4248
2007,4314902,45,9996
2007,4314902,46,16113
2007,4314902,47,73932
2007,4314902,49,20164
2007,4314902,50,486
2007,4314902,51,1057
2007,4314902,52,4732
2007,4314902,53,4480
2007,4314902,55,3323
2007,4314902,56,22272
2007,4314902,58,4422
2007,4314902,59,644
2007,4314902,60,2106
2007,4314902,61,3445
2007,4314902,62,3641
2007,4314902,63,3774
2007,4314902,64,22003
2007,4314902,65,3308
2007,4314902,66,2608
2007,4314902,68,2871
2007,4314902,69,5594
2007,4314902,70,1396
2007,4314902,71,2569
2007,4314902,72,389
2007,4314902,73,1070
2007,4314902,74,959
2007,4314902,75,88
2007,4314902,77,1786
2007,4314902,78,7924
2007,4314902,79,1169
2007,4314902,80,15363
2007,4314902,81,21792
2007,4314902,82,14708
2007,4314902,84,95484
2007,4314902,85,123845
2007,4314902,86,40998
2007,4314902,87,2347
2007,4314902,88,2049
2007,4314902,90,268
2007,4314902,91,244
2007,4314902,92,69
2007,4314902,93,3997
2007,4314902,94,15646
2007,4314902,95,1952
2007,4314902,96,2853
2007,4314902,97,103
2007,4314902,99,65
2008,4314902,00,104014
2008,4314902,01,1142
2008,4314902,02,379
2008,4314902,03,1
2008,4314902,05,56
2008,4314902,06,16
2008,4314902,08,248
2008,4314902,09,4
2008,4314902,10,3945
2008,4314902,11,1614
2008,4314902,12,486
2008,4314902,13,443
2008,4314902,14,2224
2008,4314902,15,320
2008,4314902,16,279
2008,4314902,17,629
2008,4314902,18,2065
2008,4314902,19,9
2008,4314902,20,1725
2008,4314902,21,1041
2008,4314902,22,2209
2008,4314902,23,833
2008,4314902,24,1735
2008,4314902,25,4020
2008,4314902,26,2545
2008,4314902,27,2210
2008,4314902,28,2835
2008,4314902,29,3178
2008,4314902,30,179
2008,4314902,31,651
2008,4314902,32,1181
2008,4314902,33,2319
2008,4314902,35,2623
2008,4314902,36,3082
2008,4314902,37,553
2008,4314902,38,1445
2008,4314902,39,19
2008,4314902,41,13508
2008,4314902,42,11046
2008,4314902,43,5800
2008,4314902,45,10929
2008,4314902,46,17159
2008,4314902,47,79692
2008,4314902,49,20789
2008,4314902,50,450
2008,4314902,51,1101
2008,4314902,52,5372
2008,4314902,53,4719
2008,4314902,55,3258
2008,4314902,56,23795
2008,4314902,58,4871
2008,4314902,59,690
2008,4314902,60,2461
2008,4314902,61,3922
2008,4314902,62,3720
2008,4314902,63,3981
2008,4314902,64,20471
2008,4314902,65,2854
2008,4314902,66,2786
2008,4314902,68,2983
2008,4314902,69,6187
2008,4314902,70,1512
2008,4314902,71,3220
2008,4314902,72,869
2008,4314902,73,2920
2008,4314902,74,1017
2008,4314902,75,93
2008,4314902,77,1908
2008,4314902,78,6407
2008,4314902,79,1322
2008,4314902,80,15175
2008,4314902,81,23953
2008,4314902,82,17136
2008,4314902,84,95940
2008,4314902,85,24753
2008,4314902,86,41611
2008,4314902,87,2608
2008,4314902,88,2463
2008,4314902,90,331
2008,4314902,91,68
2008,4314902,92,71
2008,4314902,93,4053
2008,4314902,94,16752
2008,4314902,95,2353
2008,4314902,96,2746
2008,4314902,97,140
2008,4314902,99,42
2009,4314902,01,1062
2009,4314902,02,448
2009,4314902,03,2
2009,4314902,05,59
2009,4314902,06,13
2009,4314902,08,210
2009,4314902,09,4
2009,4314902,10,3595
2009,4314902,11,1905
2009,4314902,12,480
2009,4314902,13,394
2009,4314902,14,2203
2009,4314902,15,272
2009,4314902,16,177
2009,4314902,17,606
2009,4314902,18,1789
2009,4314902,20,1634
2009,4314902,21,1131
2009,4314902,22,2123
2009,4314902,23,681
2009,4314902,24,1364
2009,4314902,25,4347
2009,4314902,26,3165
2009,4314902,27,2152
2009,4314902,28,2667
2009,4314902,29,3233
2009,4314902,30,135
2009,4314902,31,587
2009,4314902,32,1263
2009,4314902,33,2106
2009,4314902,35,2790
2009,4314902,36,3040
2009,4314902,37,131
2009,4314902,38,2847
2009,4314902,39,18
2009,4314902,41,14882
2009,4314902,42,11580
2009,4314902,43,6797
2009,4314902,45,11508
2009,4314902,46,17821
2009,4314902,47,81511
2009,4314902,49,21159
2009,4314902,50,456
2009,4314902,51,1232
2009,4314902,52,5804
2009,4314902,53,4150
2009,4314902,55,3426
2009,4314902,56,24211
2009,4314902,58,5069
2009,4314902,59,731
2009,4314902,60,2409
2009,4314902,61,3898
2009,4314902,62,4228
2009,4314902,63,4118
2009,4314902,64,13784
2009,4314902,65,3091
2009,4314902,66,2746
2009,4314902,68,3247
2009,4314902,69,7058
2009,4314902,70,1792
2009,4314902,71,3561
2009,4314902,72,1016
2009,4314902,73,2324
2009,4314902,74,933
2009,4314902,75,77
2009,4314902,77,2152
2009,4314902,78,6929
2009,4314902,79,1371
2009,4314902,80,16748
2009,4314902,81,24869
2009,4314902,82,22570
2009,4314902,84,200525
2009,4314902,85,26042
2009,4314902,86,43659
2009,4314902,87,2668
2009,4314902,88,2484
2009,4314902,90,342
2009,4314902,91,137
2009,4314902,92,54
2009,4314902,93,4329
2009,4314902,94,16853
2009,4314902,95,2460
2009,4314902,96,2871
2009,4314902,97,150
2009,4314902,99,53
2010,4314902,01,1180
2010,4314902,02,436
2010,4314902,05,77
2010,4314902,06,14
2010,4314902,08,246
2010,4314902,09,3
2010,4314902,10,4386
2010,4314902,11,2189
2010,4314902,12,480
2010,4314902,13,408
2010,4314902,14,2017
2010,4314902,15,260
2010,4314902,16,269
2010,4314902,17,542
2010,4314902,18,1748
2010,4314902,19,3
2010,4314902,20,2005
2010,4314902,21,1110
2010,4314902,22,2389
2010,4314902,23,816
2010,4314902,24,1459
2010,4314902,25,4129
2010,4314902,26,3139
2010,4314902,27,2600
2010,4314902,28,3099
2010,4314902,29,3318
2010,4314902,30,192
2010,4314902,31,623
2010,4314902,32,1174
2010,4314902,33,2135
2010,4314902,35,2755
2010,4314902,36,3065
2010,4314902,37,115
2010,4314902,38,4198
2010,4314902,39,14
2010,4314902,41,17614
2010,4314902,42,12324
2010,4314902,43,7839
2010,4314902,45,12308
2010,4314902,46,18854
2010,4314902,47,85064
2010,4314902,49,22212
2010,4314902,50,438
2010,4314902,51,1390
2010,4314902,52,6423
2010,4314902,53,4132
2010,4314902,55,3699
2010,4314902,56,28875
2010,4314902,58,5038
2010,4314902,59,817
2010,4314902,60,2609
2010,4314902,61,3664
2010,4314902,62,5953
2010,4314902,63,3792
2010,4314902,64,11848
2010,4314902,65,2963
2010,4314902,66,3011
2010,4314902,68,3104
2010,4314902,69,8171
2010,4314902,70,2280
2010,4314902,71,4481
2010,4314902,72,1146
2010,4314902,73,2582
2010,4314902,74,1050
2010,4314902,75,69
2010,4314902,77,2746
2010,4314902,78,8373
2010,4314902,79,1584
2010,4314902,80,17926
2010,4314902,81,26118
2010,4314902,82,25965
2010,4314902,84,200556
2010,4314902,85,27590
2010,4314902,86,45061
2010,4314902,87,2881
2010,4314902,88,2549
2010,4314902,90,426
2010,4314902,91,133
2010,4314902,92,53
2010,4314902,93,4603
2010,4314902,94,17162
2010,4314902,95,2168
2010,4314902,96,3638
2010,4314902,97,181
2010,4314902,99,42
2011,4314902,01,1121
2011,4314902,02,443
2011,4314902,03,132
2011,4314902,05,78
2011,4314902,06,17
2011,4314902,08,363
2011,4314902,09,3
2011,4314902,10,3964
2011,4314902,11,1960
2011,4314902,12,542
2011,4314902,13,379
2011,4314902,14,2066
2011,4314902,15,252
2011,4314902,16,250
2011,4314902,17,505
2011,4314902,18,1899
2011,4314902,19,12
2011,4314902,20,1887
2011,4314902,21,1158
2011,4314902,22,2485
2011,4314902,23,853
2011,4314902,24,1352
2011,4314902,25,4420
2011,4314902,26,3261
2011,4314902,27,2926
2011,4314902,28,3117
2011,4314902,29,3172
2011,4314902,30,170
2011,4314902,31,621
2011,4314902,32,1210
2011,4314902,33,2186
2011,4314902,35,2920
2011,4314902,36,2970
2011,4314902,37,203
2011,4314902,38,3790
2011,4314902,39,23
2011,4314902,41,17331
2011,4314902,42,13419
2011,4314902,43,9424
2011,4314902,45,12922
2011,4314902,46,20078
2011,4314902,47,83309
2011,4314902,49,23022
2011,4314902,50,415
2011,4314902,51,1557
2011,4314902,52,6455
2011,4314902,53,4625
2011,4314902,55,4130
2011,4314902,56,27652
2011,4314902,58,4592
2011,4314902,59,846
2011,4314902,60,2622
2011,4314902,61,3783
2011,4314902,62,7136
2011,4314902,63,4107
2011,4314902,64,14895
2011,4314902,65,3196
2011,4314902,66,2636
2011,4314902,68,3145
2011,4314902,69,9454
2011,4314902,70,2246
2011,4314902,71,4995
2011,4314902,72,1141
2011,4314902,73,3043
2011,4314902,74,1209
2011,4314902,75,85
2011,4314902,77,2945
2011,4314902,78,8201
2011,4314902,79,1773
2011,4314902,80,18934
2011,4314902,81,29501
2011,4314902,82,25880
2011,4314902,84,198669
2011,4314902,85,25983
2011,4314902,86,46477
2011,4314902,87,3210
2011,4314902,88,2537
2011,4314902,90,449
2011,4314902,91,171
2011,4314902,92,33
2011,4314902,93,4741
2011,4314902,94,19277
2011,4314902,95,2696
2011,4314902,96,3244
2011,4314902,97,235
2011,4314902,99,60
2012,4314902,01,1130
2012,4314902,02,417
2012,4314902,05,79
2012,4314902,06,18
2012,4314902,07,2
2012,4314902,08,341
2012,4314902,09,3
2012,4314902,10,4018
2012,4314902,11,2001
2012,4314902,12,499
2012,4314902,13,366
2012,4314902,14,2040
2012,4314902,15,287
2012,4314902,16,236
2012,4314902,17,331
2012,4314902,18,1869
2012,4314902,19,12
2012,4314902,20,1875
2012,4314902,21,1139
2012,4314902,22,2421
2012,4314902,23,928
2012,4314902,24,1226
2012,4314902,25,4542
2012,4314902,26,3090
2012,4314902,27,2715
2012,4314902,28,2969
2012,4314902,29,3293
2012,4314902,30,148
2012,4314902,31,581
2012,4314902,32,1268
2012,4314902,33,2354
2012,4314902,35,2802
2012,4314902,36,2976
2012,4314902,37,206
2012,4314902,38,4331
2012,4314902,39,24
2012,4314902,41,17262
2012,4314902,42,12498
2012,4314902,43,10434
2012,4314902,45,13123
2012,4314902,46,19714
2012,4314902,47,85769
2012,4314902,49,23964
2012,4314902,50,492
2012,4314902,51,1767
2012,4314902,52,6914
2012,4314902,53,4914
2012,4314902,55,4624
2012,4314902,56,28048
2012,4314902,58,4348
2012,4314902,59,732
2012,4314902,60,2519
2012,4314902,61,4069
2012,4314902,62,7925
2012,4314902,63,5243
2012,4314902,64,15147
2012,4314902,65,3532
2012,4314902,66,2314
2012,4314902,68,3477
2012,4314902,69,10157
2012,4314902,70,1556
2012,4314902,71,5538
2012,4314902,72,1160
2012,4314902,73,3009
2012,4314902,74,1239
2012,4314902,75,77
2012,4314902,77,3014
2012,4314902,78,9456
2012,4314902,79,1842
2012,4314902,80,19064
2012,4314902,81,30916
2012,4314902,82,28757
2012,4314902,84,203787
2012,4314902,85,29954
2012,4314902,86,50495
2012,4314902,87,2994
2012,4314902,88,2415
2012,4314902,90,365
2012,4314902,91,208
2012,4314902,92,26
2012,4314902,93,5114
2012,4314902,94,18152
2012,4314902,95,2893
2012,4314902,96,3345
2012,4314902,97,173
2012,4314902,99,56
2013,4314902,01,1278
2013,4314902,02,440
2013,4314902,05,71
2013,4314902,06,15
2013,4314902,07,2
2013,4314902,08,347
2013,4314902,09,3
2013,4314902,10,3664
2013,4314902,11,2207
2013,4314902,12,450
2013,4314902,13,350
2013,4314902,14,2373
2013,4314902,15,280
2013,4314902,16,211
2013,4314902,17,335
2013,4314902,18,1655
2013,4314902,19,4
2013,4314902,20,1940
2013,4314902,21,1190
2013,4314902,22,2498
2013,4314902,23,889
2013,4314902,24,1102
2013,4314902,25,4214
2013,4314902,26,2826
2013,4314902,27,2452
2013,4314902,28,2840
2013,4314902,29,3200
2013,4314902,30,166
2013,4314902,31,569
2013,4314902,32,1606
2013,4314902,33,2465
2013,4314902,35,2712
2013,4314902,36,3005
2013,4314902,37,218
2013,4314902,38,3753
2013,4314902,39,27
2013,4314902,41,17366
2013,4314902,42,11283
2013,4314902,43,12567
2013,4314902,45,12985
2013,4314902,46,19825
2013,4314902,47,87866
2013,4314902,49,24880
2013,4314902,50,502
2013,4314902,51,1858
2013,4314902,52,6662
2013,4314902,53,4776
2013,4314902,55,4885
2013,4314902,56,28410
2013,4314902,58,3929
2013,4314902,59,716
2013,4314902,60,2417
2013,4314902,61,4154
2013,4314902,62,8640
2013,4314902,63,5083
2013,4314902,64,15391
2013,4314902,65,3678
2013,4314902,66,2495
2013,4314902,68,3992
2013,4314902,69,10326
2013,4314902,70,1772
2013,4314902,71,6097
2013,4314902,72,1271
2013,4314902,73,3202
2013,4314902,74,1256
2013,4314902,75,96
2013,4314902,77,2737
2013,4314902,78,5770
2013,4314902,79,2018
2013,4314902,80,19785
2013,4314902,81,34808
2013,4314902,82,24956
2013,4314902,84,198821
2013,4314902,85,31390
2013,4314902,86,52694
2013,4314902,87,3347
2013,4314902,88,2946
2013,4314902,90,383
2013,4314902,91,228
2013,4314902,92,26
2013,4314902,93,5132
2013,4314902,94,20407
2013,4314902,95,2628
2013,4314902,96,3144
2013,4314902,97,72
2013,4314902,99,60
2014,4314902,01,1115
2014,4314902,02,622
2014,4314902,05,85
2014,4314902,06,16
2014,4314902,08,344
2014,4314902,09,2
2014,4314902,10,3383
2014,4314902,11,2284
2014,4314902,12,459
2014,4314902,13,394
2014,4314902,14,2078
2014,4314902,15,273
2014,4314902,16,207
2014,4314902,17,323
2014,4314902,18,1813
2014,4314902,19,5
2014,4314902,20,1825
2014,4314902,21,1186
2014,4314902,22,2563
2014,4314902,23,1082
2014,4314902,24,930
2014,4314902,25,3384
2014,4314902,26,2490
2014,4314902,27,1713
2014,4314902,28,2831
2014,4314902,29,2825
2014,4314902,30,238
2014,4314902,31,542
2014,4314902,32,1733
2014,4314902,33,2796
2014,4314902,35,2332
2014,4314902,36,2926
2014,4314902,37,239
2014,4314902,38,4131
2014,4314902,39,21
2014,4314902,41,17785
2014,4314902,42,11432
2014,4314902,43,12258
2014,4314902,45,12425
2014,4314902,46,20974
2014,4314902,47,87069
2014,4314902,49,24211
2014,4314902,50,507
2014,4314902,51,1766
2014,4314902,52,6837
2014,4314902,53,4740
2014,4314902,55,4738
2014,4314902,56,30093
2014,4314902,58,3540
2014,4314902,59,745
2014,4314902,60,2710
2014,4314902,61,2962
2014,4314902,62,9685
2014,4314902,63,6233
2014,4314902,64,15310
2014,4314902,65,3748
2014,4314902,66,2418
2014,4314902,68,4533
2014,4314902,69,10429
2014,4314902,70,1530
2014,4314902,71,6243
2014,4314902,72,1477
2014,4314902,73,3202
2014,4314902,74,1832
2014,4314902,75,114
2014,4314902,77,2677
2014,4314902,78,6807
2014,4314902,79,2105
2014,4314902,80,22011
2014,4314902,81,38852
2014,4314902,82,22001
2014,4314902,84,200455
2014,4314902,85,33153
2014,4314902,86,53615
2014,4314902,87,3624
2014,4314902,88,5600
2014,4314902,90,412
2014,4314902,91,244
2014,4314902,92,8
2014,4314902,93,5534
2014,4314902,94,16475
2014,4314902,95,2433
2014,4314902,96,3280
2014,4314902,97,65
2014,4314902,99,39
2015,4314902,01,1171
2015,4314902,02,708
2015,4314902,05,81
2015,4314902,06,21
2015,4314902,08,296
2015,4314902,09,2
2015,4314902,10,3513
2015,4314902,11,2269
2015,4314902,12,470
2015,4314902,13,336
2015,4314902,14,1468
2015,4314902,15,237
2015,4314902,16,230
2015,4314902,17,321
2015,4314902,18,1648
2015,4314902,19,6
2015,4314902,20,1721
2015,4314902,21,1153
2015,4314902,22,2220
2015,4314902,23,933
2015,4314902,24,726
2015,4314902,25,1938
2015,4314902,26,2049
2015,4314902,27,1443
2015,4314902,28,2449
2015,4314902,29,2444
2015,4314902,30,209
2015,4314902,31,477
2015,4314902,32,1764
2015,4314902,33,2551
2015,4314902,35,2255
2015,4314902,36,2896
2015,4314902,37,721
2015,4314902,38,2730
2015,4314902,39,18
2015,4314902,41,14702
2015,4314902,42,10676
2015,4314902,43,10948
2015,4314902,45,11949
2015,4314902,46,20404
2015,4314902,47,84272
2015,4314902,49,23646
2015,4314902,50,518
2015,4314902,51,2040
2015,4314902,52,6187
2015,4314902,53,4279
2015,4314902,55,4800
2015,4314902,56,29048
2015,4314902,58,2988
2015,4314902,59,667
2015,4314902,60,2527
2015,4314902,61,3112
2015,4314902,62,10025
2015,4314902,63,5230
2015,4314902,64,14933
2015,4314902,65,3819
2015,4314902,66,2610
2015,4314902,68,4498
2015,4314902,69,10162
2015,4314902,70,1604
2015,4314902,71,4693
2015,4314902,72,1263
2015,4314902,73,2782
2015,4314902,74,1071
2015,4314902,75,142
2015,4314902,77,2536
2015,4314902,78,5495
2015,4314902,79,1728
2015,4314902,80,19108
2015,4314902,81,38725
2015,4314902,82,23787
2015,4314902,84,192073
2015,4314902,85,33407
2015,4314902,86,55384
2015,4314902,87,4197
2015,4314902,88,5385
2015,4314902,90,449
2015,4314902,91,314
2015,4314902,92,5
2015,4314902,93,5579
2015,4314902,94,17307
2015,4314902,95,2460
2015,4314902,96,3251
2015,4314902,97,62
2015,4314902,99,38
2016,4314902,01,995
2016,4314902,02,680
2016,4314902,05,69
2016,4314902,06,19
2016,4314902,08,178
2016,4314902,09,2
2016,4314902,10,3621
2016,4314902,11,2195
2016,4314902,12,515
2016,4314902,13,312
2016,4314902,14,1406
2016,4314902,15,193
2016,4314902,16,170
2016,4314902,17,319
2016,4314902,18,1492
2016,4314902,19,5
2016,4314902,20,1640
2016,4314902,21,1065
2016,4314902,22,2169
2016,4314902,23,830
2016,4314902,24,673
2016,4314902,25,1629
2016,4314902,26,1865
2016,4314902,27,843
2016,4314902,28,2096
2016,4314902,29,2318
2016,4314902,30,187
2016,4314902,31,347
2016,4314902,32,1514
2016,4314902,33,2525
2016,4314902,35,2032
2016,4314902,36,2814
2016,4314902,37,716
2016,4314902,38,2126
2016,4314902,39,19
2016,4314902,41,12024
2016,4314902,42,10551
2016,4314902,43,9845
2016,4314902,45,11332
2016,4314902,46,19101
2016,4314902,47,81899
2016,4314902,49,22398
2016,4314902,50,540
2016,4314902,51,2024
2016,4314902,52,5274
2016,4314902,53,4058
2016,4314902,55,4325
2016,4314902,56,27876
2016,4314902,58,2508
2016,4314902,59,613
2016,4314902,60,2275
2016,4314902,61,2789
2016,4314902,62,9930
2016,4314902,63,5378
2016,4314902,64,14126
2016,4314902,65,3687
2016,4314902,66,2516
2016,4314902,68,4605
2016,4314902,69,9922
2016,4314902,70,1684
2016,4314902,71,3923
2016,4314902,72,966
2016,4314902,73,2663
2016,4314902,74,998
2016,4314902,75,197
2016,4314902,77,2411
2016,4314902,78,5746
2016,4314902,79,1678
2016,4314902,80,18863
2016,4314902,81,36570
2016,4314902,82,23004
2016,4314902,84,185091
2016,4314902,85,33221
2016,4314902,86,56240
2016,4314902,87,4280
2016,4314902,88,5321
2016,4314902,90,421
2016,4314902,91,219
2016,4314902,92,4
2016,4314902,93,5482
2016,4314902,94,17071
2016,4314902,95,2286
2016,4314902,96,3020
2016,4314902,97,39
2016,4314902,99,31
2017,4314902,01,1061
2017,4314902,02,390
2017,4314902,05,64
2017,4314902,06,20
2017,4314902,08,173
2017,4314902,09,2
2017,4314902,10,3231
2017,4314902,11,1200
2017,4314902,13,534
2017,4314902,14,1349
2017,4314902,15,183
2017,4314902,16,161
2017,4314902,17,268
2017,4314902,18,1451
2017,4314902,19,4
2017,4314902,20,1638
2017,4314902,21,1073
2017,4314902,22,1886
2017,4314902,23,636
2017,4314902,24,617
2017,4314902,25,1556
2017,4314902,26,1800
2017,4314902,27,720
2017,4314902,28,1846
2017,4314902,29,2705
2017,4314902,30,94
2017,4314902,31,362
2017,4314902,32,1489
2017,4314902,33,2420
2017,4314902,35,1906
2017,4314902,36,2667
2017,4314902,37,142
2017,4314902,38,1656
2017,4314902,39,23
2017,4314902,41,10734
2017,4314902,42,8732
2017,4314902,43,9309
2017,4314902,45,11349
2017,4314902,46,20628
2017,4314902,47,80664
2017,4314902,49,21466
2017,4314902,50,532
2017,4314902,51,1973
2017,4314902,52,5230
2017,4314902,53,3675
2017,4314902,55,4121
2017,4314902,56,27536
2017,4314902,58,2607
2017,4314902,59,617
2017,4314902,60,2069
2017,4314902,61,2598
2017,4314902,62,10185
2017,4314902,63,4803
2017,4314902,64,13760
2017,4314902,65,3763
2017,4314902,66,2154
2017,4314902,68,4378
2017,4314902,69,9786
2017,4314902,70,2280
2017,4314902,71,3876
2017,4314902,72,249
2017,4314902,73,2891
2017,4314902,74,1108
2017,4314902,75,230
2017,4314902,77,2358
2017,4314902,78,6222
2017,4314902,79,1688
2017,4314902,80,18754
2017,4314902,81,35882
2017,4314902,82,21621
2017,4314902,84,179014
2017,4314902,85,33856
2017,4314902,86,56419
2017,4314902,87,3515
2017,4314902,88,5162
2017,4314902,90,336
2017,4314902,91,299
2017,4314902,92,2
2017,4314902,93,5249
2017,4314902,94,16108
2017,4314902,95,1607
2017,4314902,96,2936
2017,4314902,97,20
2017,4314902,99,64
2018,4314902,01,923
2018,4314902,02,393
2018,4314902,03,4
2018,4314902,05,59
2018,4314902,06,19
2018,4314902,08,175
2018,4314902,09,1
2018,4314902,10,3418
2018,4314902,11,823
2018,4314902,13,512
2018,4314902,14,1327
2018,4314902,15,162
2018,4314902,16,212
2018,4314902,17,371
2018,4314902,18,1198
2018,4314902,19,5
2018,4314902,20,1402
2018,4314902,21,1063
2018,4314902,22,1862
2018,4314902,23,512
2018,4314902,24,391
2018,4314902,25,1239
2018,4314902,26,1460
2018,4314902,27,852
2018,4314902,28,1702
2018,4314902,29,2707
2018,4314902,30,87
2018,4314902,31,267
2018,4314902,32,1557
2018,4314902,33,1739
2018,4314902,35,1791
2018,4314902,36,2576
2018,4314902,37,581
2018,4314902,38,2315
2018,4314902,39,28
2018,4314902,41,10768
2018,4314902,42,8667
2018,4314902,43,10460
2018,4314902,45,11376
2018,4314902,46,17495
2018,4314902,47,78334
2018,4314902,49,21388
2018,4314902,50,512
2018,4314902,51,1973
2018,4314902,52,5221
2018,4314902,53,3434
2018,4314902,55,3769
2018,4314902,56,27117
2018,4314902,58,2389
2018,4314902,59,535
2018,4314902,60,2009
2018,4314902,61,2459
2018,4314902,62,10672
2018,4314902,63,5076
2018,4314902,64,13773
2018,4314902,65,4029
2018,4314902,66,2161
2018,4314902,68,4400
2018,4314902,69,10162
2018,4314902,70,1847
2018,4314902,71,3636
2018,4314902,72,213
2018,4314902,73,2683
2018,4314902,74,2238
2018,4314902,75,229
2018,4314902,77,2387
2018,4314902,78,7409
2018,4314902,79,1625
2018,4314902,80,19031
2018,4314902,81,34177
2018,4314902,82,23449
2018,4314902,84,174449
2018,4314902,85,33728
2018,4314902,86,55961
2018,4314902,87,3604
2018,4314902,88,5237
2018,4314902,90,343
2018,4314902,91,105
2018,4314902,92,3
2018,4314902,93,5502
2018,4314902,94,15353
2018,4314902,95,1509
2018,4314902,96,2905
2018,4314902,97,26
2018,4314902,99,37
2019,4314902,01,921
2019,4314902,02,435
2019,4314902,05,55
2019,4314902,06,12
2019,4314902,08,197
2019,4314902,10,3025
2019,4314902,11,1758
2019,4314902,13,463
2019,4314902,14,1173
2019,4314902,15,111
2019,4314902,16,194
2019,4314902,17,399
2019,4314902,18,1165
2019,4314902,19,4
2019,4314902,20,1307
2019,4314902,21,1176
2019,4314902,22,1747
2019,4314902,23,540
2019,4314902,24,399
2019,4314902,25,1099
2019,4314902,26,1510
2019,4314902,27,833
2019,4314902,28,1673
2019,4314902,29,2776
2019,4314902,30,78
2019,4314902,31,248
2019,4314902,32,1573
2019,4314902,33,1657
2019,4314902,35,1824
2019,4314902,36,2630
2019,4314902,37,170
2019,4314902,38,1526
2019,4314902,39,8
2019,4314902,41,11331
2019,4314902,42,7259
2019,4314902,43,7905
2019,4314902,45,10879
2019,4314902,46,15640
2019,4314902,47,77295
2019,4314902,49,23525
2019,4314902,50,514
2019,4314902,51,2051
2019,4314902,52,5824
2019,4314902,53,3524
2019,4314902,55,3694
2019,4314902,56,26040
2019,4314902,58,2377
2019,4314902,59,618
2019,4314902,60,1754
2019,4314902,61,3100
2019,4314902,62,11878
2019,4314902,63,4484
2019,4314902,64,13801
2019,4314902,65,3681
2019,4314902,66,2130
2019,4314902,68,4326
2019,4314902,69,9667
2019,4314902,70,1640
2019,4314902,71,3631
2019,4314902,72,138
2019,4314902,73,2293
2019,4314902,74,1435
2019,4314902,75,280
2019,4314902,77,2634
2019,4314902,78,6615
2019,4314902,79,1497
2019,4314902,80,18601
2019,4314902,81,35778
2019,4314902,82,26264
2019,4314902,84,167682
2019,4314902,85,33437
2019,4314902,86,56675
2019,4314902,87,4391
2019,4314902,88,5131
2019,4314902,90,312
2019,4314902,91,80
2019,4314902,93,5446
2019,4314902,94,14666
2019,4314902,95,1498
2019,4314902,96,3347
2019,4314902,97,16
2019,4314902,99,36
2020,4314902,01,909
2020,4314902,02,273
2020,4314902,05,60
2020,4314902,06,11
2020,4314902,08,228
2020,4314902,10,2640
2020,4314902,11,1703
2020,4314902,13,486
2020,4314902,14,964
2020,4314902,15,99
2020,4314902,16,161
2020,4314902,17,355
2020,4314902,18,954
2020,4314902,19,4
2020,4314902,20,1435
2020,4314902,21,1176
2020,4314902,22,1847
2020,4314902,23,535
2020,4314902,24,447
2020,4314902,25,1106
2020,4314902,26,1247
2020,4314902,27,854
2020,4314902,28,1624
2020,4314902,29,2661
2020,4314902,30,14
2020,4314902,31,218
2020,4314902,32,1416
2020,4314902,33,1502
2020,4314902,35,1759
2020,4314902,36,2470
2020,4314902,37,172
2020,4314902,38,1119
2020,4314902,39,9
2020,4314902,41,11241
2020,4314902,42,7444
2020,4314902,43,7762
2020,4314902,45,9871
2020,4314902,46,15137
2020,4314902,47,72169
2020,4314902,49,20993
2020,4314902,50,506
2020,4314902,51,1620
2020,4314902,52,5390
2020,4314902,53,3292
2020,4314902,55,2380
2020,4314902,56,18769
2020,4314902,58,1982
2020,4314902,59,535
2020,4314902,60,1607
2020,4314902,61,3061
2020,4314902,62,13420
2020,4314902,63,4445
2020,4314902,64,12611
2020,4314902,65,3312
2020,4314902,66,2149
2020,4314902,68,5165
2020,4314902,69,9408
2020,4314902,70,1355
2020,4314902,71,3917
2020,4314902,72,317
2020,4314902,73,1938
2020,4314902,74,1348
2020,4314902,75,273
2020,4314902,77,2214
2020,4314902,78,8749
2020,4314902,79,908
2020,4314902,80,18204
2020,4314902,81,33275
2020,4314902,82,25307
2020,4314902,84,168476
2020,4314902,85,30984
2020,4314902,86,57798
2020,4314902,87,4338
2020,4314902,88,4616
2020,4314902,90,306
2020,4314902,91,67
2020,4314902,92,4
2020,4314902,93,4633
2020,4314902,94,13699
2020,4314902,95,1303
2020,4314902,96,2881
2020,4314902,97,8
2020,4314902,99,38
2021,4314902,01,989
2021,4314902,02,292
2021,4314902,05,58
2021,4314902,06,14
2021,4314902,08,268
2021,4314902,10,2739
2021,4314902,11,1753
2021,4314902,13,507
2021,4314902,14,1079
2021,4314902,15,88
2021,4314902,16,178
2021,4314902,17,365
2021,4314902,18,903
2021,4314902,19,3
2021,4314902,20,1528
2021,4314902,21,1140
2021,4314902,22,1724
2021,4314902,23,615
2021,4314902,24,521
2021,4314902,25,1138
2021,4314902,26,1227
2021,4314902,27,1033
2021,4314902,28,1783
2021,4314902,29,2636
2021,4314902,30,10
2021,4314902,31,216
2021,4314902,32,1461
2021,4314902,33,1673
2021,4314902,35,1783
2021,4314902,36,2457
2021,4314902,37,147
2021,4314902,38,1251
2021,4314902,41,9507
2021,4314902,42,6155
2021,4314902,43,8681
2021,4314902,45,10314
2021,4314902,46,15187
2021,4314902,47,74940
2021,4314902,49,19703
2021,4314902,50,526
2021,4314902,51,1473
2021,4314902,52,5854
2021,4314902,53,2962
2021,4314902,55,2553
2021,4314902,56,19026
2021,4314902,58,2033
2021,4314902,59,549
2021,4314902,60,1516
2021,4314902,61,2929
2021,4314902,62,16096
2021,4314902,63,5061
2021,4314902,64,13158
2021,4314902,65,3094
2021,4314902,66,2266
2021,4314902,68,5615
2021,4314902,69,9684
2021,4314902,70,1569
2021,4314902,71,4256
2021,4314902,72,363
2021,4314902,73,2012
2021,4314902,74,1813
2021,4314902,75,357
2021,4314902,77,2351
2021,4314902,78,9409
2021,4314902,79,798
2021,4314902,80,17526
2021,4314902,81,30727
2021,4314902,82,25244
2021,4314902,84,167332
2021,4314902,85,31134
2021,4314902,86,60048
2021,4314902,87,5095
2021,4314902,88,4120
2021,4314902,90,202
2021,4314902,91,19
2021,4314902,92,4
2021,4314902,93,4611
2021,4314902,94,13414
2021,4314902,95,1241
2021,4314902,96,2847
2021,4314902,97,4
2021,4314902,99,36
2022,4314902,01,1172
2022,4314902,02,168
2022,4314902,03,2
2022,4314902,05,55
2022,4314902,06,11
2022,4314902,08,329
2022,4314902,10,3298
2022,4314902,11,1847
2022,4314902,13,503
2022,4314902,14,1223
2022,4314902,15,627
2022,4314902,16,163
2022,4314902,17,430
2022,4314902,18,966
2022,4314902,19,4
2022,4314902,20,1506
2022,4314902,21,1282
2022,4314902,22,1681
2022,4314902,23,644
2022,4314902,24,534
2022,4314902,25,1320
2022,4314902,26,1265
2022,4314902,27,960
2022,4314902,28,1769
2022,4314902,29,2246
2022,4314902,30,27
2022,4314902,31,234
2022,4314902,32,1516
2022,4314902,33,1818
2022,4314902,35,1137
2022,4314902,36,2364
2022,4314902,37,147
2022,4314902,38,709
2022,4314902,41,12204
2022,4314902,42,6087
2022,4314902,43,11137
2022,4314902,45,10860
2022,4314902,46,16356
2022,4314902,47,77245
2022,4314902,49,18585
2022,4314902,50,507
2022,4314902,51,1504
2022,4314902,52,6834
2022,4314902,53,3250
2022,4314902,55,2861
2022,4314902,56,24197
2022,4314902,58,1948
2022,4314902,59,677
2022,4314902,60,1568
2022,4314902,61,2797
2022,4314902,62,18496
2022,4314902,63,5404
2022,4314902,64,13206
2022,4314902,65,3289
2022,4314902,66,2413
2022,4314902,68,4978
2022,4314902,69,10536
2022,4314902,70,1759
2022,4314902,71,4603
2022,4314902,72,392
2022,4314902,73,2264
2022,4314902,74,2154
2022,4314902,75,494
2022,4314902,77,3023
2022,4314902,78,7305
2022,4314902,79,986
2022,4314902,80,19000
2022,4314902,81,30346
2022,4314902,82,25603
2022,4314902,84,164471
2022,4314902,85,35326
2022,4314902,86,61243
2022,4314902,87,6959
2022,4314902,88,4397
2022,4314902,90,419
2022,4314902,91,25
2022,4314902,93,5402
2022,4314902,94,14302
2022,4314902,95,1390
2022,4314902,96,3270
2022,4314902,97,7
2022,4314902,99,40
2023,4314902,01,1256
2023,4314902,02,73
2023,4314902,03,2
2023,4314902,05,54
2023,4314902,08,147
2023,4314902,10,2936
2023,4314902,11,2021
2023,4314902,13,568
2023,4314902,14,1234
2023,4314902,15,337
2023,4314902,16,178
2023,4314902,17,435
2023,4314902,18,910
2023,4314902,19,5
2023,4314902,20,1614
2023,4314902,21,1344
2023,4314902,22,1710
2023,4314902,23,585
2023,4314902,24,510
2023,4314902,25,1467
2023,4314902,26,1143
2023,4314902,27,927
2023,4314902,28,1841
2023,4314902,29,2227
2023,4314902,30,21
2023,4314902,31,211
2023,4314902,32,1504
2023,4314902,33,1975
2023,4314902,35,1112
2023,4314902,36,2230
2023,4314902,37,119
2023,4314902,38,1666
2023,4314902,41,11212
2023,4314902,42,5322
2023,4314902,43,11450
2023,4314902,45,10858
2023,4314902,46,15925
2023,4314902,47,76643
2023,4314902,49,18263
2023,4314902,50,502
2023,4314902,51,1506
2023,4314902,52,6551
2023,4314902,53,3026
2023,4314902,55,3024
2023,4314902,56,28170
2023,4314902,58,1884
2023,4314902,59,727
2023,4314902,60,1611
2023,4314902,61,3227
2023,4314902,62,18001
2023,4314902,63,4966
2023,4314902,64,13653
2023,4314902,65,3480
2023,4314902,66,2364
2023,4314902,68,4937
2023,4314902,69,10784
2023,4314902,70,2339
2023,4314902,71,4618
2023,4314902,72,349
2023,4314902,73,2211
2023,4314902,74,1581
2023,4314902,75,486
2023,4314902,77,3619
2023,4314902,78,7075
2023,4314902,79,1160
2023,4314902,80,23089
2023,4314902,81,29212
2023,4314902,82,30993
2023,4314902,84,185648
2023,4314902,85,37417
2023,4314902,86,63338
2023,4314902,87,7562
2023,4314902,88,4536
2023,4314902,90,459
2023,4314902,91,491
2023,4314902,92,5
2023,4314902,93,5434
2023,4314902,94,14912
2023,4314902,95,1233
2023,4314902,96,2755
2023,4314902,97,8
2023,4314902,99,55
2002,5002704,NA,170479
2003,5002704,NA,169457
2004,5002704,NA,179488
2005,5002704,NA,196839
2006,5002704,00,216
2006,5002704,01,4184
2006,5002704,02,155
2006,5002704,03,1
2006,5002704,05,27
2006,5002704,06,22
2006,5002704,08,120
2006,5002704,10,3131
2006,5002704,11,722
2006,5002704,12,29
2006,5002704,13,169
2006,5002704,14,1093
2006,5002704,15,874
2006,5002704,16,596
2006,5002704,17,197
2006,5002704,18,634
2006,5002704,19,24
2006,5002704,20,239
2006,5002704,21,86
2006,5002704,22,441
2006,5002704,23,647
2006,5002704,24,68
2006,5002704,25,584
2006,5002704,26,9
2006,5002704,27,41
2006,5002704,28,353
2006,5002704,29,122
2006,5002704,31,225
2006,5002704,32,154
2006,5002704,33,274
2006,5002704,35,702
2006,5002704,36,1303
2006,5002704,37,59
2006,5002704,38,38
2006,5002704,41,5720
2006,5002704,42,3773
2006,5002704,43,1418
2006,5002704,45,5642
2006,5002704,46,4720
2006,5002704,47,26187
2006,5002704,49,6708
2006,5002704,50,27
2006,5002704,51,106
2006,5002704,52,783
2006,5002704,53,1258
2006,5002704,55,1112
2006,5002704,56,3579
2006,5002704,58,619
2006,5002704,59,135
2006,5002704,60,572
2006,5002704,61,524
2006,5002704,62,996
2006,5002704,63,669
2006,5002704,64,2561
2006,5002704,65,687
2006,5002704,66,250
2006,5002704,68,238
2006,5002704,69,760
2006,5002704,70,128
2006,5002704,71,382
2006,5002704,72,318
2006,5002704,73,306
2006,5002704,74,231
2006,5002704,75,45
2006,5002704,77,644
2006,5002704,78,1658
2006,5002704,79,321
2006,5002704,80,3231
2006,5002704,81,6253
2006,5002704,82,5760
2006,5002704,84,69901
2006,5002704,85,7142
2006,5002704,86,11144
2006,5002704,87,94
2006,5002704,88,353
2006,5002704,90,244
2006,5002704,91,3
2006,5002704,92,127
2006,5002704,93,639
2006,5002704,94,7813
2006,5002704,95,500
2006,5002704,96,1151
2006,5002704,97,80
2006,5002704,99,9
2007,5002704,00,3149
2007,5002704,01,4303
2007,5002704,02,217
2007,5002704,05,9
2007,5002704,08,159
2007,5002704,10,4090
2007,5002704,11,622
2007,5002704,12,31
2007,5002704,13,217
2007,5002704,14,1498
2007,5002704,15,856
2007,5002704,16,566
2007,5002704,17,197
2007,5002704,18,479
2007,5002704,19,627
2007,5002704,20,261
2007,5002704,21,166
2007,5002704,22,502
2007,5002704,23,582
2007,5002704,24,202
2007,5002704,25,697
2007,5002704,26,93
2007,5002704,27,24
2007,5002704,28,390
2007,5002704,29,182
2007,5002704,30,7
2007,5002704,31,235
2007,5002704,32,144
2007,5002704,33,152
2007,5002704,35,701
2007,5002704,36,1281
2007,5002704,37,38
2007,5002704,38,35
2007,5002704,39,2
2007,5002704,41,7346
2007,5002704,42,5239
2007,5002704,43,1779
2007,5002704,45,5854
2007,5002704,46,5086
2007,5002704,47,27722
2007,5002704,49,6847
2007,5002704,50,14
2007,5002704,51,208
2007,5002704,52,755
2007,5002704,53,1467
2007,5002704,55,1055
2007,5002704,56,4220
2007,5002704,58,548
2007,5002704,59,122
2007,5002704,60,760
2007,5002704,61,628
2007,5002704,62,1095
2007,5002704,63,432
2007,5002704,64,2768
2007,5002704,65,853
2007,5002704,66,319
2007,5002704,68,201
2007,5002704,69,865
2007,5002704,70,229
2007,5002704,71,423
2007,5002704,72,207
2007,5002704,73,342
2007,5002704,74,227
2007,5002704,75,28
2007,5002704,77,661
2007,5002704,78,2860
2007,5002704,79,294
2007,5002704,80,3643
2007,5002704,81,6274
2007,5002704,82,5623
2007,5002704,84,65780
2007,5002704,85,9112
2007,5002704,86,11299
2007,5002704,87,89
2007,5002704,88,333
2007,5002704,90,253
2007,5002704,91,4
2007,5002704,92,1
2007,5002704,93,642
2007,5002704,94,6847
2007,5002704,95,611
2007,5002704,96,1114
2007,5002704,97,56
2007,5002704,99,9
2008,5002704,00,991
2008,5002704,01,4334
2008,5002704,02,321
2008,5002704,03,1
2008,5002704,05,3
2008,5002704,08,88
2008,5002704,10,4704
2008,5002704,11,780
2008,5002704,12,27
2008,5002704,13,178
2008,5002704,14,1716
2008,5002704,15,637
2008,5002704,16,386
2008,5002704,17,185
2008,5002704,18,554
2008,5002704,19,46
2008,5002704,20,336
2008,5002704,21,89
2008,5002704,22,556
2008,5002704,23,597
2008,5002704,24,192
2008,5002704,25,811
2008,5002704,26,16
2008,5002704,27,49
2008,5002704,28,387
2008,5002704,29,184
2008,5002704,30,5
2008,5002704,31,248
2008,5002704,32,163
2008,5002704,33,203
2008,5002704,35,719
2008,5002704,36,1330
2008,5002704,37,21
2008,5002704,38,102
2008,5002704,39,4
2008,5002704,41,7935
2008,5002704,42,6691
2008,5002704,43,2886
2008,5002704,45,6295
2008,5002704,46,4995
2008,5002704,47,30133
2008,5002704,49,7349
2008,5002704,51,258
2008,5002704,52,947
2008,5002704,53,1279
2008,5002704,55,1135
2008,5002704,56,4566
2008,5002704,58,522
2008,5002704,59,115
2008,5002704,60,654
2008,5002704,61,911
2008,5002704,62,1140
2008,5002704,63,425
2008,5002704,64,2590
2008,5002704,65,931
2008,5002704,66,321
2008,5002704,68,258
2008,5002704,69,912
2008,5002704,70,248
2008,5002704,71,682
2008,5002704,72,265
2008,5002704,73,338
2008,5002704,74,261
2008,5002704,75,51
2008,5002704,77,863
2008,5002704,78,1251
2008,5002704,79,310
2008,5002704,80,3877
2008,5002704,81,6254
2008,5002704,82,5245
2008,5002704,84,71416
2008,5002704,85,10922
2008,5002704,86,11187
2008,5002704,87,265
2008,5002704,88,401
2008,5002704,90,253
2008,5002704,91,3
2008,5002704,92,2
2008,5002704,93,639
2008,5002704,94,7149
2008,5002704,95,679
2008,5002704,96,1221
2008,5002704,97,97
2009,5002704,01,4228
2009,5002704,02,173
2009,5002704,03,6
2009,5002704,05,4
2009,5002704,07,3
2009,5002704,08,141
2009,5002704,10,5863
2009,5002704,11,886
2009,5002704,12,38
2009,5002704,13,151
2009,5002704,14,2294
2009,5002704,15,1008
2009,5002704,16,287
2009,5002704,17,206
2009,5002704,18,536
2009,5002704,19,54
2009,5002704,20,401
2009,5002704,21,92
2009,5002704,22,554
2009,5002704,23,499
2009,5002704,24,118
2009,5002704,25,813
2009,5002704,26,6
2009,5002704,27,55
2009,5002704,28,509
2009,5002704,29,146
2009,5002704,30,3
2009,5002704,31,265
2009,5002704,32,200
2009,5002704,33,272
2009,5002704,35,688
2009,5002704,36,1298
2009,5002704,37,24
2009,5002704,38,91
2009,5002704,39,2
2009,5002704,41,7153
2009,5002704,42,7100
2009,5002704,43,2823
2009,5002704,45,6762
2009,5002704,46,5063
2009,5002704,47,32444
2009,5002704,49,7256
2009,5002704,51,282
2009,5002704,52,985
2009,5002704,53,1416
2009,5002704,55,1213
2009,5002704,56,4948
2009,5002704,58,505
2009,5002704,59,208
2009,5002704,60,669
2009,5002704,61,1118
2009,5002704,62,1697
2009,5002704,63,360
2009,5002704,64,2647
2009,5002704,65,1018
2009,5002704,66,375
2009,5002704,68,254
2009,5002704,69,1294
2009,5002704,70,298
2009,5002704,71,818
2009,5002704,72,258
2009,5002704,73,424
2009,5002704,74,276
2009,5002704,75,67
2009,5002704,77,889
2009,5002704,78,1312
2009,5002704,79,341
2009,5002704,80,3972
2009,5002704,81,6260
2009,5002704,82,5534
2009,5002704,84,72637
2009,5002704,85,12299
2009,5002704,86,10872
2009,5002704,87,274
2009,5002704,88,590
2009,5002704,90,219
2009,5002704,91,4
2009,5002704,92,10
2009,5002704,93,664
2009,5002704,94,7570
2009,5002704,95,668
2009,5002704,96,1249
2009,5002704,97,103
2009,5002704,99,1
2010,5002704,01,4472
2010,5002704,02,292
2010,5002704,03,4
2010,5002704,07,1
2010,5002704,08,109
2010,5002704,10,5418
2010,5002704,11,967
2010,5002704,12,39
2010,5002704,13,131
2010,5002704,14,3330
2010,5002704,15,866
2010,5002704,16,362
2010,5002704,17,232
2010,5002704,18,544
2010,5002704,19,99
2010,5002704,20,401
2010,5002704,21,100
2010,5002704,22,715
2010,5002704,23,821
2010,5002704,24,59
2010,5002704,25,900
2010,5002704,26,33
2010,5002704,27,46
2010,5002704,28,682
2010,5002704,29,149
2010,5002704,30,5
2010,5002704,31,290
2010,5002704,32,185
2010,5002704,33,324
2010,5002704,35,712
2010,5002704,36,1363
2010,5002704,37,13
2010,5002704,38,108
2010,5002704,39,3
2010,5002704,41,8100
2010,5002704,42,7530
2010,5002704,43,3270
2010,5002704,45,7469
2010,5002704,46,5626
2010,5002704,47,34255
2010,5002704,49,7632
2010,5002704,51,315
2010,5002704,52,1206
2010,5002704,53,1388
2010,5002704,55,1224
2010,5002704,56,5547
2010,5002704,58,529
2010,5002704,59,230
2010,5002704,60,689
2010,5002704,61,961
2010,5002704,62,1847
2010,5002704,63,394
2010,5002704,64,2743
2010,5002704,65,510
2010,5002704,66,409
2010,5002704,68,371
2010,5002704,69,1514
2010,5002704,70,263
2010,5002704,71,1070
2010,5002704,72,272
2010,5002704,73,557
2010,5002704,74,238
2010,5002704,75,71
2010,5002704,77,991
2010,5002704,78,2132
2010,5002704,79,337
2010,5002704,80,4369
2010,5002704,81,6752
2010,5002704,82,6259
2010,5002704,84,75009
2010,5002704,85,13440
2010,5002704,86,11875
2010,5002704,87,328
2010,5002704,88,643
2010,5002704,90,241
2010,5002704,91,4
2010,5002704,92,8
2010,5002704,93,694
2010,5002704,94,8112
2010,5002704,95,835
2010,5002704,96,1368
2010,5002704,97,84
2010,5002704,99,2
2011,5002704,01,4289
2011,5002704,02,277
2011,5002704,03,4
2011,5002704,05,1
2011,5002704,07,1
2011,5002704,08,112
2011,5002704,10,4942
2011,5002704,11,862
2011,5002704,12,36
2011,5002704,13,154
2011,5002704,14,3243
2011,5002704,15,466
2011,5002704,16,418
2011,5002704,17,230
2011,5002704,18,527
2011,5002704,19,68
2011,5002704,20,383
2011,5002704,21,113
2011,5002704,22,778
2011,5002704,23,852
2011,5002704,24,58
2011,5002704,25,907
2011,5002704,26,25
2011,5002704,27,78
2011,5002704,28,610
2011,5002704,29,133
2011,5002704,30,4
2011,5002704,31,337
2011,5002704,32,245
2011,5002704,33,356
2011,5002704,35,727
2011,5002704,36,1575
2011,5002704,37,18
2011,5002704,38,194
2011,5002704,39,2
2011,5002704,41,10482
2011,5002704,42,7829
2011,5002704,43,4271
2011,5002704,45,7942
2011,5002704,46,6218
2011,5002704,47,36864
2011,5002704,49,8326
2011,5002704,50,1
2011,5002704,51,343
2011,5002704,52,1278
2011,5002704,53,1525
2011,5002704,55,1302
2011,5002704,56,6017
2011,5002704,58,583
2011,5002704,59,268
2011,5002704,60,724
2011,5002704,61,1012
2011,5002704,62,2016
2011,5002704,63,372
2011,5002704,64,2869
2011,5002704,65,507
2011,5002704,66,418
2011,5002704,68,399
2011,5002704,69,1652
2011,5002704,70,295
2011,5002704,71,1043
2011,5002704,72,286
2011,5002704,73,656
2011,5002704,74,298
2011,5002704,75,65
2011,5002704,77,1294
2011,5002704,78,2062
2011,5002704,79,353
2011,5002704,80,4940
2011,5002704,81,7458
2011,5002704,82,7827
2011,5002704,84,75408
2011,5002704,85,14275
2011,5002704,86,12280
2011,5002704,87,394
2011,5002704,88,707
2011,5002704,90,259
2011,5002704,91,3
2011,5002704,92,8
2011,5002704,93,790
2011,5002704,94,7491
2011,5002704,95,973
2011,5002704,96,1618
2011,5002704,97,84
2011,5002704,99,35
2012,5002704,01,3871
2012,5002704,02,237
2012,5002704,03,3
2012,5002704,05,3
2012,5002704,07,1
2012,5002704,08,116
2012,5002704,10,5254
2012,5002704,11,1361
2012,5002704,12,36
2012,5002704,13,200
2012,5002704,14,2927
2012,5002704,15,556
2012,5002704,16,384
2012,5002704,17,239
2012,5002704,18,489
2012,5002704,19,74
2012,5002704,20,344
2012,5002704,21,104
2012,5002704,22,818
2012,5002704,23,857
2012,5002704,24,84
2012,5002704,25,1077
2012,5002704,26,3
2012,5002704,27,108
2012,5002704,28,528
2012,5002704,29,138
2012,5002704,30,3
2012,5002704,31,393
2012,5002704,32,249
2012,5002704,33,487
2012,5002704,35,797
2012,5002704,36,1766
2012,5002704,37,22
2012,5002704,38,832
2012,5002704,39,1
2012,5002704,41,9505
2012,5002704,42,7630
2012,5002704,43,5173
2012,5002704,45,7966
2012,5002704,46,6579
2012,5002704,47,38484
2012,5002704,49,9494
2012,5002704,50,1
2012,5002704,51,312
2012,5002704,52,1274
2012,5002704,53,1357
2012,5002704,55,1353
2012,5002704,56,6719
2012,5002704,58,594
2012,5002704,59,238
2012,5002704,60,735
2012,5002704,61,1214
2012,5002704,62,2322
2012,5002704,63,416
2012,5002704,64,2880
2012,5002704,65,509
2012,5002704,66,414
2012,5002704,68,553
2012,5002704,69,1852
2012,5002704,70,298
2012,5002704,71,1416
2012,5002704,72,286
2012,5002704,73,788
2012,5002704,74,358
2012,5002704,75,77
2012,5002704,77,1255
2012,5002704,78,2095
2012,5002704,79,363
2012,5002704,80,4723
2012,5002704,81,8069
2012,5002704,82,8642
2012,5002704,84,63329
2012,5002704,85,15493
2012,5002704,86,13158
2012,5002704,87,415
2012,5002704,88,811
2012,5002704,90,311
2012,5002704,91,5
2012,5002704,92,6
2012,5002704,93,827
2012,5002704,94,8396
2012,5002704,95,919
2012,5002704,96,1764
2012,5002704,97,45
2012,5002704,99,43
2013,5002704,01,4056
2013,5002704,02,365
2013,5002704,03,3
2013,5002704,07,4
2013,5002704,08,116
2013,5002704,10,5931
2013,5002704,11,878
2013,5002704,12,28
2013,5002704,13,238
2013,5002704,14,2792
2013,5002704,15,676
2013,5002704,16,381
2013,5002704,17,243
2013,5002704,18,491
2013,5002704,19,63
2013,5002704,20,370
2013,5002704,21,69
2013,5002704,22,800
2013,5002704,23,1127
2013,5002704,24,87
2013,5002704,25,1123
2013,5002704,26,9
2013,5002704,27,99
2013,5002704,28,563
2013,5002704,29,149
2013,5002704,30,3
2013,5002704,31,462
2013,5002704,32,267
2013,5002704,33,488
2013,5002704,35,852
2013,5002704,36,1852
2013,5002704,37,21
2013,5002704,38,1105
2013,5002704,41,9863
2013,5002704,42,7348
2013,5002704,43,5872
2013,5002704,45,8197
2013,5002704,46,6939
2013,5002704,47,39831
2013,5002704,49,9812
2013,5002704,50,2
2013,5002704,51,319
2013,5002704,52,975
2013,5002704,53,1177
2013,5002704,55,1295
2013,5002704,56,7293
2013,5002704,58,618
2013,5002704,59,246
2013,5002704,60,806
2013,5002704,61,1310
2013,5002704,62,2563
2013,5002704,63,426
2013,5002704,64,2890
2013,5002704,65,578
2013,5002704,66,505
2013,5002704,68,625
2013,5002704,69,1837
2013,5002704,70,435
2013,5002704,71,1247
2013,5002704,72,291
2013,5002704,73,907
2013,5002704,74,387
2013,5002704,75,65
2013,5002704,77,1278
2013,5002704,78,1835
2013,5002704,79,362
2013,5002704,80,4668
2013,5002704,81,8627
2013,5002704,82,9197
2013,5002704,84,63087
2013,5002704,85,16123
2013,5002704,86,14130
2013,5002704,87,471
2013,5002704,88,710
2013,5002704,90,324
2013,5002704,91,5
2013,5002704,92,3
2013,5002704,93,1004
2013,5002704,94,8579
2013,5002704,95,946
2013,5002704,96,1636
2013,5002704,97,30
2014,5002704,01,4182
2014,5002704,02,297
2014,5002704,03,4
2014,5002704,05,2
2014,5002704,07,2
2014,5002704,08,109
2014,5002704,10,5907
2014,5002704,11,829
2014,5002704,12,28
2014,5002704,13,331
2014,5002704,14,2419
2014,5002704,15,695
2014,5002704,16,317
2014,5002704,17,207
2014,5002704,18,509
2014,5002704,19,66
2014,5002704,20,402
2014,5002704,21,93
2014,5002704,22,836
2014,5002704,23,1020
2014,5002704,24,65
2014,5002704,25,1173
2014,5002704,26,31
2014,5002704,27,126
2014,5002704,28,584
2014,5002704,29,169
2014,5002704,31,539
2014,5002704,32,383
2014,5002704,33,541
2014,5002704,35,850
2014,5002704,36,2133
2014,5002704,37,18
2014,5002704,38,1488
2014,5002704,41,9250
2014,5002704,42,6602
2014,5002704,43,5008
2014,5002704,45,8133
2014,5002704,46,6949
2014,5002704,47,40105
2014,5002704,49,10480
2014,5002704,50,4
2014,5002704,51,308
2014,5002704,52,1581
2014,5002704,53,1214
2014,5002704,55,1453
2014,5002704,56,7897
2014,5002704,58,563
2014,5002704,59,235
2014,5002704,60,691
2014,5002704,61,1236
2014,5002704,62,2941
2014,5002704,63,479
2014,5002704,64,2811
2014,5002704,65,618
2014,5002704,66,470
2014,5002704,68,611
2014,5002704,69,2055
2014,5002704,70,466
2014,5002704,71,1295
2014,5002704,72,291
2014,5002704,73,1057
2014,5002704,74,374
2014,5002704,75,73
2014,5002704,77,1479
2014,5002704,78,2471
2014,5002704,79,355
2014,5002704,80,3648
2014,5002704,81,8623
2014,5002704,82,9225
2014,5002704,84,67988
2014,5002704,85,16616
2014,5002704,86,14867
2014,5002704,87,384
2014,5002704,88,871
2014,5002704,90,164
2014,5002704,91,5
2014,5002704,92,2
2014,5002704,93,725
2014,5002704,94,9716
2014,5002704,95,1181
2014,5002704,96,1637
2014,5002704,97,34
2015,5002704,01,3810
2015,5002704,02,258
2015,5002704,03,2
2015,5002704,07,6
2015,5002704,08,102
2015,5002704,10,5536
2015,5002704,11,866
2015,5002704,12,28
2015,5002704,13,270
2015,5002704,14,2144
2015,5002704,15,710
2015,5002704,16,326
2015,5002704,17,240
2015,5002704,18,401
2015,5002704,19,49
2015,5002704,20,433
2015,5002704,21,82
2015,5002704,22,719
2015,5002704,23,832
2015,5002704,24,59
2015,5002704,25,1138
2015,5002704,26,9
2015,5002704,27,119
2015,5002704,28,414
2015,5002704,29,152
2015,5002704,30,1
2015,5002704,31,443
2015,5002704,32,441
2015,5002704,33,482
2015,5002704,35,932
2015,5002704,36,2012
2015,5002704,37,16
2015,5002704,38,1573
2015,5002704,39,1
2015,5002704,41,7016
2015,5002704,42,5920
2015,5002704,43,4034
2015,5002704,45,7844
2015,5002704,46,6972
2015,5002704,47,39002
2015,5002704,49,10026
2015,5002704,50,4
2015,5002704,51,283
2015,5002704,52,1823
2015,5002704,53,1346
2015,5002704,55,1585
2015,5002704,56,7856
2015,5002704,58,423
2015,5002704,59,246
2015,5002704,60,717
2015,5002704,61,889
2015,5002704,62,2620
2015,5002704,63,474
2015,5002704,64,2901
2015,5002704,65,638
2015,5002704,66,509
2015,5002704,68,664
2015,5002704,69,2308
2015,5002704,70,283
2015,5002704,71,1263
2015,5002704,72,315
2015,5002704,73,1023
2015,5002704,74,315
2015,5002704,75,97
2015,5002704,77,1364
2015,5002704,78,2352
2015,5002704,79,354
2015,5002704,80,3828
2015,5002704,81,9240
2015,5002704,82,8869
2015,5002704,84,68507
2015,5002704,85,16096
2015,5002704,86,15580
2015,5002704,87,402
2015,5002704,88,946
2015,5002704,90,184
2015,5002704,91,5
2015,5002704,92,3
2015,5002704,93,837
2015,5002704,94,10012
2015,5002704,95,979
2015,5002704,96,1605
2015,5002704,97,11
2016,5002704,01,3897
2016,5002704,02,342
2016,5002704,03,6
2016,5002704,07,6
2016,5002704,08,101
2016,5002704,10,5602
2016,5002704,11,862
2016,5002704,12,25
2016,5002704,13,300
2016,5002704,14,1863
2016,5002704,15,691
2016,5002704,16,349
2016,5002704,17,242
2016,5002704,18,322
2016,5002704,19,48
2016,5002704,20,490
2016,5002704,21,147
2016,5002704,22,745
2016,5002704,23,816
2016,5002704,24,54
2016,5002704,25,1122
2016,5002704,26,4
2016,5002704,27,102
2016,5002704,28,378
2016,5002704,29,105
2016,5002704,31,386
2016,5002704,32,420
2016,5002704,33,531
2016,5002704,35,943
2016,5002704,36,1996
2016,5002704,37,361
2016,5002704,38,1638
2016,5002704,41,6244
2016,5002704,42,5028
2016,5002704,43,3490
2016,5002704,45,7599
2016,5002704,46,6918
2016,5002704,47,37253
2016,5002704,49,9659
2016,5002704,50,2
2016,5002704,51,243
2016,5002704,52,1912
2016,5002704,53,1301
2016,5002704,55,1474
2016,5002704,56,7862
2016,5002704,58,378
2016,5002704,59,270
2016,5002704,60,848
2016,5002704,61,840
2016,5002704,62,2689
2016,5002704,63,489
2016,5002704,64,2683
2016,5002704,65,666
2016,5002704,66,458
2016,5002704,68,587
2016,5002704,69,2502
2016,5002704,70,293
2016,5002704,71,1091
2016,5002704,72,308
2016,5002704,73,997
2016,5002704,74,281
2016,5002704,75,129
2016,5002704,77,1298
2016,5002704,78,1689
2016,5002704,79,332
2016,5002704,80,3540
2016,5002704,81,10070
2016,5002704,82,8395
2016,5002704,84,65781
2016,5002704,85,15275
2016,5002704,86,14473
2016,5002704,87,414
2016,5002704,88,1037
2016,5002704,90,286
2016,5002704,91,4
2016,5002704,93,896
2016,5002704,94,9260
2016,5002704,95,949
2016,5002704,96,1646
2016,5002704,97,8
2017,5002704,01,3841
2017,5002704,02,444
2017,5002704,03,1
2017,5002704,05,2
2017,5002704,07,2
2017,5002704,08,94
2017,5002704,10,5525
2017,5002704,11,784
2017,5002704,13,335
2017,5002704,14,1738
2017,5002704,15,713
2017,5002704,16,308
2017,5002704,17,218
2017,5002704,18,307
2017,5002704,19,37
2017,5002704,20,509
2017,5002704,21,161
2017,5002704,22,757
2017,5002704,23,768
2017,5002704,24,56
2017,5002704,25,1032
2017,5002704,26,4
2017,5002704,27,133
2017,5002704,28,416
2017,5002704,29,106
2017,5002704,30,2
2017,5002704,31,367
2017,5002704,32,496
2017,5002704,33,575
2017,5002704,35,915
2017,5002704,36,2052
2017,5002704,37,213
2017,5002704,38,1789
2017,5002704,41,4990
2017,5002704,42,5356
2017,5002704,43,3212
2017,5002704,45,7659
2017,5002704,46,6807
2017,5002704,47,37214
2017,5002704,49,9579
2017,5002704,50,2
2017,5002704,51,246
2017,5002704,52,1846
2017,5002704,53,1236
2017,5002704,55,1433
2017,5002704,56,7973
2017,5002704,58,305
2017,5002704,59,246
2017,5002704,60,838
2017,5002704,61,863
2017,5002704,62,2464
2017,5002704,63,551
2017,5002704,64,2536
2017,5002704,65,634
2017,5002704,66,399
2017,5002704,68,578
2017,5002704,69,2578
2017,5002704,70,329
2017,5002704,71,1069
2017,5002704,72,257
2017,5002704,73,1127
2017,5002704,74,311
2017,5002704,75,157
2017,5002704,77,1359
2017,5002704,78,1958
2017,5002704,79,329
2017,5002704,80,3250
2017,5002704,81,10388
2017,5002704,82,9210
2017,5002704,84,69597
2017,5002704,85,15613
2017,5002704,86,15095
2017,5002704,87,477
2017,5002704,88,1183
2017,5002704,90,273
2017,5002704,91,5
2017,5002704,93,883
2017,5002704,94,5213
2017,5002704,95,783
2017,5002704,96,1721
2017,5002704,97,7
2018,5002704,01,3595
2018,5002704,02,347
2018,5002704,03,8
2018,5002704,05,4
2018,5002704,07,27
2018,5002704,08,66
2018,5002704,10,6260
2018,5002704,11,808
2018,5002704,13,312
2018,5002704,14,1649
2018,5002704,15,594
2018,5002704,16,282
2018,5002704,17,241
2018,5002704,18,368
2018,5002704,19,36
2018,5002704,20,479
2018,5002704,21,131
2018,5002704,22,799
2018,5002704,23,776
2018,5002704,24,40
2018,5002704,25,1041
2018,5002704,26,53
2018,5002704,27,83
2018,5002704,28,441
2018,5002704,29,119
2018,5002704,30,1
2018,5002704,31,358
2018,5002704,32,427
2018,5002704,33,574
2018,5002704,35,722
2018,5002704,36,2195
2018,5002704,37,352
2018,5002704,38,1880
2018,5002704,41,5607
2018,5002704,42,4561
2018,5002704,43,2831
2018,5002704,45,7810
2018,5002704,46,6970
2018,5002704,47,37109
2018,5002704,49,10027
2018,5002704,50,2
2018,5002704,51,233
2018,5002704,52,1950
2018,5002704,53,1151
2018,5002704,55,1478
2018,5002704,56,8333
2018,5002704,58,348
2018,5002704,59,213
2018,5002704,60,822
2018,5002704,61,987
2018,5002704,62,2562
2018,5002704,63,321
2018,5002704,64,2683
2018,5002704,65,654
2018,5002704,66,411
2018,5002704,68,747
2018,5002704,69,2709
2018,5002704,70,343
2018,5002704,71,1505
2018,5002704,72,274
2018,5002704,73,1496
2018,5002704,74,305
2018,5002704,75,183
2018,5002704,77,1184
2018,5002704,78,1869
2018,5002704,79,332
2018,5002704,80,3652
2018,5002704,81,10585
2018,5002704,82,9716
2018,5002704,84,71453
2018,5002704,85,16381
2018,5002704,86,15969
2018,5002704,87,400
2018,5002704,88,844
2018,5002704,90,250
2018,5002704,91,5
2018,5002704,93,876
2018,5002704,94,5049
2018,5002704,95,805
2018,5002704,96,1804
2018,5002704,97,4
2019,5002704,01,3469
2019,5002704,02,330
2019,5002704,03,17
2019,5002704,05,2
2019,5002704,08,160
2019,5002704,10,6814
2019,5002704,11,843
2019,5002704,13,277
2019,5002704,14,1578
2019,5002704,15,522
2019,5002704,16,252
2019,5002704,17,259
2019,5002704,18,326
2019,5002704,19,30
2019,5002704,20,510
2019,5002704,21,156
2019,5002704,22,859
2019,5002704,23,831
2019,5002704,24,43
2019,5002704,25,1338
2019,5002704,26,46
2019,5002704,27,36
2019,5002704,28,382
2019,5002704,29,109
2019,5002704,31,353
2019,5002704,32,466
2019,5002704,33,660
2019,5002704,35,842
2019,5002704,36,2260
2019,5002704,37,16
2019,5002704,38,1803
2019,5002704,41,5278
2019,5002704,42,3982
2019,5002704,43,3106
2019,5002704,45,7788
2019,5002704,46,7347
2019,5002704,47,37151
2019,5002704,49,10215
2019,5002704,51,276
2019,5002704,52,1896
2019,5002704,53,1312
2019,5002704,55,1445
2019,5002704,56,8423
2019,5002704,58,297
2019,5002704,59,222
2019,5002704,60,811
2019,5002704,61,1207
2019,5002704,62,2777
2019,5002704,63,353
2019,5002704,64,2776
2019,5002704,65,684
2019,5002704,66,385
2019,5002704,68,904
2019,5002704,69,2890
2019,5002704,70,339
2019,5002704,71,2022
2019,5002704,72,248
2019,5002704,73,1647
2019,5002704,74,339
2019,5002704,75,216
2019,5002704,77,1177
2019,5002704,78,1767
2019,5002704,79,314
2019,5002704,80,3582
2019,5002704,81,10323
2019,5002704,82,8640
2019,5002704,84,71253
2019,5002704,85,16177
2019,5002704,86,16720
2019,5002704,87,475
2019,5002704,88,789
2019,5002704,90,254
2019,5002704,91,7
2019,5002704,93,928
2019,5002704,94,4635
2019,5002704,95,764
2019,5002704,96,1748
2019,5002704,97,3
2020,5002704,01,3425
2020,5002704,02,368
2020,5002704,03,17
2020,5002704,07,1
2020,5002704,08,172
2020,5002704,10,7176
2020,5002704,11,887
2020,5002704,13,328
2020,5002704,14,1092
2020,5002704,15,591
2020,5002704,16,266
2020,5002704,17,255
2020,5002704,18,347
2020,5002704,19,32
2020,5002704,20,510
2020,5002704,21,161
2020,5002704,22,866
2020,5002704,23,765
2020,5002704,24,107
2020,5002704,25,1020
2020,5002704,26,32
2020,5002704,27,49
2020,5002704,28,437
2020,5002704,29,165
2020,5002704,31,385
2020,5002704,32,474
2020,5002704,33,599
2020,5002704,35,878
2020,5002704,36,2099
2020,5002704,37,12
2020,5002704,38,1639
2020,5002704,41,5617
2020,5002704,42,3640
2020,5002704,43,3061
2020,5002704,45,7500
2020,5002704,46,7213
2020,5002704,47,35865
2020,5002704,49,10055
2020,5002704,51,187
2020,5002704,52,1877
2020,5002704,53,1383
2020,5002704,55,1159
2020,5002704,56,6986
2020,5002704,58,248
2020,5002704,59,148
2020,5002704,60,759
2020,5002704,61,1159
2020,5002704,62,2923
2020,5002704,63,387
2020,5002704,64,2613
2020,5002704,65,756
2020,5002704,66,439
2020,5002704,68,815
2020,5002704,69,2961
2020,5002704,70,414
2020,5002704,71,1923
2020,5002704,72,263
2020,5002704,73,1240
2020,5002704,74,443
2020,5002704,75,255
2020,5002704,77,1063
2020,5002704,78,2050
2020,5002704,79,248
2020,5002704,80,3631
2020,5002704,81,10378
2020,5002704,82,8881
2020,5002704,84,55870
2020,5002704,85,34922
2020,5002704,86,17941
2020,5002704,87,447
2020,5002704,88,639
2020,5002704,90,175
2020,5002704,91,4
2020,5002704,93,752
2020,5002704,94,4566
2020,5002704,95,629
2020,5002704,96,1579
2020,5002704,97,5
2021,5002704,01,3341
2021,5002704,02,385
2021,5002704,03,9
2021,5002704,05,3
2021,5002704,07,3
2021,5002704,08,137
2021,5002704,10,7084
2021,5002704,11,926
2021,5002704,13,373
2021,5002704,14,1299
2021,5002704,15,528
2021,5002704,16,299
2021,5002704,17,263
2021,5002704,18,348
2021,5002704,19,5
2021,5002704,20,547
2021,5002704,21,174
2021,5002704,22,902
2021,5002704,23,810
2021,5002704,24,148
2021,5002704,25,1061
2021,5002704,26,31
2021,5002704,27,44
2021,5002704,28,469
2021,5002704,29,159
2021,5002704,30,28
2021,5002704,31,413
2021,5002704,32,395
2021,5002704,33,763
2021,5002704,35,875
2021,5002704,36,2152
2021,5002704,37,244
2021,5002704,38,1783
2021,5002704,41,6390
2021,5002704,42,3733
2021,5002704,43,3012
2021,5002704,45,7885
2021,5002704,46,8482
2021,5002704,47,36883
2021,5002704,49,10173
2021,5002704,51,169
2021,5002704,52,2079
2021,5002704,53,1394
2021,5002704,55,1191
2021,5002704,56,7190
2021,5002704,58,228
2021,5002704,59,163
2021,5002704,60,776
2021,5002704,61,1284
2021,5002704,62,3043
2021,5002704,63,414
2021,5002704,64,2850
2021,5002704,65,777
2021,5002704,66,369
2021,5002704,68,972
2021,5002704,69,3298
2021,5002704,70,466
2021,5002704,71,2077
2021,5002704,72,263
2021,5002704,73,855
2021,5002704,74,421
2021,5002704,75,280
2021,5002704,77,1298
2021,5002704,78,2975
2021,5002704,79,241
2021,5002704,80,4026
2021,5002704,81,9818
2021,5002704,82,11058
2021,5002704,84,60337
2021,5002704,85,38315
2021,5002704,86,18602
2021,5002704,87,549
2021,5002704,88,618
2021,5002704,90,160
2021,5002704,91,3
2021,5002704,93,859
2021,5002704,94,4549
2021,5002704,95,716
2021,5002704,96,1637
2021,5002704,97,6
2022,5002704,01,3505
2022,5002704,02,490
2022,5002704,03,19
2022,5002704,05,3
2022,5002704,07,1
2022,5002704,08,149
2022,5002704,10,7646
2022,5002704,11,1037
2022,5002704,12,1
2022,5002704,13,377
2022,5002704,14,1487
2022,5002704,15,481
2022,5002704,16,343
2022,5002704,17,272
2022,5002704,18,419
2022,5002704,19,4
2022,5002704,20,552
2022,5002704,21,171
2022,5002704,22,907
2022,5002704,23,910
2022,5002704,24,229
2022,5002704,25,1336
2022,5002704,26,37
2022,5002704,27,49
2022,5002704,28,493
2022,5002704,29,195
2022,5002704,30,32
2022,5002704,31,504
2022,5002704,32,518
2022,5002704,33,1068
2022,5002704,35,934
2022,5002704,36,2277
2022,5002704,37,253
2022,5002704,38,1820
2022,5002704,41,6246
2022,5002704,42,3177
2022,5002704,43,4034
2022,5002704,45,9196
2022,5002704,46,9892
2022,5002704,47,40344
2022,5002704,49,11442
2022,5002704,51,191
2022,5002704,52,2234
2022,5002704,53,1401
2022,5002704,55,1346
2022,5002704,56,8524
2022,5002704,58,258
2022,5002704,59,166
2022,5002704,60,794
2022,5002704,61,1285
2022,5002704,62,3232
2022,5002704,63,695
2022,5002704,64,2734
2022,5002704,65,1701
2022,5002704,66,453
2022,5002704,68,1079
2022,5002704,69,3645
2022,5002704,70,632
2022,5002704,71,2601
2022,5002704,72,258
2022,5002704,73,1530
2022,5002704,74,520
2022,5002704,75,397
2022,5002704,77,1720
2022,5002704,78,3627
2022,5002704,79,270
2022,5002704,80,4664
2022,5002704,81,10337
2022,5002704,82,13534
2022,5002704,84,50921
2022,5002704,85,44179
2022,5002704,86,18528
2022,5002704,87,804
2022,5002704,88,2039
2022,5002704,90,178
2022,5002704,91,6
2022,5002704,93,1031
2022,5002704,94,4030
2022,5002704,95,737
2022,5002704,96,1912
2022,5002704,97,13
2022,5002704,99,3
2023,5002704,01,3358
2023,5002704,02,1560
2023,5002704,03,16
2023,5002704,05,2
2023,5002704,07,2
2023,5002704,08,88
2023,5002704,10,8409
2023,5002704,11,1132
2023,5002704,12,1
2023,5002704,13,390
2023,5002704,14,1586
2023,5002704,15,420
2023,5002704,16,298
2023,5002704,17,246
2023,5002704,18,447
2023,5002704,19,8
2023,5002704,20,535
2023,5002704,21,185
2023,5002704,22,965
2023,5002704,23,781
2023,5002704,24,197
2023,5002704,25,1354
2023,5002704,26,22
2023,5002704,27,44
2023,5002704,28,447
2023,5002704,29,192
2023,5002704,30,31
2023,5002704,31,520
2023,5002704,32,558
2023,5002704,33,1193
2023,5002704,35,923
2023,5002704,36,2280
2023,5002704,37,276
2023,5002704,38,1826
2023,5002704,41,6616
2023,5002704,42,3501
2023,5002704,43,4407
2023,5002704,45,9530
2023,5002704,46,10624
2023,5002704,47,40355
2023,5002704,49,12037
2023,5002704,51,203
2023,5002704,52,2254
2023,5002704,53,1440
2023,5002704,55,1376
2023,5002704,56,8913
2023,5002704,58,261
2023,5002704,59,193
2023,5002704,60,787
2023,5002704,61,1178
2023,5002704,62,3363
2023,5002704,63,980
2023,5002704,64,2911
2023,5002704,65,1722
2023,5002704,66,452
2023,5002704,68,1159
2023,5002704,69,3520
2023,5002704,70,759
2023,5002704,71,3168
2023,5002704,72,268
2023,5002704,73,1853
2023,5002704,74,550
2023,5002704,75,432
2023,5002704,77,2156
2023,5002704,78,4133
2023,5002704,79,273
2023,5002704,80,4975
2023,5002704,81,8707
2023,5002704,82,13073
2023,5002704,84,59197
2023,5002704,85,42902
2023,5002704,86,19092
2023,5002704,87,831
2023,5002704,88,2205
2023,5002704,90,205
2023,5002704,91,5
2023,5002704,93,1152
2023,5002704,94,4326
2023,5002704,95,670
2023,5002704,96,1975
2023,5002704,97,4
2002,5208707,NA,370431
2003,5208707,NA,378494
2004,5208707,NA,394325
2005,5208707,NA,416506
2006,5208707,00,76381
2006,5208707,01,2391
2006,5208707,02,7
2006,5208707,03,31
2006,5208707,05,9
2006,5208707,06,3
2006,5208707,07,31
2006,5208707,08,66
2006,5208707,09,35
2006,5208707,10,8458
2006,5208707,11,669
2006,5208707,12,56
2006,5208707,13,857
2006,5208707,14,11354
2006,5208707,15,2032
2006,5208707,16,402
2006,5208707,17,503
2006,5208707,18,1326
2006,5208707,19,78
2006,5208707,20,1595
2006,5208707,21,2067
2006,5208707,22,2325
2006,5208707,23,1577
2006,5208707,24,234
2006,5208707,25,1885
2006,5208707,26,140
2006,5208707,27,274
2006,5208707,28,575
2006,5208707,29,586
2006,5208707,30,26
2006,5208707,31,2093
2006,5208707,32,927
2006,5208707,33,601
2006,5208707,35,1699
2006,5208707,36,3727
2006,5208707,37,138
2006,5208707,38,363
2006,5208707,39,2
2006,5208707,41,11861
2006,5208707,42,7502
2006,5208707,43,2260
2006,5208707,45,12820
2006,5208707,46,15431
2006,5208707,47,54846
2006,5208707,49,12099
2006,5208707,50,13
2006,5208707,51,367
2006,5208707,52,2121
2006,5208707,53,1657
2006,5208707,55,2059
2006,5208707,56,10644
2006,5208707,58,1677
2006,5208707,59,261
2006,5208707,60,1629
2006,5208707,61,1443
2006,5208707,62,1259
2006,5208707,63,1647
2006,5208707,64,6685
2006,5208707,65,856
2006,5208707,66,492
2006,5208707,68,973
2006,5208707,69,1730
2006,5208707,70,412
2006,5208707,71,991
2006,5208707,72,374
2006,5208707,73,658
2006,5208707,74,749
2006,5208707,75,42
2006,5208707,77,872
2006,5208707,78,863
2006,5208707,79,599
2006,5208707,80,2738
2006,5208707,81,8453
2006,5208707,82,13293
2006,5208707,84,80747
2006,5208707,85,16812
2006,5208707,86,16503
2006,5208707,87,1988
2006,5208707,88,1107
2006,5208707,90,159
2006,5208707,91,2
2006,5208707,92,53
2006,5208707,93,2049
2006,5208707,94,11404
2006,5208707,95,867
2006,5208707,96,2531
2006,5208707,97,210
2006,5208707,99,1
2007,5208707,00,76582
2007,5208707,01,2576
2007,5208707,02,7
2007,5208707,03,37
2007,5208707,07,87
2007,5208707,08,48
2007,5208707,10,8315
2007,5208707,11,723
2007,5208707,12,48
2007,5208707,13,1104
2007,5208707,14,11200
2007,5208707,15,1929
2007,5208707,16,393
2007,5208707,17,521
2007,5208707,18,1388
2007,5208707,19,99
2007,5208707,20,1456
2007,5208707,21,2591
2007,5208707,22,2291
2007,5208707,23,1597
2007,5208707,24,354
2007,5208707,25,1886
2007,5208707,26,130
2007,5208707,27,270
2007,5208707,28,719
2007,5208707,29,704
2007,5208707,30,38
2007,5208707,31,2037
2007,5208707,32,1053
2007,5208707,33,526
2007,5208707,35,1673
2007,5208707,36,3904
2007,5208707,37,174
2007,5208707,38,538
2007,5208707,41,14020
2007,5208707,42,8206
2007,5208707,43,2336
2007,5208707,45,14004
2007,5208707,46,16281
2007,5208707,47,57500
2007,5208707,49,14005
2007,5208707,50,19
2007,5208707,51,506
2007,5208707,52,1870
2007,5208707,53,1614
2007,5208707,55,2085
2007,5208707,56,11379
2007,5208707,58,1464
2007,5208707,59,223
2007,5208707,60,935
2007,5208707,61,1867
2007,5208707,62,1196
2007,5208707,63,1424
2007,5208707,64,6604
2007,5208707,65,885
2007,5208707,66,672
2007,5208707,68,937
2007,5208707,69,1913
2007,5208707,70,655
2007,5208707,71,946
2007,5208707,72,471
2007,5208707,73,650
2007,5208707,74,704
2007,5208707,75,46
2007,5208707,77,921
2007,5208707,78,1403
2007,5208707,79,563
2007,5208707,80,2373
2007,5208707,81,8943
2007,5208707,82,13059
2007,5208707,84,75915
2007,5208707,85,17529
2007,5208707,86,17542
2007,5208707,87,1971
2007,5208707,88,1360
2007,5208707,90,217
2007,5208707,91,6
2007,5208707,92,7
2007,5208707,93,2109
2007,5208707,94,10655
2007,5208707,95,1108
2007,5208707,96,2491
2007,5208707,97,254
2007,5208707,99,2
2008,5208707,00,11424
2008,5208707,01,3035
2008,5208707,02,25
2008,5208707,03,37
2008,5208707,06,7
2008,5208707,07,98
2008,5208707,08,54
2008,5208707,09,4
2008,5208707,10,8663
2008,5208707,11,760
2008,5208707,12,43
2008,5208707,13,1133
2008,5208707,14,10837
2008,5208707,15,1878
2008,5208707,16,383
2008,5208707,17,464
2008,5208707,18,1510
2008,5208707,19,86
2008,5208707,20,1387
2008,5208707,21,2374
2008,5208707,22,2415
2008,5208707,23,1700
2008,5208707,24,402
2008,5208707,25,2144
2008,5208707,26,148
2008,5208707,27,294
2008,5208707,28,832
2008,5208707,29,742
2008,5208707,30,64
2008,5208707,31,1991
2008,5208707,32,1153
2008,5208707,33,603
2008,5208707,35,1693
2008,5208707,36,4126
2008,5208707,37,185
2008,5208707,38,410
2008,5208707,41,19065
2008,5208707,42,7969
2008,5208707,43,3168
2008,5208707,45,15654
2008,5208707,46,17180
2008,5208707,47,60375
2008,5208707,49,15645
2008,5208707,50,11
2008,5208707,51,559
2008,5208707,52,1277
2008,5208707,53,1633
2008,5208707,55,2224
2008,5208707,56,12537
2008,5208707,58,1362
2008,5208707,59,229
2008,5208707,60,1021
2008,5208707,61,1891
2008,5208707,62,1280
2008,5208707,63,1486
2008,5208707,64,6697
2008,5208707,65,1007
2008,5208707,66,632
2008,5208707,68,1180
2008,5208707,69,2283
2008,5208707,70,644
2008,5208707,71,1193
2008,5208707,72,492
2008,5208707,73,644
2008,5208707,74,586
2008,5208707,75,45
2008,5208707,77,1249
2008,5208707,78,4168
2008,5208707,79,580
2008,5208707,80,2691
2008,5208707,81,9744
2008,5208707,82,15913
2008,5208707,84,147190
2008,5208707,85,21030
2008,5208707,86,18095
2008,5208707,87,1366
2008,5208707,88,1652
2008,5208707,90,154
2008,5208707,91,19
2008,5208707,92,3
2008,5208707,93,2282
2008,5208707,94,12978
2008,5208707,95,1351
2008,5208707,96,2458
2008,5208707,97,264
2008,5208707,99,19
2009,5208707,01,2667
2009,5208707,02,23
2009,5208707,03,46
2009,5208707,05,45
2009,5208707,07,86
2009,5208707,08,62
2009,5208707,09,4
2009,5208707,10,9247
2009,5208707,11,892
2009,5208707,12,47
2009,5208707,13,1222
2009,5208707,14,10829
2009,5208707,15,1705
2009,5208707,16,412
2009,5208707,17,419
2009,5208707,18,1485
2009,5208707,19,87
2009,5208707,20,1427
2009,5208707,21,2567
2009,5208707,22,2296
2009,5208707,23,1660
2009,5208707,24,270
2009,5208707,25,2220
2009,5208707,26,166
2009,5208707,27,244
2009,5208707,28,648
2009,5208707,29,803
2009,5208707,30,63
2009,5208707,31,2486
2009,5208707,32,1198
2009,5208707,33,769
2009,5208707,35,1555
2009,5208707,36,4251
2009,5208707,37,205
2009,5208707,38,528
2009,5208707,39,19
2009,5208707,41,21837
2009,5208707,42,7997
2009,5208707,43,5008
2009,5208707,45,16340
2009,5208707,46,17513
2009,5208707,47,61623
2009,5208707,49,16501
2009,5208707,50,10
2009,5208707,51,590
2009,5208707,52,1540
2009,5208707,53,1468
2009,5208707,55,2188
2009,5208707,56,13426
2009,5208707,58,1320
2009,5208707,59,261
2009,5208707,60,1090
2009,5208707,61,1790
2009,5208707,62,2089
2009,5208707,63,929
2009,5208707,64,6723
2009,5208707,65,922
2009,5208707,66,854
2009,5208707,68,1191
2009,5208707,69,3466
2009,5208707,70,763
2009,5208707,71,1389
2009,5208707,72,195
2009,5208707,73,661
2009,5208707,74,650
2009,5208707,75,44
2009,5208707,77,1578
2009,5208707,78,4293
2009,5208707,79,714
2009,5208707,80,3367
2009,5208707,81,9538
2009,5208707,82,17840
2009,5208707,84,164413
2009,5208707,85,21388
2009,5208707,86,19458
2009,5208707,87,721
2009,5208707,88,1850
2009,5208707,90,211
2009,5208707,91,31
2009,5208707,92,4
2009,5208707,93,2300
2009,5208707,94,14791
2009,5208707,95,1389
2009,5208707,96,2534
2009,5208707,97,310
2009,5208707,99,14
2010,5208707,01,2668
2010,5208707,02,32
2010,5208707,03,24
2010,5208707,07,40
2010,5208707,08,67
2010,5208707,09,28
2010,5208707,10,9510
2010,5208707,11,1103
2010,5208707,12,51
2010,5208707,13,1229
2010,5208707,14,11305
2010,5208707,15,1867
2010,5208707,16,439
2010,5208707,17,411
2010,5208707,18,1523
2010,5208707,19,83
2010,5208707,20,2654
2010,5208707,21,2669
2010,5208707,22,2600
2010,5208707,23,2072
2010,5208707,24,256
2010,5208707,25,2549
2010,5208707,26,224
2010,5208707,27,334
2010,5208707,28,705
2010,5208707,29,1001
2010,5208707,30,64
2010,5208707,31,2418
2010,5208707,32,1635
2010,5208707,33,990
2010,5208707,35,1391
2010,5208707,36,4431
2010,5208707,37,65
2010,5208707,38,660
2010,5208707,39,23
2010,5208707,41,28405
2010,5208707,42,9174
2010,5208707,43,6606
2010,5208707,45,17719
2010,5208707,46,18294
2010,5208707,47,67027
2010,5208707,49,17288
2010,5208707,50,9
2010,5208707,51,692
2010,5208707,52,1954
2010,5208707,53,1614
2010,5208707,55,2346
2010,5208707,56,15059
2010,5208707,58,1443
2010,5208707,59,252
2010,5208707,60,1174
2010,5208707,61,2033
2010,5208707,62,2577
2010,5208707,63,992
2010,5208707,64,6923
2010,5208707,65,957
2010,5208707,66,996
2010,5208707,68,1469
2010,5208707,69,4209
2010,5208707,70,463
2010,5208707,71,1782
2010,5208707,72,200
2010,5208707,73,645
2010,5208707,74,610
2010,5208707,75,48
2010,5208707,77,1861
2010,5208707,78,4743
2010,5208707,79,941
2010,5208707,80,4224
2010,5208707,81,10024
2010,5208707,82,20096
2010,5208707,84,178579
2010,5208707,85,24950
2010,5208707,86,19763
2010,5208707,87,729
2010,5208707,88,2050
2010,5208707,90,223
2010,5208707,91,19
2010,5208707,92,4
2010,5208707,93,2470
2010,5208707,94,13805
2010,5208707,95,1504
2010,5208707,96,2656
2010,5208707,97,150
2010,5208707,99,29
2011,5208707,01,2654
2011,5208707,02,25
2011,5208707,03,16
2011,5208707,07,90
2011,5208707,08,60
2011,5208707,09,23
2011,5208707,10,9516
2011,5208707,11,1093
2011,5208707,12,49
2011,5208707,13,1113
2011,5208707,14,10858
2011,5208707,15,2168
2011,5208707,16,545
2011,5208707,17,408
2011,5208707,18,1457
2011,5208707,19,265
2011,5208707,20,2361
2011,5208707,21,2471
2011,5208707,22,2669
2011,5208707,23,2160
2011,5208707,24,260
2011,5208707,25,2650
2011,5208707,26,222
2011,5208707,27,420
2011,5208707,28,948
2011,5208707,29,1031
2011,5208707,30,85
2011,5208707,31,2645
2011,5208707,32,1731
2011,5208707,33,1205
2011,5208707,35,1358
2011,5208707,36,4587
2011,5208707,37,84
2011,5208707,38,868
2011,5208707,41,31489
2011,5208707,42,9902
2011,5208707,43,7800
2011,5208707,45,18624
2011,5208707,46,19145
2011,5208707,47,69218
2011,5208707,49,17378
2011,5208707,50,1
2011,5208707,51,757
2011,5208707,52,2087
2011,5208707,53,1673
2011,5208707,55,2721
2011,5208707,56,16318
2011,5208707,58,1434
2011,5208707,59,266
2011,5208707,60,1403
2011,5208707,61,2239
2011,5208707,62,2853
2011,5208707,63,855
2011,5208707,64,7589
2011,5208707,65,1065
2011,5208707,66,895
2011,5208707,68,1709
2011,5208707,69,4773
2011,5208707,70,753
2011,5208707,71,2070
2011,5208707,72,227
2011,5208707,73,810
2011,5208707,74,735
2011,5208707,75,54
2011,5208707,77,2085
2011,5208707,78,6409
2011,5208707,79,1011
2011,5208707,80,5476
2011,5208707,81,10559
2011,5208707,82,22268
2011,5208707,84,170523
2011,5208707,85,26166
2011,5208707,86,21055
2011,5208707,87,745
2011,5208707,88,2350
2011,5208707,90,261
2011,5208707,91,57
2011,5208707,93,2287
2011,5208707,94,15209
2011,5208707,95,1791
2011,5208707,96,2784
2011,5208707,97,241
2011,5208707,99,26
2012,5208707,01,2835
2012,5208707,02,45
2012,5208707,03,59
2012,5208707,07,48
2012,5208707,08,77
2012,5208707,09,20
2012,5208707,10,10790
2012,5208707,11,997
2012,5208707,12,54
2012,5208707,13,1132
2012,5208707,14,11337
2012,5208707,15,2287
2012,5208707,16,520
2012,5208707,17,450
2012,5208707,18,1601
2012,5208707,19,73
2012,5208707,20,1133
2012,5208707,21,2074
2012,5208707,22,2985
2012,5208707,23,2004
2012,5208707,24,271
2012,5208707,25,2816
2012,5208707,26,252
2012,5208707,27,537
2012,5208707,28,1072
2012,5208707,29,1189
2012,5208707,30,96
2012,5208707,31,2876
2012,5208707,32,1976
2012,5208707,33,1328
2012,5208707,35,1247
2012,5208707,36,4515
2012,5208707,37,64
2012,5208707,38,775
2012,5208707,41,33331
2012,5208707,42,10698
2012,5208707,43,7965
2012,5208707,45,19248
2012,5208707,46,21912
2012,5208707,47,72257
2012,5208707,49,18164
2012,5208707,50,2
2012,5208707,51,811
2012,5208707,52,2329
2012,5208707,53,1694
2012,5208707,55,2746
2012,5208707,56,17711
2012,5208707,58,1318
2012,5208707,59,302
2012,5208707,60,1457
2012,5208707,61,1804
2012,5208707,62,3056
2012,5208707,63,1082
2012,5208707,64,7617
2012,5208707,65,1747
2012,5208707,66,918
2012,5208707,68,2205
2012,5208707,69,5272
2012,5208707,70,687
2012,5208707,71,2219
2012,5208707,72,231
2012,5208707,73,812
2012,5208707,74,706
2012,5208707,75,48
2012,5208707,77,2442
2012,5208707,78,11727
2012,5208707,79,1047
2012,5208707,80,6399
2012,5208707,81,12244
2012,5208707,82,24562
2012,5208707,84,168658
2012,5208707,85,27832
2012,5208707,86,22785
2012,5208707,87,670
2012,5208707,88,2872
2012,5208707,90,376
2012,5208707,91,24
2012,5208707,93,2725
2012,5208707,94,17258
2012,5208707,95,1871
2012,5208707,96,3035
2012,5208707,97,96
2012,5208707,99,64
2013,5208707,01,2971
2013,5208707,02,45
2013,5208707,03,19
2013,5208707,07,37
2013,5208707,08,59
2013,5208707,09,33
2013,5208707,10,11009
2013,5208707,11,1040
2013,5208707,13,1019
2013,5208707,14,10733
2013,5208707,15,1919
2013,5208707,16,392
2013,5208707,17,598
2013,5208707,18,1633
2013,5208707,19,67
2013,5208707,20,1083
2013,5208707,21,2325
2013,5208707,22,2818
2013,5208707,23,2317
2013,5208707,24,296
2013,5208707,25,2950
2013,5208707,26,232
2013,5208707,27,488
2013,5208707,28,1120
2013,5208707,29,1259
2013,5208707,30,85
2013,5208707,31,2375
2013,5208707,32,2016
2013,5208707,33,1308
2013,5208707,35,1259
2013,5208707,36,4615
2013,5208707,37,77
2013,5208707,38,913
2013,5208707,41,28346
2013,5208707,42,11024
2013,5208707,43,8402
2013,5208707,45,19758
2013,5208707,46,23041
2013,5208707,47,73175
2013,5208707,49,18103
2013,5208707,50,1
2013,5208707,51,838
2013,5208707,52,2617
2013,5208707,53,2106
2013,5208707,55,3001
2013,5208707,56,18746
2013,5208707,58,1341
2013,5208707,59,414
2013,5208707,60,1429
2013,5208707,61,1870
2013,5208707,62,3618
2013,5208707,63,1422
2013,5208707,64,7591
2013,5208707,65,1898
2013,5208707,66,1100
2013,5208707,68,2322
2013,5208707,69,5565
2013,5208707,70,672
2013,5208707,71,2391
2013,5208707,72,233
2013,5208707,73,887
2013,5208707,74,718
2013,5208707,75,57
2013,5208707,77,2720
2013,5208707,78,5991
2013,5208707,79,1048
2013,5208707,80,7332
2013,5208707,81,14613
2013,5208707,82,24937
2013,5208707,84,172291
2013,5208707,85,28993
2013,5208707,86,24175
2013,5208707,87,782
2013,5208707,88,3065
2013,5208707,90,452
2013,5208707,91,46
2013,5208707,93,2774
2013,5208707,94,17968
2013,5208707,95,2151
2013,5208707,96,3006
2013,5208707,97,99
2013,5208707,99,1
2014,5208707,01,2531
2014,5208707,02,23
2014,5208707,03,16
2014,5208707,05,2
2014,5208707,06,5
2014,5208707,07,47
2014,5208707,08,86
2014,5208707,09,33
2014,5208707,10,10714
2014,5208707,11,867
2014,5208707,12,94
2014,5208707,13,1234
2014,5208707,14,10136
2014,5208707,15,1520
2014,5208707,16,338
2014,5208707,17,525
2014,5208707,18,1631
2014,5208707,19,1
2014,5208707,20,1201
2014,5208707,21,2060
2014,5208707,22,2718
2014,5208707,23,2362
2014,5208707,24,219
2014,5208707,25,2889
2014,5208707,26,195
2014,5208707,27,520
2014,5208707,28,1174
2014,5208707,29,1153
2014,5208707,30,83
2014,5208707,31,2535
2014,5208707,32,1967
2014,5208707,33,1718
2014,5208707,35,1212
2014,5208707,36,5085
2014,5208707,37,66
2014,5208707,38,1604
2014,5208707,39,33
2014,5208707,41,25955
2014,5208707,42,10330
2014,5208707,43,8153
2014,5208707,45,19940
2014,5208707,46,23549
2014,5208707,47,75012
2014,5208707,49,18574
2014,5208707,51,858
2014,5208707,52,2840
2014,5208707,53,1896
2014,5208707,55,3128
2014,5208707,56,20019
2014,5208707,58,1222
2014,5208707,59,406
2014,5208707,60,1502
2014,5208707,61,1147
2014,5208707,62,3062
2014,5208707,63,2114
2014,5208707,64,7995
2014,5208707,65,2035
2014,5208707,66,1025
2014,5208707,68,2910
2014,5208707,69,6170
2014,5208707,70,973
2014,5208707,71,2577
2014,5208707,72,248
2014,5208707,73,770
2014,5208707,74,738
2014,5208707,75,55
2014,5208707,77,2690
2014,5208707,78,8201
2014,5208707,79,937
2014,5208707,80,8024
2014,5208707,81,15479
2014,5208707,82,25102
2014,5208707,84,155613
2014,5208707,85,30501
2014,5208707,86,25844
2014,5208707,87,742
2014,5208707,88,3446
2014,5208707,90,445
2014,5208707,91,37
2014,5208707,93,2820
2014,5208707,94,18950
2014,5208707,95,2183
2014,5208707,96,3164
2014,5208707,97,112
2014,5208707,99,29
2015,5208707,01,2752
2015,5208707,02,16
2015,5208707,03,16
2015,5208707,05,2
2015,5208707,07,123
2015,5208707,08,38
2015,5208707,09,5
2015,5208707,10,10538
2015,5208707,11,733
2015,5208707,12,94
2015,5208707,13,1078
2015,5208707,14,8880
2015,5208707,15,1173
2015,5208707,16,310
2015,5208707,17,521
2015,5208707,18,1490
2015,5208707,20,1105
2015,5208707,21,2033
2015,5208707,22,2401
2015,5208707,23,1932
2015,5208707,24,180
2015,5208707,25,2717
2015,5208707,26,178
2015,5208707,27,486
2015,5208707,28,1060
2015,5208707,29,1009
2015,5208707,30,114
2015,5208707,31,2341
2015,5208707,32,1917
2015,5208707,33,1645
2015,5208707,35,1434
2015,5208707,36,5493
2015,5208707,37,47
2015,5208707,38,1242
2015,5208707,39,40
2015,5208707,41,22848
2015,5208707,42,8470
2015,5208707,43,6906
2015,5208707,45,18984
2015,5208707,46,23220
2015,5208707,47,73097
2015,5208707,49,17718
2015,5208707,51,760
2015,5208707,52,3455
2015,5208707,53,2144
2015,5208707,55,2987
2015,5208707,56,20510
2015,5208707,58,1163
2015,5208707,59,337
2015,5208707,60,1536
2015,5208707,61,1805
2015,5208707,62,3454
2015,5208707,63,1831
2015,5208707,64,8091
2015,5208707,65,2036
2015,5208707,66,1117
2015,5208707,68,2032
2015,5208707,69,6399
2015,5208707,70,932
2015,5208707,71,2635
2015,5208707,72,237
2015,5208707,73,889
2015,5208707,74,897
2015,5208707,75,120
2015,5208707,77,2668
2015,5208707,78,6067
2015,5208707,79,821
2015,5208707,80,8432
2015,5208707,81,16848
2015,5208707,82,23128
2015,5208707,84,156930
2015,5208707,85,31139
2015,5208707,86,28457
2015,5208707,87,842
2015,5208707,88,3716
2015,5208707,90,487
2015,5208707,91,121
2015,5208707,92,8
2015,5208707,93,2949
2015,5208707,94,19544
2015,5208707,95,2274
2015,5208707,96,3027
2015,5208707,97,86
2015,5208707,99,104
2016,5208707,01,2517
2016,5208707,02,16
2016,5208707,03,19
2016,5208707,05,2
2016,5208707,07,31
2016,5208707,08,44
2016,5208707,09,32
2016,5208707,10,10119
2016,5208707,11,533
2016,5208707,12,116
2016,5208707,13,911
2016,5208707,14,8193
2016,5208707,15,968
2016,5208707,16,303
2016,5208707,17,506
2016,5208707,18,1418
2016,5208707,20,1023
2016,5208707,21,1863
2016,5208707,22,2269
2016,5208707,23,1734
2016,5208707,24,190
2016,5208707,25,2239
2016,5208707,26,161
2016,5208707,27,401
2016,5208707,28,1026
2016,5208707,29,868
2016,5208707,30,81
2016,5208707,31,2130
2016,5208707,32,1774
2016,5208707,33,1463
2016,5208707,35,1411
2016,5208707,36,5900
2016,5208707,37,35
2016,5208707,38,1718
2016,5208707,39,42
2016,5208707,41,18844
2016,5208707,42,6861
2016,5208707,43,5703
2016,5208707,45,17590
2016,5208707,46,22702
2016,5208707,47,69531
2016,5208707,49,16135
2016,5208707,50,149
2016,5208707,51,542
2016,5208707,52,4244
2016,5208707,53,2026
2016,5208707,55,2746
2016,5208707,56,20023
2016,5208707,58,986
2016,5208707,59,438
2016,5208707,60,1349
2016,5208707,61,1552
2016,5208707,62,3970
2016,5208707,63,1749
2016,5208707,64,7437
2016,5208707,65,1837
2016,5208707,66,1049
2016,5208707,68,2037
2016,5208707,69,6512
2016,5208707,70,1008
2016,5208707,71,2093
2016,5208707,72,267
2016,5208707,73,937
2016,5208707,74,900
2016,5208707,75,136
2016,5208707,77,2542
2016,5208707,78,5224
2016,5208707,79,771
2016,5208707,80,7868
2016,5208707,81,17669
2016,5208707,82,22464
2016,5208707,84,160132
2016,5208707,85,31942
2016,5208707,86,28717
2016,5208707,87,917
2016,5208707,88,3118
2016,5208707,90,476
2016,5208707,91,41
2016,5208707,92,6
2016,5208707,93,3016
2016,5208707,94,18168
2016,5208707,95,2009
2016,5208707,96,2982
2016,5208707,97,54
2016,5208707,99,16
2017,5208707,01,2318
2017,5208707,02,10
2017,5208707,03,27
2017,5208707,07,25
2017,5208707,08,37
2017,5208707,09,49
2017,5208707,10,9566
2017,5208707,11,424
2017,5208707,13,889
2017,5208707,14,7775
2017,5208707,15,871
2017,5208707,16,259
2017,5208707,17,663
2017,5208707,18,1409
2017,5208707,20,1205
2017,5208707,21,1762
2017,5208707,22,2185
2017,5208707,23,1575
2017,5208707,24,142
2017,5208707,25,2169
2017,5208707,26,137
2017,5208707,27,407
2017,5208707,28,1011
2017,5208707,29,859
2017,5208707,30,82
2017,5208707,31,2079
2017,5208707,32,1464
2017,5208707,33,1284
2017,5208707,35,963
2017,5208707,36,5813
2017,5208707,37,31
2017,5208707,38,1735
2017,5208707,39,9
2017,5208707,41,16015
2017,5208707,42,7420
2017,5208707,43,6397
2017,5208707,45,17639
2017,5208707,46,22439
2017,5208707,47,69866
2017,5208707,49,17214
2017,5208707,51,583
2017,5208707,52,2938
2017,5208707,53,1923
2017,5208707,55,2704
2017,5208707,56,20174
2017,5208707,58,877
2017,5208707,59,415
2017,5208707,60,1364
2017,5208707,61,1646
2017,5208707,62,4505
2017,5208707,63,1818
2017,5208707,64,6961
2017,5208707,65,2138
2017,5208707,66,997
2017,5208707,68,2085
2017,5208707,69,6669
2017,5208707,70,1246
2017,5208707,71,2292
2017,5208707,72,235
2017,5208707,73,1178
2017,5208707,74,981
2017,5208707,75,160
2017,5208707,77,2333
2017,5208707,78,4880
2017,5208707,79,800
2017,5208707,80,7646
2017,5208707,81,18547
2017,5208707,82,23560
2017,5208707,84,180695
2017,5208707,85,28411
2017,5208707,86,30257
2017,5208707,87,790
2017,5208707,88,3139
2017,5208707,90,476
2017,5208707,91,43
2017,5208707,92,5
2017,5208707,93,2996
2017,5208707,94,22529
2017,5208707,95,1539
2017,5208707,96,2949
2017,5208707,97,65
2017,5208707,99,119
2018,5208707,01,2508
2018,5208707,02,23
2018,5208707,03,24
2018,5208707,07,13
2018,5208707,08,119
2018,5208707,09,50
2018,5208707,10,10266
2018,5208707,11,401
2018,5208707,13,905
2018,5208707,14,7527
2018,5208707,15,828
2018,5208707,16,254
2018,5208707,17,362
2018,5208707,18,1357
2018,5208707,20,1243
2018,5208707,21,1664
2018,5208707,22,2078
2018,5208707,23,1643
2018,5208707,24,169
2018,5208707,25,2418
2018,5208707,26,179
2018,5208707,27,476
2018,5208707,28,978
2018,5208707,29,925
2018,5208707,30,68
2018,5208707,31,1945
2018,5208707,32,1567
2018,5208707,33,1574
2018,5208707,35,962
2018,5208707,36,6256
2018,5208707,37,37
2018,5208707,38,1729
2018,5208707,41,14415
2018,5208707,42,7191
2018,5208707,43,7066
2018,5208707,45,17845
2018,5208707,46,22988
2018,5208707,47,68397
2018,5208707,49,17659
2018,5208707,51,602
2018,5208707,52,2718
2018,5208707,53,1752
2018,5208707,55,2618
2018,5208707,56,19978
2018,5208707,58,703
2018,5208707,59,389
2018,5208707,60,1308
2018,5208707,61,1888
2018,5208707,62,4512
2018,5208707,63,1336
2018,5208707,64,7302
2018,5208707,65,2140
2018,5208707,66,1133
2018,5208707,68,2255
2018,5208707,69,6933
2018,5208707,70,1096
2018,5208707,71,3387
2018,5208707,72,243
2018,5208707,73,1342
2018,5208707,74,1882
2018,5208707,75,174
2018,5208707,77,2666
2018,5208707,78,1244
2018,5208707,79,763
2018,5208707,80,8803
2018,5208707,81,16334
2018,5208707,82,29429
2018,5208707,84,166106
2018,5208707,85,29560
2018,5208707,86,30709
2018,5208707,87,763
2018,5208707,88,3041
2018,5208707,90,497
2018,5208707,91,3
2018,5208707,92,5
2018,5208707,93,2837
2018,5208707,94,21774
2018,5208707,95,1423
2018,5208707,96,3201
2018,5208707,97,49
2018,5208707,99,1
2019,5208707,01,2171
2019,5208707,02,20
2019,5208707,03,29
2019,5208707,07,17
2019,5208707,08,54
2019,5208707,09,11
2019,5208707,10,9628
2019,5208707,11,415
2019,5208707,13,774
2019,5208707,14,7124
2019,5208707,15,823
2019,5208707,16,262
2019,5208707,17,884
2019,5208707,18,1361
2019,5208707,19,87
2019,5208707,20,957
2019,5208707,21,1267
2019,5208707,22,1853
2019,5208707,23,1593
2019,5208707,24,80
2019,5208707,25,3008
2019,5208707,26,133
2019,5208707,27,566
2019,5208707,28,806
2019,5208707,29,881
2019,5208707,30,81
2019,5208707,31,1699
2019,5208707,32,1553
2019,5208707,33,2029
2019,5208707,35,948
2019,5208707,36,6447
2019,5208707,37,55
2019,5208707,38,1250
2019,5208707,41,14765
2019,5208707,42,8137
2019,5208707,43,8895
2019,5208707,45,18017
2019,5208707,46,23081
2019,5208707,47,67192
2019,5208707,49,18707
2019,5208707,51,623
2019,5208707,52,2437
2019,5208707,53,1622
2019,5208707,55,2417
2019,5208707,56,19563
2019,5208707,58,646
2019,5208707,59,460
2019,5208707,60,1395
2019,5208707,61,2332
2019,5208707,62,4553
2019,5208707,63,1066
2019,5208707,64,7988
2019,5208707,65,1535
2019,5208707,66,1157
2019,5208707,68,2637
2019,5208707,69,7042
2019,5208707,70,1049
2019,5208707,71,2712
2019,5208707,72,147
2019,5208707,73,1634
2019,5208707,74,1010
2019,5208707,75,197
2019,5208707,77,2806
2019,5208707,78,2523
2019,5208707,79,668
2019,5208707,80,7864
2019,5208707,81,19533
2019,5208707,82,27655
2019,5208707,84,150206
2019,5208707,85,28809
2019,5208707,86,33348
2019,5208707,87,842
2019,5208707,88,2960
2019,5208707,90,645
2019,5208707,91,1
2019,5208707,92,6
2019,5208707,93,2805
2019,5208707,94,18550
2019,5208707,95,1700
2019,5208707,96,3035
2019,5208707,97,33
2019,5208707,99,1
2020,5208707,01,1808
2020,5208707,02,12
2020,5208707,03,29
2020,5208707,07,10
2020,5208707,08,58
2020,5208707,09,40
2020,5208707,10,8887
2020,5208707,11,438
2020,5208707,12,2
2020,5208707,13,721
2020,5208707,14,6427
2020,5208707,15,788
2020,5208707,16,189
2020,5208707,17,415
2020,5208707,18,1283
2020,5208707,19,89
2020,5208707,20,961
2020,5208707,21,1565
2020,5208707,22,1980
2020,5208707,23,1454
2020,5208707,24,60
2020,5208707,25,2897
2020,5208707,26,115
2020,5208707,27,565
2020,5208707,28,774
2020,5208707,29,817
2020,5208707,30,85
2020,5208707,31,1761
2020,5208707,32,1497
2020,5208707,33,2210
2020,5208707,35,1005
2020,5208707,36,6442
2020,5208707,37,54
2020,5208707,38,6325
2020,5208707,41,14633
2020,5208707,42,8748
2020,5208707,43,7623
2020,5208707,45,17362
2020,5208707,46,23306
2020,5208707,47,63609
2020,5208707,49,17464
2020,5208707,51,525
2020,5208707,52,2692
2020,5208707,53,1758
2020,5208707,55,1940
2020,5208707,56,16856
2020,5208707,58,585
2020,5208707,59,353
2020,5208707,60,1169
2020,5208707,61,2445
2020,5208707,62,4290
2020,5208707,63,1271
2020,5208707,64,7417
2020,5208707,65,1076
2020,5208707,66,1246
2020,5208707,68,2442
2020,5208707,69,6851
2020,5208707,70,1131
2020,5208707,71,3371
2020,5208707,72,294
2020,5208707,73,1573
2020,5208707,74,988
2020,5208707,75,200
2020,5208707,77,2554
2020,5208707,78,2327
2020,5208707,79,471
2020,5208707,80,8146
2020,5208707,81,18545
2020,5208707,82,28726
2020,5208707,84,152827
2020,5208707,85,23190
2020,5208707,86,35235
2020,5208707,87,832
2020,5208707,88,2776
2020,5208707,90,363
2020,5208707,91,1
2020,5208707,93,2407
2020,5208707,94,14962
2020,5208707,95,1474
2020,5208707,96,2728
2020,5208707,97,20
2020,5208707,99,1
2021,5208707,01,1552
2021,5208707,02,15
2021,5208707,03,35
2021,5208707,07,15
2021,5208707,08,32
2021,5208707,09,20
2021,5208707,10,8716
2021,5208707,11,464
2021,5208707,12,2
2021,5208707,13,910
2021,5208707,14,7355
2021,5208707,15,802
2021,5208707,16,246
2021,5208707,17,823
2021,5208707,18,1178
2021,5208707,19,96
2021,5208707,20,1081
2021,5208707,21,2120
2021,5208707,22,2284
2021,5208707,23,1684
2021,5208707,24,64
2021,5208707,25,2912
2021,5208707,26,85
2021,5208707,27,582
2021,5208707,28,845
2021,5208707,29,880
2021,5208707,30,118
2021,5208707,31,1758
2021,5208707,32,1704
2021,5208707,33,2590
2021,5208707,35,1173
2021,5208707,36,6416
2021,5208707,37,75
2021,5208707,38,8570
2021,5208707,41,15964
2021,5208707,42,9807
2021,5208707,43,9028
2021,5208707,45,18650
2021,5208707,46,25578
2021,5208707,47,64334
2021,5208707,49,16682
2021,5208707,50,1
2021,5208707,51,537
2021,5208707,52,2777
2021,5208707,53,1651
2021,5208707,55,2149
2021,5208707,56,17673
2021,5208707,58,589
2021,5208707,59,313
2021,5208707,60,1543
2021,5208707,61,2431
2021,5208707,62,5268
2021,5208707,63,1405
2021,5208707,64,8830
2021,5208707,65,1195
2021,5208707,66,1488
2021,5208707,68,2605
2021,5208707,69,7744
2021,5208707,70,1590
2021,5208707,71,3530
2021,5208707,72,391
2021,5208707,73,1592
2021,5208707,74,1087
2021,5208707,75,317
2021,5208707,77,2724
2021,5208707,78,5396
2021,5208707,79,614
2021,5208707,80,8185
2021,5208707,81,18148
2021,5208707,82,31236
2021,5208707,84,140375
2021,5208707,85,25734
2021,5208707,86,36999
2021,5208707,87,796
2021,5208707,88,2851
2021,5208707,90,294
2021,5208707,91,1
2021,5208707,93,2667
2021,5208707,94,17920
2021,5208707,95,1649
2021,5208707,96,2857
2021,5208707,97,19
2021,5208707,99,1
2022,5208707,01,2120
2022,5208707,02,18
2022,5208707,03,14
2022,5208707,07,32
2022,5208707,08,42
2022,5208707,09,13
2022,5208707,10,10804
2022,5208707,11,579
2022,5208707,13,1484
2022,5208707,14,8690
2022,5208707,15,823
2022,5208707,16,250
2022,5208707,17,796
2022,5208707,18,1255
2022,5208707,19,86
2022,5208707,20,1273
2022,5208707,21,2272
2022,5208707,22,2335
2022,5208707,23,1622
2022,5208707,24,63
2022,5208707,25,3512
2022,5208707,26,132
2022,5208707,27,552
2022,5208707,28,762
2022,5208707,29,1048
2022,5208707,30,116
2022,5208707,31,1920
2022,5208707,32,2021
2022,5208707,33,3104
2022,5208707,35,963
2022,5208707,36,6090
2022,5208707,37,181
2022,5208707,38,9345
2022,5208707,39,12
2022,5208707,41,17049
2022,5208707,42,7464
2022,5208707,43,10981
2022,5208707,45,21022
2022,5208707,46,27499
2022,5208707,47,68783
2022,5208707,49,18407
2022,5208707,51,542
2022,5208707,52,3544
2022,5208707,53,1642
2022,5208707,55,2368
2022,5208707,56,21944
2022,5208707,58,594
2022,5208707,59,428
2022,5208707,60,1968
2022,5208707,61,2616
2022,5208707,62,6332
2022,5208707,63,1868
2022,5208707,64,9536
2022,5208707,65,990
2022,5208707,66,1642
2022,5208707,68,2795
2022,5208707,69,8385
2022,5208707,70,1858
2022,5208707,71,4072
2022,5208707,72,261
2022,5208707,73,2275
2022,5208707,74,1314
2022,5208707,75,459
2022,5208707,77,3969
2022,5208707,78,2814
2022,5208707,79,726
2022,5208707,80,9783
2022,5208707,81,20252
2022,5208707,82,38084
2022,5208707,84,92431
2022,5208707,85,79580
2022,5208707,86,46587
2022,5208707,87,1183
2022,5208707,88,3226
2022,5208707,90,555
2022,5208707,91,6
2022,5208707,93,3187
2022,5208707,94,22766
2022,5208707,95,1615
2022,5208707,96,3238
2022,5208707,97,37
2022,5208707,99,3
2023,5208707,01,2067
2023,5208707,02,24
2023,5208707,03,18
2023,5208707,07,1
2023,5208707,08,42
2023,5208707,09,4
2023,5208707,10,10459
2023,5208707,11,574
2023,5208707,13,1361
2023,5208707,14,8402
2023,5208707,15,826
2023,5208707,16,238
2023,5208707,17,560
2023,5208707,18,1345
2023,5208707,19,89
2023,5208707,20,1354
2023,5208707,21,2038
2023,5208707,22,2417
2023,5208707,23,1405
2023,5208707,24,60
2023,5208707,25,3787
2023,5208707,26,213
2023,5208707,27,440
2023,5208707,28,653
2023,5208707,29,1104
2023,5208707,30,125
2023,5208707,31,1822
2023,5208707,32,1954
2023,5208707,33,3023
2023,5208707,35,1085
2023,5208707,36,6034
2023,5208707,37,173
2023,5208707,38,11007
2023,5208707,39,13
2023,5208707,41,20391
2023,5208707,42,6517
2023,5208707,43,11849
2023,5208707,45,20806
2023,5208707,46,30309
2023,5208707,47,67333
2023,5208707,49,18837
2023,5208707,51,547
2023,5208707,52,3333
2023,5208707,53,1776
2023,5208707,55,2330
2023,5208707,56,22898
2023,5208707,58,594
2023,5208707,59,543
2023,5208707,60,1108
2023,5208707,61,2660
2023,5208707,62,7179
2023,5208707,63,1915
2023,5208707,64,9612
2023,5208707,65,1157
2023,5208707,66,1642
2023,5208707,68,2764
2023,5208707,69,8504
2023,5208707,70,2414
2023,5208707,71,3828
2023,5208707,72,303
2023,5208707,73,2728
2023,5208707,74,1517
2023,5208707,75,693
2023,5208707,77,4843
2023,5208707,78,3549
2023,5208707,79,828
2023,5208707,80,10767
2023,5208707,81,18771
2023,5208707,82,39780
2023,5208707,84,117618
2023,5208707,85,89802
2023,5208707,86,49309
2023,5208707,87,862
2023,5208707,88,3430
2023,5208707,90,666
2023,5208707,91,5
2023,5208707,92,2
2023,5208707,93,3515
2023,5208707,94,22000
2023,5208707,95,1550
2023,5208707,96,3342
2023,5208707,97,4
2002,5300108,NA,813591
2003,5300108,NA,810122
2004,5300108,NA,854463
2005,5300108,NA,891709
2006,5300108,00,14201
2006,5300108,01,6128
2006,5300108,02,21
2006,5300108,03,29
2006,5300108,07,93
2006,5300108,08,256
2006,5300108,09,77
2006,5300108,10,5797
2006,5300108,11,1775
2006,5300108,12,56
2006,5300108,13,35
2006,5300108,14,1224
2006,5300108,15,38
2006,5300108,16,381
2006,5300108,17,363
2006,5300108,18,1804
2006,5300108,19,43
2006,5300108,20,426
2006,5300108,21,610
2006,5300108,22,603
2006,5300108,23,1391
2006,5300108,24,397
2006,5300108,25,1251
2006,5300108,26,263
2006,5300108,27,176
2006,5300108,28,421
2006,5300108,29,156
2006,5300108,30,38
2006,5300108,31,1084
2006,5300108,32,245
2006,5300108,33,771
2006,5300108,35,2007
2006,5300108,36,2302
2006,5300108,37,2057
2006,5300108,38,210
2006,5300108,39,3
2006,5300108,41,19787
2006,5300108,42,15416
2006,5300108,43,6672
2006,5300108,45,15911
2006,5300108,46,15633
2006,5300108,47,91262
2006,5300108,49,17907
2006,5300108,50,1
2006,5300108,51,1356
2006,5300108,52,4602
2006,5300108,53,6238
2006,5300108,55,4025
2006,5300108,56,27178
2006,5300108,58,2104
2006,5300108,59,494
2006,5300108,60,2301
2006,5300108,61,4463
2006,5300108,62,16374
2006,5300108,63,4618
2006,5300108,64,24107
2006,5300108,65,2928
2006,5300108,66,1977
2006,5300108,68,1700
2006,5300108,69,3827
2006,5300108,70,1112
2006,5300108,71,2815
2006,5300108,72,3057
2006,5300108,73,1158
2006,5300108,74,1165
2006,5300108,75,180
2006,5300108,77,2009
2006,5300108,78,13625
2006,5300108,79,1973
2006,5300108,80,17839
2006,5300108,81,44704
2006,5300108,82,23294
2006,5300108,84,376997
2006,5300108,85,27564
2006,5300108,86,22163
2006,5300108,87,947
2006,5300108,88,2304
2006,5300108,90,207
2006,5300108,91,1500
2006,5300108,92,38
2006,5300108,93,4942
2006,5300108,94,22976
2006,5300108,95,1808
2006,5300108,96,3882
2006,5300108,97,178
2006,5300108,99,879
2007,5300108,00,16165
2007,5300108,01,5886
2007,5300108,02,28
2007,5300108,03,28
2007,5300108,05,3
2007,5300108,07,62
2007,5300108,08,322
2007,5300108,09,102
2007,5300108,10,6091
2007,5300108,11,1854
2007,5300108,12,57
2007,5300108,13,117
2007,5300108,14,1029
2007,5300108,15,72
2007,5300108,16,526
2007,5300108,17,338
2007,5300108,18,1658
2007,5300108,19,75
2007,5300108,20,404
2007,5300108,21,715
2007,5300108,22,585
2007,5300108,23,1486
2007,5300108,24,387
2007,5300108,25,1431
2007,5300108,26,303
2007,5300108,27,250
2007,5300108,28,454
2007,5300108,29,128
2007,5300108,30,35
2007,5300108,31,1080
2007,5300108,32,258
2007,5300108,33,737
2007,5300108,35,2490
2007,5300108,36,2420
2007,5300108,37,2395
2007,5300108,38,264
2007,5300108,39,2
2007,5300108,41,21090
2007,5300108,42,15808
2007,5300108,43,6799
2007,5300108,45,18252
2007,5300108,46,17545
2007,5300108,47,100290
2007,5300108,49,20295
2007,5300108,51,1583
2007,5300108,52,5289
2007,5300108,53,7048
2007,5300108,55,4174
2007,5300108,56,29687
2007,5300108,58,2143
2007,5300108,59,480
2007,5300108,60,2292
2007,5300108,61,4818
2007,5300108,62,12654
2007,5300108,63,3936
2007,5300108,64,26038
2007,5300108,65,2974
2007,5300108,66,1650
2007,5300108,68,1746
2007,5300108,69,4001
2007,5300108,70,1417
2007,5300108,71,3189
2007,5300108,72,3174
2007,5300108,73,1441
2007,5300108,74,1253
2007,5300108,75,176
2007,5300108,77,2381
2007,5300108,78,19720
2007,5300108,79,2079
2007,5300108,80,17978
2007,5300108,81,40967
2007,5300108,82,19494
2007,5300108,84,378572
2007,5300108,85,30115
2007,5300108,86,23114
2007,5300108,87,987
2007,5300108,88,1777
2007,5300108,90,118
2007,5300108,91,1560
2007,5300108,92,20
2007,5300108,93,4265
2007,5300108,94,22985
2007,5300108,95,1989
2007,5300108,96,3947
2007,5300108,97,189
2007,5300108,99,928
2008,5300108,00,8086
2008,5300108,01,5877
2008,5300108,02,34
2008,5300108,03,36
2008,5300108,07,47
2008,5300108,08,298
2008,5300108,09,116
2008,5300108,10,6356
2008,5300108,11,2016
2008,5300108,12,66
2008,5300108,13,123
2008,5300108,14,1236
2008,5300108,15,82
2008,5300108,16,583
2008,5300108,17,298
2008,5300108,18,1692
2008,5300108,19,102
2008,5300108,20,345
2008,5300108,21,935
2008,5300108,22,634
2008,5300108,23,1894
2008,5300108,24,306
2008,5300108,25,1751
2008,5300108,26,473
2008,5300108,27,426
2008,5300108,28,369
2008,5300108,29,162
2008,5300108,30,103
2008,5300108,31,1319
2008,5300108,32,456
2008,5300108,33,666
2008,5300108,35,2574
2008,5300108,36,2429
2008,5300108,37,2365
2008,5300108,38,1192
2008,5300108,39,62
2008,5300108,41,25638
2008,5300108,42,16341
2008,5300108,43,8768
2008,5300108,45,17567
2008,5300108,46,18522
2008,5300108,47,109225
2008,5300108,49,22402
2008,5300108,50,11
2008,5300108,51,1669
2008,5300108,52,4875
2008,5300108,53,7642
2008,5300108,55,4590
2008,5300108,56,32076
2008,5300108,58,2256
2008,5300108,59,467
2008,5300108,60,1287
2008,5300108,61,6663
2008,5300108,62,13179
2008,5300108,63,3177
2008,5300108,64,30711
2008,5300108,65,3616
2008,5300108,66,1920
2008,5300108,68,2045
2008,5300108,69,4227
2008,5300108,70,1610
2008,5300108,71,4228
2008,5300108,72,3146
2008,5300108,73,1388
2008,5300108,74,1312
2008,5300108,75,158
2008,5300108,77,2620
2008,5300108,78,19190
2008,5300108,79,2307
2008,5300108,80,18560
2008,5300108,81,45174
2008,5300108,82,24631
2008,5300108,84,393218
2008,5300108,85,34168
2008,5300108,86,24294
2008,5300108,87,610
2008,5300108,88,2350
2008,5300108,90,244
2008,5300108,91,1500
2008,5300108,92,96
2008,5300108,93,4549
2008,5300108,94,23594
2008,5300108,95,2252
2008,5300108,96,4098
2008,5300108,97,205
2008,5300108,99,1198
2009,5300108,01,6088
2009,5300108,02,30
2009,5300108,03,29
2009,5300108,05,1
2009,5300108,07,6
2009,5300108,08,319
2009,5300108,09,181
2009,5300108,10,6821
2009,5300108,11,2276
2009,5300108,12,72
2009,5300108,13,134
2009,5300108,14,1262
2009,5300108,15,142
2009,5300108,16,696
2009,5300108,17,361
2009,5300108,18,1913
2009,5300108,19,95
2009,5300108,20,314
2009,5300108,21,1048
2009,5300108,22,565
2009,5300108,23,2162
2009,5300108,24,276
2009,5300108,25,1803
2009,5300108,26,346
2009,5300108,27,441
2009,5300108,28,297
2009,5300108,29,240
2009,5300108,30,60
2009,5300108,31,1230
2009,5300108,32,323
2009,5300108,33,989
2009,5300108,35,2620
2009,5300108,36,2443
2009,5300108,37,134
2009,5300108,38,3506
2009,5300108,39,18
2009,5300108,41,31751
2009,5300108,42,20216
2009,5300108,43,10385
2009,5300108,45,18179
2009,5300108,46,20042
2009,5300108,47,117035
2009,5300108,49,24512
2009,5300108,51,1886
2009,5300108,52,4746
2009,5300108,53,7410
2009,5300108,55,4561
2009,5300108,56,34999
2009,5300108,58,2033
2009,5300108,59,614
2009,5300108,60,2796
2009,5300108,61,4817
2009,5300108,62,16310
2009,5300108,63,2789
2009,5300108,64,30960
2009,5300108,65,3575
2009,5300108,66,2123
2009,5300108,68,2665
2009,5300108,69,5344
2009,5300108,70,1851
2009,5300108,71,4532
2009,5300108,72,3488
2009,5300108,73,1529
2009,5300108,74,1301
2009,5300108,75,196
2009,5300108,77,3062
2009,5300108,78,8152
2009,5300108,79,2449
2009,5300108,80,20289
2009,5300108,81,49971
2009,5300108,82,22837
2009,5300108,84,424676
2009,5300108,85,38034
2009,5300108,86,28697
2009,5300108,87,1375
2009,5300108,88,2816
2009,5300108,90,260
2009,5300108,91,167
2009,5300108,92,62
2009,5300108,93,5066
2009,5300108,94,24150
2009,5300108,95,2569
2009,5300108,96,4245
2009,5300108,97,220
2009,5300108,99,1258
2010,5300108,01,6326
2010,5300108,02,57
2010,5300108,03,26
2010,5300108,07,25
2010,5300108,08,358
2010,5300108,09,38
2010,5300108,10,8049
2010,5300108,11,2348
2010,5300108,12,89
2010,5300108,13,108
2010,5300108,14,1276
2010,5300108,15,114
2010,5300108,16,875
2010,5300108,17,361
2010,5300108,18,2096
2010,5300108,19,185
2010,5300108,20,409
2010,5300108,21,1132
2010,5300108,22,528
2010,5300108,23,2724
2010,5300108,24,94
2010,5300108,25,2191
2010,5300108,26,320
2010,5300108,27,500
2010,5300108,28,508
2010,5300108,29,258
2010,5300108,30,66
2010,5300108,31,1405
2010,5300108,32,505
2010,5300108,33,1134
2010,5300108,35,1324
2010,5300108,36,2621
2010,5300108,37,65
2010,5300108,38,4112
2010,5300108,39,8
2010,5300108,41,38340
2010,5300108,42,19604
2010,5300108,43,13320
2010,5300108,45,19898
2010,5300108,46,21150
2010,5300108,47,120880
2010,5300108,49,25078
2010,5300108,51,1973
2010,5300108,52,5306
2010,5300108,53,8210
2010,5300108,55,4693
2010,5300108,56,37655
2010,5300108,58,1988
2010,5300108,59,692
2010,5300108,60,3563
2010,5300108,61,4574
2010,5300108,62,16792
2010,5300108,63,2669
2010,5300108,64,32136
2010,5300108,65,3524
2010,5300108,66,2342
2010,5300108,68,2934
2010,5300108,69,6500
2010,5300108,70,1866
2010,5300108,71,4162
2010,5300108,72,3188
2010,5300108,73,1792
2010,5300108,74,1520
2010,5300108,75,193
2010,5300108,77,3423
2010,5300108,78,7155
2010,5300108,79,2702
2010,5300108,80,22619
2010,5300108,81,53245
2010,5300108,82,26992
2010,5300108,84,417095
2010,5300108,85,40751
2010,5300108,86,31272
2010,5300108,87,979
2010,5300108,88,2728
2010,5300108,90,314
2010,5300108,91,358
2010,5300108,92,55
2010,5300108,93,5522
2010,5300108,94,27071
2010,5300108,95,2978
2010,5300108,96,4486
2010,5300108,97,94
2010,5300108,99,1216
2011,5300108,01,6990
2011,5300108,02,73
2011,5300108,03,30
2011,5300108,07,34
2011,5300108,08,427
2011,5300108,09,28
2011,5300108,10,8075
2011,5300108,11,2667
2011,5300108,12,93
2011,5300108,13,113
2011,5300108,14,1149
2011,5300108,15,173
2011,5300108,16,877
2011,5300108,17,311
2011,5300108,18,2115
2011,5300108,19,62
2011,5300108,20,416
2011,5300108,21,1260
2011,5300108,22,497
2011,5300108,23,2933
2011,5300108,24,120
2011,5300108,25,2730
2011,5300108,26,361
2011,5300108,27,525
2011,5300108,28,518
2011,5300108,29,282
2011,5300108,30,75
2011,5300108,31,1532
2011,5300108,32,556
2011,5300108,33,1223
2011,5300108,35,1602
2011,5300108,36,2591
2011,5300108,37,92
2011,5300108,38,2112
2011,5300108,39,4
2011,5300108,41,46561
2011,5300108,42,19775
2011,5300108,43,15151
2011,5300108,45,20678
2011,5300108,46,23212
2011,5300108,47,124866
2011,5300108,49,26111
2011,5300108,51,2199
2011,5300108,52,6443
2011,5300108,53,8289
2011,5300108,55,4665
2011,5300108,56,41714
2011,5300108,58,2114
2011,5300108,59,680
2011,5300108,60,3675
2011,5300108,61,6703
2011,5300108,62,17009
2011,5300108,63,2353
2011,5300108,64,22737
2011,5300108,65,3788
2011,5300108,66,2617
2011,5300108,68,3206
2011,5300108,69,6671
2011,5300108,70,1913
2011,5300108,71,5723
2011,5300108,72,3188
2011,5300108,73,6404
2011,5300108,74,1826
2011,5300108,75,198
2011,5300108,77,3606
2011,5300108,78,13618
2011,5300108,79,2735
2011,5300108,80,25152
2011,5300108,81,59584
2011,5300108,82,29365
2011,5300108,84,427678
2011,5300108,85,42839
2011,5300108,86,30447
2011,5300108,87,1174
2011,5300108,88,2979
2011,5300108,90,373
2011,5300108,91,184
2011,5300108,92,8
2011,5300108,93,5679
2011,5300108,94,28549
2011,5300108,95,3403
2011,5300108,96,4779
2011,5300108,97,251
2011,5300108,99,1390
2012,5300108,01,7076
2012,5300108,02,58
2012,5300108,03,37
2012,5300108,05,5
2012,5300108,07,55
2012,5300108,08,310
2012,5300108,09,17
2012,5300108,10,8143
2012,5300108,11,4155
2012,5300108,12,95
2012,5300108,13,128
2012,5300108,14,1256
2012,5300108,15,192
2012,5300108,16,900
2012,5300108,17,303
2012,5300108,18,1909
2012,5300108,19,164
2012,5300108,20,458
2012,5300108,21,1367
2012,5300108,22,648
2012,5300108,23,3117
2012,5300108,24,111
2012,5300108,25,2978
2012,5300108,26,293
2012,5300108,27,615
2012,5300108,28,706
2012,5300108,29,245
2012,5300108,30,59
2012,5300108,31,1696
2012,5300108,32,599
2012,5300108,33,1452
2012,5300108,35,3113
2012,5300108,36,2747
2012,5300108,37,96
2012,5300108,38,5183
2012,5300108,39,1
2012,5300108,41,48582
2012,5300108,42,14748
2012,5300108,43,16735
2012,5300108,45,21065
2012,5300108,46,22124
2012,5300108,47,129397
2012,5300108,49,27710
2012,5300108,51,2300
2012,5300108,52,6815
2012,5300108,53,8614
2012,5300108,55,4838
2012,5300108,56,43994
2012,5300108,58,2019
2012,5300108,59,711
2012,5300108,60,4038
2012,5300108,61,6904
2012,5300108,62,17358
2012,5300108,63,2463
2012,5300108,64,34708
2012,5300108,65,3649
2012,5300108,66,3231
2012,5300108,68,3184
2012,5300108,69,7585
2012,5300108,70,1931
2012,5300108,71,6527
2012,5300108,72,3067
2012,5300108,73,1946
2012,5300108,74,1528
2012,5300108,75,192
2012,5300108,77,3904
2012,5300108,78,15322
2012,5300108,79,2885
2012,5300108,80,25196
2012,5300108,81,47428
2012,5300108,82,31723
2012,5300108,84,428707
2012,5300108,85,45212
2012,5300108,86,33070
2012,5300108,87,1314
2012,5300108,88,4325
2012,5300108,90,401
2012,5300108,91,136
2012,5300108,92,8
2012,5300108,93,6101
2012,5300108,94,26615
2012,5300108,95,4561
2012,5300108,96,4896
2012,5300108,97,107
2012,5300108,99,1488
2013,5300108,01,7748
2013,5300108,02,42
2013,5300108,03,34
2013,5300108,07,14
2013,5300108,08,324
2013,5300108,09,13
2013,5300108,10,8208
2013,5300108,11,2540
2013,5300108,12,84
2013,5300108,13,131
2013,5300108,14,1077
2013,5300108,15,144
2013,5300108,16,707
2013,5300108,17,254
2013,5300108,18,1721
2013,5300108,19,82
2013,5300108,20,440
2013,5300108,21,1660
2013,5300108,22,673
2013,5300108,23,2940
2013,5300108,24,110
2013,5300108,25,3313
2013,5300108,26,356
2013,5300108,27,583
2013,5300108,28,430
2013,5300108,29,207
2013,5300108,30,55
2013,5300108,31,1503
2013,5300108,32,652
2013,5300108,33,1422
2013,5300108,35,2890
2013,5300108,36,2769
2013,5300108,37,218
2013,5300108,38,5536
2013,5300108,41,45632
2013,5300108,42,17460
2013,5300108,43,16748
2013,5300108,45,20924
2013,5300108,46,23123
2013,5300108,47,131919
2013,5300108,49,28297
2013,5300108,50,1
2013,5300108,51,2473
2013,5300108,52,7162
2013,5300108,53,8622
2013,5300108,55,4857
2013,5300108,56,46694
2013,5300108,58,2176
2013,5300108,59,743
2013,5300108,60,3846
2013,5300108,61,4898
2013,5300108,62,18848
2013,5300108,63,2151
2013,5300108,64,62805
2013,5300108,65,3611
2013,5300108,66,3461
2013,5300108,68,3472
2013,5300108,69,7831
2013,5300108,70,2929
2013,5300108,71,6502
2013,5300108,72,2990
2013,5300108,73,1893
2013,5300108,74,2752
2013,5300108,75,218
2013,5300108,77,4197
2013,5300108,78,18707
2013,5300108,79,2777
2013,5300108,80,26850
2013,5300108,81,52168
2013,5300108,82,34252
2013,5300108,84,500147
2013,5300108,85,47503
2013,5300108,86,35010
2013,5300108,87,1083
2013,5300108,88,4441
2013,5300108,90,355
2013,5300108,91,196
2013,5300108,92,10
2013,5300108,93,6801
2013,5300108,94,23835
2013,5300108,95,3682
2013,5300108,96,4869
2013,5300108,97,129
2013,5300108,99,1354
2014,5300108,01,7770
2014,5300108,02,52
2014,5300108,03,37
2014,5300108,07,7
2014,5300108,08,177
2014,5300108,09,29
2014,5300108,10,8203
2014,5300108,11,2463
2014,5300108,12,86
2014,5300108,13,147
2014,5300108,14,1162
2014,5300108,15,135
2014,5300108,16,745
2014,5300108,17,247
2014,5300108,18,1638
2014,5300108,20,439
2014,5300108,21,1620
2014,5300108,22,632
2014,5300108,23,2755
2014,5300108,24,131
2014,5300108,25,3002
2014,5300108,26,367
2014,5300108,27,718
2014,5300108,28,339
2014,5300108,29,220
2014,5300108,30,50
2014,5300108,31,1352
2014,5300108,32,676
2014,5300108,33,1528
2014,5300108,35,2718
2014,5300108,36,2614
2014,5300108,37,104
2014,5300108,38,5886
2014,5300108,41,38096
2014,5300108,42,14689
2014,5300108,43,16412
2014,5300108,45,20402
2014,5300108,46,23041
2014,5300108,47,131391
2014,5300108,49,29190
2014,5300108,51,2754
2014,5300108,52,8099
2014,5300108,53,8344
2014,5300108,55,5087
2014,5300108,56,48288
2014,5300108,58,2101
2014,5300108,59,787
2014,5300108,60,4036
2014,5300108,61,4063
2014,5300108,62,18802
2014,5300108,63,2822
2014,5300108,64,36584
2014,5300108,65,5091
2014,5300108,66,3909
2014,5300108,68,4067
2014,5300108,69,8112
2014,5300108,70,3381
2014,5300108,71,5945
2014,5300108,72,3081
2014,5300108,73,2179
2014,5300108,74,3265
2014,5300108,75,201
2014,5300108,77,4359
2014,5300108,78,18901
2014,5300108,79,2906
2014,5300108,80,27313
2014,5300108,81,55281
2014,5300108,82,39442
2014,5300108,84,525171
2014,5300108,85,50428
2014,5300108,86,45508
2014,5300108,87,1693
2014,5300108,88,5477
2014,5300108,90,317
2014,5300108,91,178
2014,5300108,92,10
2014,5300108,93,6936
2014,5300108,94,25068
2014,5300108,95,3860
2014,5300108,96,5248
2014,5300108,97,101
2014,5300108,99,1363
2015,5300108,01,6322
2015,5300108,02,30
2015,5300108,03,29
2015,5300108,05,14
2015,5300108,07,6
2015,5300108,08,244
2015,5300108,09,6
2015,5300108,10,9245
2015,5300108,11,2276
2015,5300108,12,90
2015,5300108,13,164
2015,5300108,14,1018
2015,5300108,15,109
2015,5300108,16,627
2015,5300108,17,236
2015,5300108,18,1554
2015,5300108,20,358
2015,5300108,21,1742
2015,5300108,22,455
2015,5300108,23,2702
2015,5300108,24,137
2015,5300108,25,2460
2015,5300108,26,369
2015,5300108,27,356
2015,5300108,28,294
2015,5300108,29,214
2015,5300108,30,2
2015,5300108,31,1291
2015,5300108,32,677
2015,5300108,33,1323
2015,5300108,35,2749
2015,5300108,36,2576
2015,5300108,37,89
2015,5300108,38,5742
2015,5300108,39,1
2015,5300108,41,28080
2015,5300108,42,11180
2015,5300108,43,14167
2015,5300108,45,18960
2015,5300108,46,21946
2015,5300108,47,129015
2015,5300108,49,28513
2015,5300108,50,1
2015,5300108,51,3094
2015,5300108,52,7406
2015,5300108,53,8552
2015,5300108,55,4863
2015,5300108,56,46163
2015,5300108,58,1746
2015,5300108,59,731
2015,5300108,60,4083
2015,5300108,61,4750
2015,5300108,62,19128
2015,5300108,63,2645
2015,5300108,64,37411
2015,5300108,65,5169
2015,5300108,66,4161
2015,5300108,68,4292
2015,5300108,69,8454
2015,5300108,70,3460
2015,5300108,71,5120
2015,5300108,72,3035
2015,5300108,73,2338
2015,5300108,74,3573
2015,5300108,75,269
2015,5300108,77,4229
2015,5300108,78,20848
2015,5300108,79,2752
2015,5300108,80,26788
2015,5300108,81,54761
2015,5300108,82,38727
2015,5300108,84,478339
2015,5300108,85,52440
2015,5300108,86,56400
2015,5300108,87,1544
2015,5300108,88,5703
2015,5300108,90,255
2015,5300108,91,187
2015,5300108,92,13
2015,5300108,93,7412
2015,5300108,94,25399
2015,5300108,95,3781
2015,5300108,96,4809
2015,5300108,97,116
2015,5300108,99,1557
2016,5300108,01,6199
2016,5300108,02,40
2016,5300108,03,16
2016,5300108,05,10
2016,5300108,06,4
2016,5300108,07,14
2016,5300108,08,235
2016,5300108,09,2
2016,5300108,10,8959
2016,5300108,11,2112
2016,5300108,12,100
2016,5300108,13,171
2016,5300108,14,945
2016,5300108,15,92
2016,5300108,16,522
2016,5300108,17,279
2016,5300108,18,1479
2016,5300108,20,431
2016,5300108,21,1725
2016,5300108,22,506
2016,5300108,23,2684
2016,5300108,24,75
2016,5300108,25,1962
2016,5300108,26,428
2016,5300108,27,337
2016,5300108,28,148
2016,5300108,29,209
2016,5300108,30,1
2016,5300108,31,1115
2016,5300108,32,624
2016,5300108,33,1214
2016,5300108,35,2703
2016,5300108,36,2533
2016,5300108,37,131
2016,5300108,38,5804
2016,5300108,39,2
2016,5300108,41,23469
2016,5300108,42,10341
2016,5300108,43,12162
2016,5300108,45,18008
2016,5300108,46,21810
2016,5300108,47,120967
2016,5300108,49,26665
2016,5300108,51,2942
2016,5300108,52,7460
2016,5300108,53,8368
2016,5300108,55,4582
2016,5300108,56,46189
2016,5300108,58,1239
2016,5300108,59,640
2016,5300108,60,3977
2016,5300108,61,4482
2016,5300108,62,19997
2016,5300108,63,2835
2016,5300108,64,35641
2016,5300108,65,5208
2016,5300108,66,4356
2016,5300108,68,4019
2016,5300108,69,8728
2016,5300108,70,3380
2016,5300108,71,4210
2016,5300108,72,2949
2016,5300108,73,2235
2016,5300108,74,1474
2016,5300108,75,330
2016,5300108,77,3365
2016,5300108,78,17575
2016,5300108,79,2459
2016,5300108,80,25712
2016,5300108,81,50858
2016,5300108,82,39185
2016,5300108,84,492048
2016,5300108,85,52823
2016,5300108,86,64360
2016,5300108,87,1503
2016,5300108,88,5258
2016,5300108,90,256
2016,5300108,91,139
2016,5300108,92,8
2016,5300108,93,7434
2016,5300108,94,23846
2016,5300108,95,4524
2016,5300108,96,4870
2016,5300108,97,105
2016,5300108,99,1948
2017,5300108,01,5991
2017,5300108,02,39
2017,5300108,03,16
2017,5300108,05,8
2017,5300108,07,18
2017,5300108,08,156
2017,5300108,09,75
2017,5300108,10,9258
2017,5300108,11,1900
2017,5300108,13,140
2017,5300108,14,931
2017,5300108,15,99
2017,5300108,16,558
2017,5300108,17,194
2017,5300108,18,1347
2017,5300108,20,413
2017,5300108,21,1276
2017,5300108,22,535
2017,5300108,23,2881
2017,5300108,24,56
2017,5300108,25,1831
2017,5300108,26,418
2017,5300108,27,376
2017,5300108,28,142
2017,5300108,29,181
2017,5300108,30,15
2017,5300108,31,952
2017,5300108,32,631
2017,5300108,33,1193
2017,5300108,35,2544
2017,5300108,36,2590
2017,5300108,37,122
2017,5300108,38,5581
2017,5300108,39,1
2017,5300108,41,21939
2017,5300108,42,11206
2017,5300108,43,11559
2017,5300108,45,18080
2017,5300108,46,23243
2017,5300108,47,118791
2017,5300108,49,27217
2017,5300108,51,3311
2017,5300108,52,9706
2017,5300108,53,7140
2017,5300108,55,4509
2017,5300108,56,46589
2017,5300108,58,1185
2017,5300108,59,601
2017,5300108,60,3984
2017,5300108,61,5008
2017,5300108,62,21120
2017,5300108,63,3743
2017,5300108,64,36162
2017,5300108,65,5388
2017,5300108,66,4326
2017,5300108,68,3532
2017,5300108,69,8505
2017,5300108,70,2588
2017,5300108,71,4321
2017,5300108,72,2968
2017,5300108,73,2028
2017,5300108,74,1221
2017,5300108,75,352
2017,5300108,77,3588
2017,5300108,78,19405
2017,5300108,79,2151
2017,5300108,80,24683
2017,5300108,81,50719
2017,5300108,82,37279
2017,5300108,84,486489
2017,5300108,85,53274
2017,5300108,86,68401
2017,5300108,87,1925
2017,5300108,88,5023
2017,5300108,90,230
2017,5300108,91,139
2017,5300108,92,9
2017,5300108,93,7296
2017,5300108,94,23697
2017,5300108,95,2969
2017,5300108,96,4780
2017,5300108,97,107
2017,5300108,99,1775
2018,5300108,01,5627
2018,5300108,02,54
2018,5300108,03,14
2018,5300108,06,1
2018,5300108,07,14
2018,5300108,08,199
2018,5300108,09,73
2018,5300108,10,9377
2018,5300108,11,1976
2018,5300108,13,164
2018,5300108,14,1258
2018,5300108,15,96
2018,5300108,16,553
2018,5300108,17,153
2018,5300108,18,1373
2018,5300108,19,3
2018,5300108,20,438
2018,5300108,21,1545
2018,5300108,22,621
2018,5300108,23,2445
2018,5300108,24,42
2018,5300108,25,1883
2018,5300108,26,245
2018,5300108,27,364
2018,5300108,28,148
2018,5300108,29,192
2018,5300108,30,14
2018,5300108,31,1005
2018,5300108,32,737
2018,5300108,33,1340
2018,5300108,35,2448
2018,5300108,36,2286
2018,5300108,37,88
2018,5300108,38,5563
2018,5300108,41,21498
2018,5300108,42,11731
2018,5300108,43,12290
2018,5300108,45,17620
2018,5300108,46,25143
2018,5300108,47,116716
2018,5300108,49,27230
2018,5300108,50,1
2018,5300108,51,3434
2018,5300108,52,9714
2018,5300108,53,6473
2018,5300108,55,4245
2018,5300108,56,45833
2018,5300108,58,1201
2018,5300108,59,588
2018,5300108,60,4017
2018,5300108,61,4868
2018,5300108,62,22632
2018,5300108,63,3620
2018,5300108,64,37178
2018,5300108,65,5557
2018,5300108,66,4475
2018,5300108,68,4558
2018,5300108,69,8731
2018,5300108,70,2296
2018,5300108,71,4547
2018,5300108,72,2592
2018,5300108,73,1985
2018,5300108,74,1193
2018,5300108,75,457
2018,5300108,77,3088
2018,5300108,78,22616
2018,5300108,79,1964
2018,5300108,80,26188
2018,5300108,81,46154
2018,5300108,82,40276
2018,5300108,84,410009
2018,5300108,85,53772
2018,5300108,86,77518
2018,5300108,87,2559
2018,5300108,88,5916
2018,5300108,90,263
2018,5300108,91,3688
2018,5300108,92,6
2018,5300108,93,7925
2018,5300108,94,27364
2018,5300108,95,2609
2018,5300108,96,4796
2018,5300108,97,89
2018,5300108,99,1536
2019,5300108,01,5298
2019,5300108,02,53
2019,5300108,03,14
2019,5300108,07,12
2019,5300108,08,172
2019,5300108,09,66
2019,5300108,10,9983
2019,5300108,11,2119
2019,5300108,12,11
2019,5300108,13,161
2019,5300108,14,1206
2019,5300108,15,101
2019,5300108,16,585
2019,5300108,17,130
2019,5300108,18,1410
2019,5300108,19,16
2019,5300108,20,431
2019,5300108,21,1571
2019,5300108,22,613
2019,5300108,23,2417
2019,5300108,24,38
2019,5300108,25,1861
2019,5300108,26,193
2019,5300108,27,312
2019,5300108,28,165
2019,5300108,29,223
2019,5300108,30,9
2019,5300108,31,1049
2019,5300108,32,774
2019,5300108,33,1228
2019,5300108,35,2722
2019,5300108,36,2362
2019,5300108,37,92
2019,5300108,38,4012
2019,5300108,41,24385
2019,5300108,42,9032
2019,5300108,43,13874
2019,5300108,45,18098
2019,5300108,46,26656
2019,5300108,47,117113
2019,5300108,49,27411
2019,5300108,50,6
2019,5300108,51,3897
2019,5300108,52,9760
2019,5300108,53,6735
2019,5300108,55,4511
2019,5300108,56,47720
2019,5300108,58,1158
2019,5300108,59,649
2019,5300108,60,3205
2019,5300108,61,5465
2019,5300108,62,22556
2019,5300108,63,2622
2019,5300108,64,41637
2019,5300108,65,5771
2019,5300108,66,4579
2019,5300108,68,3957
2019,5300108,69,10524
2019,5300108,70,3129
2019,5300108,71,3259
2019,5300108,72,2249
2019,5300108,73,2097
2019,5300108,74,1111
2019,5300108,75,478
2019,5300108,77,3233
2019,5300108,78,29208
2019,5300108,79,1803
2019,5300108,80,26743
2019,5300108,81,38940
2019,5300108,82,45121
2019,5300108,84,271109
2019,5300108,85,55261
2019,5300108,86,82920
2019,5300108,87,2844
2019,5300108,88,4514
2019,5300108,90,209
2019,5300108,91,133
2019,5300108,92,8
2019,5300108,93,7906
2019,5300108,94,23781
2019,5300108,95,2274
2019,5300108,96,4928
2019,5300108,97,39
2019,5300108,99,1588
2020,5300108,01,5325
2020,5300108,02,42
2020,5300108,03,7
2020,5300108,07,14
2020,5300108,08,182
2020,5300108,09,83
2020,5300108,10,10135
2020,5300108,11,2097
2020,5300108,12,12
2020,5300108,13,181
2020,5300108,14,1125
2020,5300108,15,103
2020,5300108,16,515
2020,5300108,17,135
2020,5300108,18,1075
2020,5300108,19,28
2020,5300108,20,504
2020,5300108,21,1633
2020,5300108,22,644
2020,5300108,23,2555
2020,5300108,24,32
2020,5300108,25,1914
2020,5300108,26,197
2020,5300108,27,311
2020,5300108,28,168
2020,5300108,29,147
2020,5300108,30,8
2020,5300108,31,1068
2020,5300108,32,761
2020,5300108,33,1406
2020,5300108,35,2721
2020,5300108,36,2240
2020,5300108,37,81
2020,5300108,38,5338
2020,5300108,41,27177
2020,5300108,42,6824
2020,5300108,43,15236
2020,5300108,45,16978
2020,5300108,46,27102
2020,5300108,47,114492
2020,5300108,49,25635
2020,5300108,50,6
2020,5300108,51,2598
2020,5300108,52,8917
2020,5300108,53,6328
2020,5300108,55,3079
2020,5300108,56,37549
2020,5300108,58,1017
2020,5300108,59,551
2020,5300108,60,2978
2020,5300108,61,5621
2020,5300108,62,23498
2020,5300108,63,2211
2020,5300108,64,40745
2020,5300108,65,5792
2020,5300108,66,4636
2020,5300108,68,4535
2020,5300108,69,8338
2020,5300108,70,2896
2020,5300108,71,2872
2020,5300108,72,2253
2020,5300108,73,2329
2020,5300108,74,1067
2020,5300108,75,551
2020,5300108,77,2932
2020,5300108,78,34182
2020,5300108,79,1219
2020,5300108,80,27396
2020,5300108,81,33201
2020,5300108,82,42048
2020,5300108,84,460392
2020,5300108,85,50949
2020,5300108,86,94708
2020,5300108,87,2807
2020,5300108,88,4102
2020,5300108,90,133
2020,5300108,91,129
2020,5300108,92,3
2020,5300108,93,6912
2020,5300108,94,22394
2020,5300108,95,1961
2020,5300108,96,4623
2020,5300108,97,29
2020,5300108,99,1690
2021,5300108,01,5428
2021,5300108,02,28
2021,5300108,03,9
2021,5300108,07,19
2021,5300108,08,171
2021,5300108,09,75
2021,5300108,10,10895
2021,5300108,11,2154
2021,5300108,13,193
2021,5300108,14,1311
2021,5300108,15,42
2021,5300108,16,526
2021,5300108,17,198
2021,5300108,18,1113
2021,5300108,19,42
2021,5300108,20,496
2021,5300108,21,1651
2021,5300108,22,571
2021,5300108,23,2886
2021,5300108,24,36
2021,5300108,25,2196
2021,5300108,26,212
2021,5300108,27,396
2021,5300108,28,143
2021,5300108,29,171
2021,5300108,30,5
2021,5300108,31,1314
2021,5300108,32,820
2021,5300108,33,1184
2021,5300108,35,2281
2021,5300108,36,2233
2021,5300108,37,86
2021,5300108,38,5897
2021,5300108,41,32768
2021,5300108,42,8534
2021,5300108,43,19711
2021,5300108,45,18064
2021,5300108,46,27678
2021,5300108,47,117898
2021,5300108,49,28129
2021,5300108,50,9
2021,5300108,51,2779
2021,5300108,52,9717
2021,5300108,53,5975
2021,5300108,55,3230
2021,5300108,56,38892
2021,5300108,58,1842
2021,5300108,59,540
2021,5300108,60,3099
2021,5300108,61,5922
2021,5300108,62,33825
2021,5300108,63,3438
2021,5300108,64,42748
2021,5300108,65,5383
2021,5300108,66,3324
2021,5300108,68,4787
2021,5300108,69,8726
2021,5300108,70,2764
2021,5300108,71,3305
2021,5300108,72,2313
2021,5300108,73,2943
2021,5300108,74,1226
2021,5300108,75,742
2021,5300108,77,3277
2021,5300108,78,32336
2021,5300108,79,1226
2021,5300108,80,28517
2021,5300108,81,32237
2021,5300108,82,41298
2021,5300108,84,259890
2021,5300108,85,51836
2021,5300108,86,100301
2021,5300108,87,2802
2021,5300108,88,5714
2021,5300108,90,100
2021,5300108,91,138
2021,5300108,92,4
2021,5300108,93,7432
2021,5300108,94,23830
2021,5300108,95,1843
2021,5300108,96,4940
2021,5300108,97,19
2021,5300108,99,1694
2022,5300108,01,6452
2022,5300108,02,36
2022,5300108,03,14
2022,5300108,07,19
2022,5300108,08,163
2022,5300108,09,112
2022,5300108,10,14093
2022,5300108,11,2286
2022,5300108,13,322
2022,5300108,14,1329
2022,5300108,15,96
2022,5300108,16,503
2022,5300108,17,213
2022,5300108,18,1440
2022,5300108,19,26
2022,5300108,20,524
2022,5300108,21,1856
2022,5300108,22,668
2022,5300108,23,3426
2022,5300108,24,22
2022,5300108,25,2924
2022,5300108,26,181
2022,5300108,27,425
2022,5300108,28,166
2022,5300108,29,246
2022,5300108,30,2
2022,5300108,31,1485
2022,5300108,32,1135
2022,5300108,33,1589
2022,5300108,35,2202
2022,5300108,36,2063
2022,5300108,37,83
2022,5300108,38,6176
2022,5300108,39,14
2022,5300108,41,37907
2022,5300108,42,9280
2022,5300108,43,24142
2022,5300108,45,20132
2022,5300108,46,31327
2022,5300108,47,130181
2022,5300108,49,30558
2022,5300108,50,9
2022,5300108,51,2827
2022,5300108,52,11561
2022,5300108,53,6338
2022,5300108,55,3583
2022,5300108,56,50097
2022,5300108,58,2324
2022,5300108,59,1896
2022,5300108,60,3153
2022,5300108,61,6158
2022,5300108,62,38798
2022,5300108,63,6407
2022,5300108,64,43856
2022,5300108,65,5858
2022,5300108,66,4321
2022,5300108,68,5277
2022,5300108,69,12291
2022,5300108,70,3349
2022,5300108,71,4459
2022,5300108,72,2338
2022,5300108,73,2869
2022,5300108,74,1432
2022,5300108,75,856
2022,5300108,77,5774
2022,5300108,78,35268
2022,5300108,79,1404
2022,5300108,80,30374
2022,5300108,81,37109
2022,5300108,82,48195
2022,5300108,84,292361
2022,5300108,85,56986
2022,5300108,86,132587
2022,5300108,87,3144
2022,5300108,88,7036
2022,5300108,90,255
2022,5300108,91,153
2022,5300108,92,2
2022,5300108,93,8994
2022,5300108,94,25318
2022,5300108,95,1622
2022,5300108,96,6251
2022,5300108,97,50
2022,5300108,99,1295
2023,5300108,01,6215
2023,5300108,02,65
2023,5300108,03,20
2023,5300108,07,26
2023,5300108,08,278
2023,5300108,09,11
2023,5300108,10,14316
2023,5300108,11,2330
2023,5300108,12,3
2023,5300108,13,331
2023,5300108,14,1421
2023,5300108,15,82
2023,5300108,16,505
2023,5300108,17,176
2023,5300108,18,1685
2023,5300108,19,28
2023,5300108,20,512
2023,5300108,21,1881
2023,5300108,22,642
2023,5300108,23,3293
2023,5300108,24,22
2023,5300108,25,2893
2023,5300108,26,137
2023,5300108,27,401
2023,5300108,28,129
2023,5300108,29,269
2023,5300108,30,2
2023,5300108,31,1557
2023,5300108,32,916
2023,5300108,33,1567
2023,5300108,35,2035
2023,5300108,36,2039
2023,5300108,37,93
2023,5300108,38,6396
2023,5300108,39,15
2023,5300108,41,39180
2023,5300108,42,9867
2023,5300108,43,27291
2023,5300108,45,20893
2023,5300108,46,34091
2023,5300108,47,126770
2023,5300108,49,31681
2023,5300108,50,8
2023,5300108,51,2914
2023,5300108,52,11817
2023,5300108,53,6098
2023,5300108,55,3797
2023,5300108,56,52533
2023,5300108,58,2294
2023,5300108,59,1169
2023,5300108,60,3161
2023,5300108,61,5914
2023,5300108,62,38414
2023,5300108,63,2795
2023,5300108,64,46039
2023,5300108,65,5650
2023,5300108,66,4706
2023,5300108,68,5675
2023,5300108,69,10857
2023,5300108,70,3423
2023,5300108,71,5515
2023,5300108,72,2370
2023,5300108,73,2755
2023,5300108,74,1566
2023,5300108,75,821
2023,5300108,77,4240
2023,5300108,78,32567
2023,5300108,79,1541
2023,5300108,80,30230
2023,5300108,81,36280
2023,5300108,82,63925
2023,5300108,84,579594
2023,5300108,85,60090
2023,5300108,86,115203
2023,5300108,87,3361
2023,5300108,88,5553
2023,5300108,90,397
2023,5300108,91,261
2023,5300108,92,2
2023,5300108,93,9544
2023,5300108,94,26692
2023,5300108,95,1441
2023,5300108,96,6330
2023,5300108,97,31
2023,5300108,99,3262
