ano,mes,cnae_divisao,saldo_nacional,fonte
2007,1,00,65218,antigo
2007,1,01,4286,antigo
2007,1,02,260,antigo
2007,1,03,120,antigo
2007,1,05,2,antigo
2007,1,06,2,antigo
2007,1,07,11,antigo
2007,1,08,94,antigo
2007,1,09,1,antigo
2007,1,10,705,antigo
2007,1,11,29,antigo
2007,1,13,172,antigo
2007,1,14,912,antigo
2007,1,15,272,antigo
2007,1,16,185,antigo
2007,1,17,69,antigo
2007,1,18,113,antigo
2007,1,19,139,antigo
2007,1,20,295,antigo
2007,1,21,8,antigo
2007,1,22,396,antigo
2007,1,23,157,antigo
2007,1,24,71,antigo
2007,1,25,263,antigo
2007,1,26,37,antigo
2007,1,27,95,antigo
2007,1,28,176,antigo
2007,1,29,81,antigo
2007,1,30,14,antigo
2007,1,31,130,antigo
2007,1,32,102,antigo
2007,1,33,115,antigo
2007,1,35,18,antigo
2007,1,37,30,antigo
2007,1,38,197,antigo
2007,1,39,0,antigo
2007,1,41,3177,antigo
2007,1,42,1248,antigo
2007,1,43,1059,antigo
2007,1,45,1635,antigo
2007,1,46,1467,antigo
2007,1,47,9223,antigo
2007,1,49,901,antigo
2007,1,50,10,antigo
2007,1,51,4,antigo
2007,1,52,841,antigo
2007,1,53,85,antigo
2007,1,55,349,antigo
2007,1,56,3042,antigo
2007,1,58,43,antigo
2007,1,59,53,antigo
2007,1,60,32,antigo
2007,1,61,94,antigo
2007,1,62,60,antigo
2007,1,63,296,antigo
2007,1,64,84,antigo
2007,1,65,96,antigo
2007,1,66,97,antigo
2007,1,68,164,antigo
2007,1,69,424,antigo
2007,1,70,71,antigo
2007,1,71,258,antigo
2007,1,72,3,antigo
2007,1,73,37,antigo
2007,1,74,117,antigo
2007,1,75,20,antigo
2007,1,77,210,antigo
2007,1,78,412,antigo
2007,1,79,86,antigo
2007,1,80,93,antigo
2007,1,81,756,antigo
2007,1,82,733,antigo
2007,1,84,11,antigo
2007,1,85,719,antigo
2007,1,86,820,antigo
2007,1,87,26,antigo
2007,1,88,23,antigo
2007,1,90,13,antigo
2007,1,91,188,antigo
2007,1,92,55,antigo
2007,1,93,360,antigo
2007,1,94,541,antigo
2007,1,95,139,antigo
2007,1,96,426,antigo
2007,1,97,60,antigo
2007,1,99,32,antigo
2007,2,00,102605,antigo
2007,2,01,5749,antigo
2007,2,02,447,antigo
2007,2,03,27,antigo
2007,2,05,13,antigo
2007,2,06,1,antigo
2007,2,07,3,antigo
2007,2,08,176,antigo
2007,2,09,12,antigo
2007,2,10,978,antigo
2007,2,11,14,antigo
2007,2,13,180,antigo
2007,2,14,1199,antigo
2007,2,15,756,antigo
2007,2,16,200,antigo
2007,2,17,83,antigo
2007,2,18,82,antigo
2007,2,19,193,antigo
2007,2,20,126,antigo
2007,2,21,2,antigo
2007,2,22,372,antigo
2007,2,23,190,antigo
2007,2,24,50,antigo
2007,2,25,462,antigo
2007,2,26,126,antigo
2007,2,27,52,antigo
2007,2,28,119,antigo
2007,2,29,44,antigo
2007,2,30,20,antigo
2007,2,31,137,antigo
2007,2,32,97,antigo
2007,2,33,149,antigo
2007,2,35,31,antigo
2007,2,36,4,antigo
2007,2,37,4,antigo
2007,2,38,194,antigo
2007,2,39,0,antigo
2007,2,41,3584,antigo
2007,2,42,2190,antigo
2007,2,43,989,antigo
2007,2,45,1524,antigo
2007,2,46,1793,antigo
2007,2,47,9906,antigo
2007,2,49,1149,antigo
2007,2,50,-3,antigo
2007,2,51,2,antigo
2007,2,52,420,antigo
2007,2,53,117,antigo
2007,2,55,581,antigo
2007,2,56,2782,antigo
2007,2,58,28,antigo
2007,2,59,88,antigo
2007,2,60,5,antigo
2007,2,61,32,antigo
2007,2,62,39,antigo
2007,2,63,234,antigo
2007,2,64,52,antigo
2007,2,65,28,antigo
2007,2,66,81,antigo
2007,2,68,88,antigo
2007,2,69,225,antigo
2007,2,70,75,antigo
2007,2,71,279,antigo
2007,2,72,2,antigo
2007,2,73,27,antigo
2007,2,74,128,antigo
2007,2,75,8,antigo
2007,2,77,213,antigo
2007,2,78,247,antigo
2007,2,79,92,antigo
2007,2,80,71,antigo
2007,2,81,876,antigo
2007,2,82,641,antigo
2007,2,84,17,antigo
2007,2,85,2151,antigo
2007,2,86,795,antigo
2007,2,87,30,antigo
2007,2,88,64,antigo
2007,2,90,35,antigo
2007,2,91,10,antigo
2007,2,92,9,antigo
2007,2,93,153,antigo
2007,2,94,620,antigo
2007,2,95,145,antigo
2007,2,96,440,antigo
2007,2,97,60,antigo
2007,2,99,0,antigo
2007,3,00,89961,antigo
2007,3,01,6399,antigo
2007,3,02,552,antigo
2007,3,03,18,antigo
2007,3,05,13,antigo
2007,3,06,-5,antigo
2007,3,07,12,antigo
2007,3,08,141,antigo
2007,3,09,46,antigo
2007,3,10,1444,antigo
2007,3,11,47,antigo
2007,3,12,3,antigo
2007,3,13,261,antigo
2007,3,14,1705,antigo
2007,3,15,973,antigo
2007,3,16,364,antigo
2007,3,17,54,antigo
2007,3,18,112,antigo
2007,3,19,454,antigo
2007,3,20,118,antigo
2007,3,21,14,antigo
2007,3,22,447,antigo
2007,3,23,415,antigo
2007,3,24,48,antigo
2007,3,25,437,antigo
2007,3,26,104,antigo
2007,3,27,45,antigo
2007,3,28,234,antigo
2007,3,29,55,antigo
2007,3,30,30,antigo
2007,3,31,216,antigo
2007,3,32,97,antigo
2007,3,33,168,antigo
2007,3,35,46,antigo
2007,3,36,3,antigo
2007,3,37,26,antigo
2007,3,38,44,antigo
2007,3,41,4782,antigo
2007,3,42,2836,antigo
2007,3,43,1406,antigo
2007,3,45,1834,antigo
2007,3,46,2356,antigo
2007,3,47,12877,antigo
2007,3,49,1765,antigo
2007,3,50,42,antigo
2007,3,51,8,antigo
2007,3,52,418,antigo
2007,3,53,155,antigo
2007,3,55,415,antigo
2007,3,56,3088,antigo
2007,3,58,20,antigo
2007,3,59,69,antigo
2007,3,60,20,antigo
2007,3,61,42,antigo
2007,3,62,45,antigo
2007,3,63,178,antigo
2007,3,64,101,antigo
2007,3,65,24,antigo
2007,3,66,155,antigo
2007,3,68,135,antigo
2007,3,69,244,antigo
2007,3,70,553,antigo
2007,3,71,244,antigo
2007,3,72,13,antigo
2007,3,73,125,antigo
2007,3,74,136,antigo
2007,3,75,19,antigo
2007,3,77,290,antigo
2007,3,78,429,antigo
2007,3,79,78,antigo
2007,3,80,90,antigo
2007,3,81,1064,antigo
2007,3,82,900,antigo
2007,3,84,-11,antigo
2007,3,85,1412,antigo
2007,3,86,885,antigo
2007,3,87,47,antigo
2007,3,88,48,antigo
2007,3,90,19,antigo
2007,3,91,11,antigo
2007,3,92,10,antigo
2007,3,93,253,antigo
2007,3,94,567,antigo
2007,3,95,229,antigo
2007,3,96,515,antigo
2007,3,97,92,antigo
2007,3,99,7,antigo
2007,4,00,245192,antigo
2007,4,01,6688,antigo
2007,4,02,1005,antigo
2007,4,03,26,antigo
2007,4,05,32,antigo
2007,4,06,-2,antigo
2007,4,07,69,antigo
2007,4,08,163,antigo
2007,4,09,47,antigo
2007,4,10,879,antigo
2007,4,11,86,antigo
2007,4,13,344,antigo
2007,4,14,1881,antigo
2007,4,15,1019,antigo
2007,4,16,285,antigo
2007,4,17,89,antigo
2007,4,18,178,antigo
2007,4,19,660,antigo
2007,4,20,195,antigo
2007,4,21,28,antigo
2007,4,22,462,antigo
2007,4,23,362,antigo
2007,4,24,48,antigo
2007,4,25,491,antigo
2007,4,26,69,antigo
2007,4,27,-2,antigo
2007,4,28,308,antigo
2007,4,29,90,antigo
2007,4,30,8,antigo
2007,4,31,321,antigo
2007,4,32,119,antigo
2007,4,33,193,antigo
2007,4,35,56,antigo
2007,4,36,4,antigo
2007,4,37,-20,antigo
2007,4,38,94,antigo
2007,4,41,5265,antigo
2007,4,42,3092,antigo
2007,4,43,1496,antigo
2007,4,45,2055,antigo
2007,4,46,2604,antigo
2007,4,47,14304,antigo
2007,4,49,2529,antigo
2007,4,50,12,antigo
2007,4,51,62,antigo
2007,4,52,542,antigo
2007,4,53,123,antigo
2007,4,55,384,antigo
2007,4,56,3774,antigo
2007,4,58,70,antigo
2007,4,59,132,antigo
2007,4,60,31,antigo
2007,4,61,98,antigo
2007,4,62,86,antigo
2007,4,63,305,antigo
2007,4,64,65,antigo
2007,4,65,29,antigo
2007,4,66,152,antigo
2007,4,68,156,antigo
2007,4,69,247,antigo
2007,4,70,-47,antigo
2007,4,71,104,antigo
2007,4,72,13,antigo
2007,4,73,53,antigo
2007,4,74,164,antigo
2007,4,75,14,antigo
2007,4,77,411,antigo
2007,4,78,431,antigo
2007,4,79,131,antigo
2007,4,80,278,antigo
2007,4,81,1306,antigo
2007,4,82,1016,antigo
2007,4,84,8,antigo
2007,4,85,1061,antigo
2007,4,86,1031,antigo
2007,4,87,41,antigo
2007,4,88,21,antigo
2007,4,90,30,antigo
2007,4,91,-7,antigo
2007,4,92,24,antigo
2007,4,93,311,antigo
2007,4,94,-4338,antigo
2007,4,95,213,antigo
2007,4,96,538,antigo
2007,4,97,104,antigo
2007,4,99,0,antigo
2007,5,00,146295,antigo
2007,5,01,6312,antigo
2007,5,02,853,antigo
2007,5,03,64,antigo
2007,5,05,19,antigo
2007,5,06,-1,antigo
2007,5,07,84,antigo
2007,5,08,129,antigo
2007,5,09,50,antigo
2007,5,10,1087,antigo
2007,5,11,18,antigo
2007,5,12,1,antigo
2007,5,13,467,antigo
2007,5,14,1778,antigo
2007,5,15,834,antigo
2007,5,16,521,antigo
2007,5,17,68,antigo
2007,5,18,125,antigo
2007,5,19,706,antigo
2007,5,20,311,antigo
2007,5,21,3,antigo
2007,5,22,325,antigo
2007,5,23,482,antigo
2007,5,24,16,antigo
2007,5,25,678,antigo
2007,5,26,62,antigo
2007,5,27,60,antigo
2007,5,28,486,antigo
2007,5,29,233,antigo
2007,5,30,30,antigo
2007,5,31,371,antigo
2007,5,32,205,antigo
2007,5,33,98,antigo
2007,5,35,48,antigo
2007,5,36,12,antigo
2007,5,37,10,antigo
2007,5,38,92,antigo
2007,5,39,5,antigo
2007,5,41,5045,antigo
2007,5,42,3549,antigo
2007,5,43,1505,antigo
2007,5,45,2339,antigo
2007,5,46,2608,antigo
2007,5,47,15980,antigo
2007,5,49,2568,antigo
2007,5,50,37,antigo
2007,5,51,30,antigo
2007,5,52,470,antigo
2007,5,53,147,antigo
2007,5,55,266,antigo
2007,5,56,4041,antigo
2007,5,58,138,antigo
2007,5,59,147,antigo
2007,5,60,57,antigo
2007,5,61,131,antigo
2007,5,62,200,antigo
2007,5,63,390,antigo
2007,5,64,199,antigo
2007,5,65,43,antigo
2007,5,66,229,antigo
2007,5,68,192,antigo
2007,5,69,297,antigo
2007,5,70,240,antigo
2007,5,71,69,antigo
2007,5,72,6,antigo
2007,5,73,102,antigo
2007,5,74,168,antigo
2007,5,75,14,antigo
2007,5,77,423,antigo
2007,5,78,605,antigo
2007,5,79,88,antigo
2007,5,80,291,antigo
2007,5,81,1396,antigo
2007,5,82,1519,antigo
2007,5,84,22,antigo
2007,5,85,825,antigo
2007,5,86,1188,antigo
2007,5,87,49,antigo
2007,5,88,11,antigo
2007,5,90,11,antigo
2007,5,91,13,antigo
2007,5,92,-39,antigo
2007,5,93,284,antigo
2007,5,94,473,antigo
2007,5,95,245,antigo
2007,5,96,568,antigo
2007,5,97,90,antigo
2007,5,99,11,antigo
2007,6,00,112808,antigo
2007,6,01,7738,antigo
2007,6,02,874,antigo
2007,6,03,101,antigo
2007,6,05,23,antigo
2007,6,06,-6,antigo
2007,6,07,68,antigo
2007,6,08,228,antigo
2007,6,09,67,antigo
2007,6,10,1934,antigo
2007,6,11,8,antigo
2007,6,12,6,antigo
2007,6,13,575,antigo
2007,6,14,1719,antigo
2007,6,15,860,antigo
2007,6,16,659,antigo
2007,6,17,117,antigo
2007,6,18,130,antigo
2007,6,19,95,antigo
2007,6,20,193,antigo
2007,6,21,28,antigo
2007,6,22,512,antigo
2007,6,23,460,antigo
2007,6,24,59,antigo
2007,6,25,487,antigo
2007,6,26,91,antigo
2007,6,27,153,antigo
2007,6,28,516,antigo
2007,6,29,198,antigo
2007,6,30,9,antigo
2007,6,31,412,antigo
2007,6,32,125,antigo
2007,6,33,106,antigo
2007,6,35,13,antigo
2007,6,36,3,antigo
2007,6,37,53,antigo
2007,6,38,60,antigo
2007,6,41,5725,antigo
2007,6,42,4460,antigo
2007,6,43,1899,antigo
2007,6,45,2493,antigo
2007,6,46,3175,antigo
2007,6,47,14789,antigo
2007,6,49,1865,antigo
2007,6,50,27,antigo
2007,6,51,2,antigo
2007,6,52,610,antigo
2007,6,53,180,antigo
2007,6,55,506,antigo
2007,6,56,3896,antigo
2007,6,58,107,antigo
2007,6,59,59,antigo
2007,6,60,24,antigo
2007,6,61,128,antigo
2007,6,62,132,antigo
2007,6,63,320,antigo
2007,6,64,347,antigo
2007,6,65,35,antigo
2007,6,66,185,antigo
2007,6,68,147,antigo
2007,6,69,300,antigo
2007,6,70,230,antigo
2007,6,71,-79,antigo
2007,6,72,15,antigo
2007,6,73,47,antigo
2007,6,74,98,antigo
2007,6,75,15,antigo
2007,6,77,563,antigo
2007,6,78,377,antigo
2007,6,79,100,antigo
2007,6,80,256,antigo
2007,6,81,1241,antigo
2007,6,82,2446,antigo
2007,6,84,-5,antigo
2007,6,85,538,antigo
2007,6,86,1411,antigo
2007,6,87,165,antigo
2007,6,88,77,antigo
2007,6,90,20,antigo
2007,6,91,-3,antigo
2007,6,92,2,antigo
2007,6,93,269,antigo
2007,6,94,-3,antigo
2007,6,95,219,antigo
2007,6,96,634,antigo
2007,6,97,131,antigo
2007,6,99,10,antigo
2007,7,00,58493,antigo
2007,7,01,4133,antigo
2007,7,02,716,antigo
2007,7,03,62,antigo
2007,7,05,-9,antigo
2007,7,06,8,antigo
2007,7,07,117,antigo
2007,7,08,96,antigo
2007,7,09,4,antigo
2007,7,10,297,antigo
2007,7,11,143,antigo
2007,7,12,4,antigo
2007,7,13,437,antigo
2007,7,14,1840,antigo
2007,7,15,952,antigo
2007,7,16,715,antigo
2007,7,17,164,antigo
2007,7,18,159,antigo
2007,7,19,29,antigo
2007,7,20,230,antigo
2007,7,21,24,antigo
2007,7,22,765,antigo
2007,7,23,614,antigo
2007,7,24,60,antigo
2007,7,25,570,antigo
2007,7,26,183,antigo
2007,7,27,81,antigo
2007,7,28,235,antigo
2007,7,29,218,antigo
2007,7,30,53,antigo
2007,7,31,478,antigo
2007,7,32,177,antigo
2007,7,33,228,antigo
2007,7,35,28,antigo
2007,7,36,4,antigo
2007,7,37,44,antigo
2007,7,38,150,antigo
2007,7,41,6261,antigo
2007,7,42,5810,antigo
2007,7,43,1984,antigo
2007,7,45,2658,antigo
2007,7,46,3108,antigo
2007,7,47,15004,antigo
2007,7,49,2864,antigo
2007,7,50,44,antigo
2007,7,51,22,antigo
2007,7,52,616,antigo
2007,7,53,158,antigo
2007,7,55,443,antigo
2007,7,56,3617,antigo
2007,7,58,78,antigo
2007,7,59,10,antigo
2007,7,60,57,antigo
2007,7,61,110,antigo
2007,7,62,210,antigo
2007,7,63,230,antigo
2007,7,64,232,antigo
2007,7,65,27,antigo
2007,7,66,242,antigo
2007,7,68,164,antigo
2007,7,69,557,antigo
2007,7,70,241,antigo
2007,7,71,430,antigo
2007,7,72,14,antigo
2007,7,73,124,antigo
2007,7,74,215,antigo
2007,7,75,6,antigo
2007,7,77,580,antigo
2007,7,78,1080,antigo
2007,7,79,126,antigo
2007,7,80,312,antigo
2007,7,81,1261,antigo
2007,7,82,1737,antigo
2007,7,84,-13,antigo
2007,7,85,729,antigo
2007,7,86,1380,antigo
2007,7,87,42,antigo
2007,7,88,95,antigo
2007,7,90,22,antigo
2007,7,91,6,antigo
2007,7,92,-21,antigo
2007,7,93,346,antigo
2007,7,94,559,antigo
2007,7,95,252,antigo
2007,7,96,406,antigo
2007,7,97,55,antigo
2007,7,99,0,antigo
2007,8,00,60451,antigo
2007,8,01,2130,antigo
2007,8,02,762,antigo
2007,8,03,54,antigo
2007,8,05,6,antigo
2007,8,06,6,antigo
2007,8,07,145,antigo
2007,8,08,201,antigo
2007,8,09,22,antigo
2007,8,10,1217,antigo
2007,8,11,77,antigo
2007,8,12,1,antigo
2007,8,13,404,antigo
2007,8,14,2205,antigo
2007,8,15,1537,antigo
2007,8,16,589,antigo
2007,8,17,113,antigo
2007,8,18,184,antigo
2007,8,19,28,antigo
2007,8,20,273,antigo
2007,8,21,9,antigo
2007,8,22,844,antigo
2007,8,23,360,antigo
2007,8,24,139,antigo
2007,8,25,616,antigo
2007,8,26,131,antigo
2007,8,27,139,antigo
2007,8,28,340,antigo
2007,8,29,199,antigo
2007,8,30,38,antigo
2007,8,31,419,antigo
2007,8,32,217,antigo
2007,8,33,163,antigo
2007,8,35,21,antigo
2007,8,36,15,antigo
2007,8,37,73,antigo
2007,8,38,144,antigo
2007,8,41,6354,antigo
2007,8,42,6133,antigo
2007,8,43,2029,antigo
2007,8,45,3217,antigo
2007,8,46,3143,antigo
2007,8,47,18437,antigo
2007,8,49,2138,antigo
2007,8,50,14,antigo
2007,8,51,34,antigo
2007,8,52,675,antigo
2007,8,53,126,antigo
2007,8,55,76,antigo
2007,8,56,4035,antigo
2007,8,58,168,antigo
2007,8,59,6,antigo
2007,8,60,33,antigo
2007,8,61,92,antigo
2007,8,62,167,antigo
2007,8,63,-170,antigo
2007,8,64,222,antigo
2007,8,65,29,antigo
2007,8,66,160,antigo
2007,8,68,221,antigo
2007,8,69,506,antigo
2007,8,70,173,antigo
2007,8,71,782,antigo
2007,8,72,12,antigo
2007,8,73,113,antigo
2007,8,74,162,antigo
2007,8,75,15,antigo
2007,8,77,545,antigo
2007,8,78,1001,antigo
2007,8,79,160,antigo
2007,8,80,97,antigo
2007,8,81,1357,antigo
2007,8,82,1390,antigo
2007,8,84,18,antigo
2007,8,85,1815,antigo
2007,8,86,1575,antigo
2007,8,87,58,antigo
2007,8,88,99,antigo
2007,8,90,98,antigo
2007,8,91,3,antigo
2007,8,92,11,antigo
2007,8,93,282,antigo
2007,8,94,592,antigo
2007,8,95,243,antigo
2007,8,96,538,antigo
2007,8,97,75,antigo
2007,8,99,-2,antigo
2007,9,00,169613,antigo
2007,9,01,3879,antigo
2007,9,02,833,antigo
2007,9,03,93,antigo
2007,9,05,10,antigo
2007,9,06,15,antigo
2007,9,07,52,antigo
2007,9,08,167,antigo
2007,9,09,48,antigo
2007,9,10,3041,antigo
2007,9,11,134,antigo
2007,9,12,-1,antigo
2007,9,13,478,antigo
2007,9,14,2822,antigo
2007,9,15,2608,antigo
2007,9,16,479,antigo
2007,9,17,315,antigo
2007,9,18,226,antigo
2007,9,19,86,antigo
2007,9,20,170,antigo
2007,9,21,2,antigo
2007,9,22,686,antigo
2007,9,23,648,antigo
2007,9,24,209,antigo
2007,9,25,806,antigo
2007,9,26,407,antigo
2007,9,27,166,antigo
2007,9,28,582,antigo
2007,9,29,185,antigo
2007,9,30,34,antigo
2007,9,31,355,antigo
2007,9,32,216,antigo
2007,9,33,106,antigo
2007,9,35,53,antigo
2007,9,36,6,antigo
2007,9,37,30,antigo
2007,9,38,142,antigo
2007,9,39,2,antigo
2007,9,41,6421,antigo
2007,9,42,5652,antigo
2007,9,43,1910,antigo
2007,9,45,3080,antigo
2007,9,46,3950,antigo
2007,9,47,19363,antigo
2007,9,49,1794,antigo
2007,9,50,24,antigo
2007,9,51,54,antigo
2007,9,52,873,antigo
2007,9,53,261,antigo
2007,9,55,543,antigo
2007,9,56,4162,antigo
2007,9,58,220,antigo
2007,9,59,26,antigo
2007,9,60,39,antigo
2007,9,61,135,antigo
2007,9,62,352,antigo
2007,9,63,192,antigo
2007,9,64,364,antigo
2007,9,65,9,antigo
2007,9,66,253,antigo
2007,9,68,298,antigo
2007,9,69,608,antigo
2007,9,70,480,antigo
2007,9,71,145,antigo
2007,9,72,3,antigo
2007,9,73,360,antigo
2007,9,74,217,antigo
2007,9,75,12,antigo
2007,9,77,458,antigo
2007,9,78,700,antigo
2007,9,79,94,antigo
2007,9,80,324,antigo
2007,9,81,1619,antigo
2007,9,82,2060,antigo
2007,9,84,17,antigo
2007,9,85,1150,antigo
2007,9,86,1286,antigo
2007,9,87,123,antigo
2007,9,88,46,antigo
2007,9,90,-16,antigo
2007,9,91,28,antigo
2007,9,92,-21,antigo
2007,9,93,304,antigo
2007,9,94,583,antigo
2007,9,95,326,antigo
2007,9,96,524,antigo
2007,9,97,61,antigo
2007,9,99,-1,antigo
2007,10,00,114953,antigo
2007,10,01,2241,antigo
2007,10,02,601,antigo
2007,10,03,66,antigo
2007,10,05,20,antigo
2007,10,06,-5,antigo
2007,10,07,2,antigo
2007,10,08,181,antigo
2007,10,09,59,antigo
2007,10,10,1747,antigo
2007,10,11,105,antigo
2007,10,12,3,antigo
2007,10,13,519,antigo
2007,10,14,3337,antigo
2007,10,15,2862,antigo
2007,10,16,549,antigo
2007,10,17,89,antigo
2007,10,18,206,antigo
2007,10,19,386,antigo
2007,10,20,213,antigo
2007,10,21,13,antigo
2007,10,22,824,antigo
2007,10,23,579,antigo
2007,10,24,64,antigo
2007,10,25,820,antigo
2007,10,26,301,antigo
2007,10,27,160,antigo
2007,10,28,361,antigo
2007,10,29,331,antigo
2007,10,30,40,antigo
2007,10,31,487,antigo
2007,10,32,216,antigo
2007,10,33,194,antigo
2007,10,35,4,antigo
2007,10,36,18,antigo
2007,10,37,47,antigo
2007,10,38,230,antigo
2007,10,39,-2,antigo
2007,10,41,6822,antigo
2007,10,42,7223,antigo
2007,10,43,1717,antigo
2007,10,45,3225,antigo
2007,10,46,4124,antigo
2007,10,47,24480,antigo
2007,10,49,2048,antigo
2007,10,50,226,antigo
2007,10,51,81,antigo
2007,10,52,704,antigo
2007,10,53,233,antigo
2007,10,55,856,antigo
2007,10,56,4824,antigo
2007,10,58,126,antigo
2007,10,59,104,antigo
2007,10,60,54,antigo
2007,10,61,92,antigo
2007,10,62,216,antigo
2007,10,63,210,antigo
2007,10,64,516,antigo
2007,10,65,40,antigo
2007,10,66,246,antigo
2007,10,68,417,antigo
2007,10,69,526,antigo
2007,10,70,135,antigo
2007,10,71,436,antigo
2007,10,72,14,antigo
2007,10,73,484,antigo
2007,10,74,214,antigo
2007,10,75,11,antigo
2007,10,77,572,antigo
2007,10,78,1081,antigo
2007,10,79,153,antigo
2007,10,80,253,antigo
2007,10,81,1859,antigo
2007,10,82,2066,antigo
2007,10,84,-12,antigo
2007,10,85,893,antigo
2007,10,86,1624,antigo
2007,10,87,57,antigo
2007,10,88,61,antigo
2007,10,90,-5,antigo
2007,10,91,42,antigo
2007,10,92,8,antigo
2007,10,93,304,antigo
2007,10,94,1819,antigo
2007,10,95,589,antigo
2007,10,96,627,antigo
2007,10,97,37,antigo
2007,10,99,7,antigo
2007,11,00,41172,antigo
2007,11,01,-2981,antigo
2007,11,02,429,antigo
2007,11,03,73,antigo
2007,11,05,8,antigo
2007,11,06,2,antigo
2007,11,07,65,antigo
2007,11,08,169,antigo
2007,11,09,92,antigo
2007,11,10,1053,antigo
2007,11,11,79,antigo
2007,11,12,1,antigo
2007,11,13,285,antigo
2007,11,14,2308,antigo
2007,11,15,1642,antigo
2007,11,16,202,antigo
2007,11,17,95,antigo
2007,11,18,189,antigo
2007,11,19,450,antigo
2007,11,20,86,antigo
2007,11,21,24,antigo
2007,11,22,494,antigo
2007,11,23,834,antigo
2007,11,24,105,antigo
2007,11,25,1172,antigo
2007,11,26,336,antigo
2007,11,27,172,antigo
2007,11,28,411,antigo
2007,11,29,298,antigo
2007,11,30,150,antigo
2007,11,31,438,antigo
2007,11,32,216,antigo
2007,11,33,237,antigo
2007,11,35,3,antigo
2007,11,36,0,antigo
2007,11,37,387,antigo
2007,11,38,134,antigo
2007,11,41,3956,antigo
2007,11,42,6047,antigo
2007,11,43,1250,antigo
2007,11,45,2994,antigo
2007,11,46,3577,antigo
2007,11,47,28530,antigo
2007,11,49,1995,antigo
2007,11,50,35,antigo
2007,11,51,22,antigo
2007,11,52,490,antigo
2007,11,53,252,antigo
2007,11,55,685,antigo
2007,11,56,5487,antigo
2007,11,58,57,antigo
2007,11,59,111,antigo
2007,11,60,110,antigo
2007,11,61,133,antigo
2007,11,62,167,antigo
2007,11,63,366,antigo
2007,11,64,575,antigo
2007,11,65,29,antigo
2007,11,66,260,antigo
2007,11,68,317,antigo
2007,11,69,488,antigo
2007,11,70,283,antigo
2007,11,71,530,antigo
2007,11,72,1,antigo
2007,11,73,319,antigo
2007,11,74,237,antigo
2007,11,75,40,antigo
2007,11,77,473,antigo
2007,11,78,416,antigo
2007,11,79,160,antigo
2007,11,80,303,antigo
2007,11,81,1510,antigo
2007,11,82,7612,antigo
2007,11,84,22,antigo
2007,11,85,504,antigo
2007,11,86,1520,antigo
2007,11,87,79,antigo
2007,11,88,41,antigo
2007,11,90,46,antigo
2007,11,91,16,antigo
2007,11,92,-9,antigo
2007,11,93,266,antigo
2007,11,94,535,antigo
2007,11,95,223,antigo
2007,11,96,596,antigo
2007,11,97,39,antigo
2007,11,99,29,antigo
2007,12,00,-337497,antigo
2007,12,01,-7957,antigo
2007,12,02,246,antigo
2007,12,03,-6,antigo
2007,12,05,-11,antigo
2007,12,06,12,antigo
2007,12,07,59,antigo
2007,12,08,157,antigo
2007,12,09,34,antigo
2007,12,10,-10876,antigo
2007,12,11,51,antigo
2007,12,12,3,antigo
2007,12,13,44,antigo
2007,12,14,-13,antigo
2007,12,15,-389,antigo
2007,12,16,-147,antigo
2007,12,17,92,antigo
2007,12,18,115,antigo
2007,12,19,-1662,antigo
2007,12,20,4,antigo
2007,12,21,-2,antigo
2007,12,22,270,antigo
2007,12,23,348,antigo
2007,12,24,141,antigo
2007,12,25,322,antigo
2007,12,26,165,antigo
2007,12,27,40,antigo
2007,12,28,175,antigo
2007,12,29,-10,antigo
2007,12,30,146,antigo
2007,12,31,203,antigo
2007,12,32,-11,antigo
2007,12,33,245,antigo
2007,12,35,22,antigo
2007,12,36,2,antigo
2007,12,37,-3,antigo
2007,12,38,352,antigo
2007,12,41,-111,antigo
2007,12,42,417,antigo
2007,12,43,1,antigo
2007,12,45,2044,antigo
2007,12,46,1980,antigo
2007,12,47,17855,antigo
2007,12,49,-61,antigo
2007,12,50,40,antigo
2007,12,51,60,antigo
2007,12,52,354,antigo
2007,12,53,116,antigo
2007,12,55,551,antigo
2007,12,56,3134,antigo
2007,12,58,72,antigo
2007,12,59,24,antigo
2007,12,60,30,antigo
2007,12,61,37,antigo
2007,12,62,163,antigo
2007,12,63,163,antigo
2007,12,64,331,antigo
2007,12,65,29,antigo
2007,12,66,239,antigo
2007,12,68,51,antigo
2007,12,69,194,antigo
2007,12,70,83,antigo
2007,12,71,211,antigo
2007,12,72,5,antigo
2007,12,73,-64,antigo
2007,12,74,122,antigo
2007,12,75,-2,antigo
2007,12,77,453,antigo
2007,12,78,-834,antigo
2007,12,79,104,antigo
2007,12,80,284,antigo
2007,12,81,976,antigo
2007,12,82,6069,antigo
2007,12,84,-51,antigo
2007,12,85,-670,antigo
2007,12,86,590,antigo
2007,12,87,6,antigo
2007,12,88,39,antigo
2007,12,90,20,antigo
2007,12,91,-3,antigo
2007,12,92,-3,antigo
2007,12,93,276,antigo
2007,12,94,162,antigo
2007,12,95,165,antigo
2007,12,96,340,antigo
2007,12,97,-83,antigo
2007,12,99,14,antigo
2008,1,00,665,antigo
2008,1,01,4779,antigo
2008,1,02,679,antigo
2008,1,03,349,antigo
2008,1,05,40,antigo
2008,1,06,0,antigo
2008,1,07,483,antigo
2008,1,08,133,antigo
2008,1,09,395,antigo
2008,1,10,7133,antigo
2008,1,11,-609,antigo
2008,1,12,2864,antigo
2008,1,13,2220,antigo
2008,1,14,1163,antigo
2008,1,15,4401,antigo
2008,1,16,1007,antigo
2008,1,17,642,antigo
2008,1,18,765,antigo
2008,1,19,4576,antigo
2008,1,20,702,antigo
2008,1,21,1436,antigo
2008,1,22,2862,antigo
2008,1,23,1917,antigo
2008,1,24,2430,antigo
2008,1,25,5724,antigo
2008,1,26,1693,antigo
2008,1,27,2121,antigo
2008,1,28,6318,antigo
2008,1,29,5342,antigo
2008,1,30,957,antigo
2008,1,31,751,antigo
2008,1,32,585,antigo
2008,1,33,2179,antigo
2008,1,35,-251,antigo
2008,1,36,157,antigo
2008,1,37,273,antigo
2008,1,38,1418,antigo
2008,1,39,-15,antigo
2008,1,41,21068,antigo
2008,1,42,12255,antigo
2008,1,43,6871,antigo
2008,1,45,6885,antigo
2008,1,46,8029,antigo
2008,1,47,-28089,antigo
2008,1,49,1654,antigo
2008,1,50,202,antigo
2008,1,51,1115,antigo
2008,1,52,1536,antigo
2008,1,53,449,antigo
2008,1,55,2056,antigo
2008,1,56,2963,antigo
2008,1,58,586,antigo
2008,1,59,9,antigo
2008,1,60,481,antigo
2008,1,61,9,antigo
2008,1,62,1290,antigo
2008,1,63,1292,antigo
2008,1,64,2590,antigo
2008,1,65,563,antigo
2008,1,66,-225,antigo
2008,1,68,655,antigo
2008,1,69,3129,antigo
2008,1,70,839,antigo
2008,1,71,3228,antigo
2008,1,72,96,antigo
2008,1,73,285,antigo
2008,1,74,-482,antigo
2008,1,75,52,antigo
2008,1,77,1877,antigo
2008,1,78,-704,antigo
2008,1,79,483,antigo
2008,1,80,3296,antigo
2008,1,81,7699,antigo
2008,1,82,4728,antigo
2008,1,84,57,antigo
2008,1,85,-5936,antigo
2008,1,86,5742,antigo
2008,1,87,146,antigo
2008,1,88,498,antigo
2008,1,90,-340,antigo
2008,1,91,133,antigo
2008,1,92,31,antigo
2008,1,93,1590,antigo
2008,1,94,3174,antigo
2008,1,95,542,antigo
2008,1,96,158,antigo
2008,1,97,8,antigo
2008,1,99,64,antigo
2008,2,00,1092,antigo
2008,2,01,19045,antigo
2008,2,02,-238,antigo
2008,2,03,435,antigo
2008,2,05,57,antigo
2008,2,06,88,antigo
2008,2,07,652,antigo
2008,2,08,-97,antigo
2008,2,09,143,antigo
2008,2,10,6360,antigo
2008,2,11,-344,antigo
2008,2,12,7242,antigo
2008,2,13,-445,antigo
2008,2,14,2891,antigo
2008,2,15,5197,antigo
2008,2,16,-1222,antigo
2008,2,17,307,antigo
2008,2,18,344,antigo
2008,2,19,4501,antigo
2008,2,20,280,antigo
2008,2,21,535,antigo
2008,2,22,1286,antigo
2008,2,23,1446,antigo
2008,2,24,2409,antigo
2008,2,25,4535,antigo
2008,2,26,1010,antigo
2008,2,27,1825,antigo
2008,2,28,4564,antigo
2008,2,29,3236,antigo
2008,2,30,375,antigo
2008,2,31,361,antigo
2008,2,32,701,antigo
2008,2,33,1132,antigo
2008,2,35,121,antigo
2008,2,36,73,antigo
2008,2,37,604,antigo
2008,2,38,495,antigo
2008,2,39,-1,antigo
2008,2,41,10277,antigo
2008,2,42,11977,antigo
2008,2,43,6206,antigo
2008,2,45,6702,antigo
2008,2,46,6757,antigo
2008,2,47,1632,antigo
2008,2,49,2885,antigo
2008,2,50,175,antigo
2008,2,51,758,antigo
2008,2,52,2236,antigo
2008,2,53,694,antigo
2008,2,55,-2498,antigo
2008,2,56,1828,antigo
2008,2,58,299,antigo
2008,2,59,-154,antigo
2008,2,60,303,antigo
2008,2,61,523,antigo
2008,2,62,1575,antigo
2008,2,63,1126,antigo
2008,2,64,1823,antigo
2008,2,65,378,antigo
2008,2,66,510,antigo
2008,2,68,616,antigo
2008,2,69,890,antigo
2008,2,70,141,antigo
2008,2,71,2498,antigo
2008,2,72,31,antigo
2008,2,73,352,antigo
2008,2,74,-107,antigo
2008,2,75,30,antigo
2008,2,77,1297,antigo
2008,2,78,-746,antigo
2008,2,79,-20,antigo
2008,2,80,3074,antigo
2008,2,81,4399,antigo
2008,2,82,4260,antigo
2008,2,84,15274,antigo
2008,2,85,31955,antigo
2008,2,86,3046,antigo
2008,2,87,454,antigo
2008,2,88,770,antigo
2008,2,90,24,antigo
2008,2,91,-31,antigo
2008,2,92,-78,antigo
2008,2,93,-272,antigo
2008,2,94,9354,antigo
2008,2,95,261,antigo
2008,2,96,437,antigo
2008,2,97,-5,antigo
2008,2,99,52,antigo
2008,3,00,1576,antigo
2008,3,01,12485,antigo
2008,3,02,-1116,antigo
2008,3,03,-9,antigo
2008,3,05,65,antigo
2008,3,06,-87,antigo
2008,3,07,813,antigo
2008,3,08,335,antigo
2008,3,09,343,antigo
2008,3,10,-6340,antigo
2008,3,11,555,antigo
2008,3,12,5190,antigo
2008,3,13,1965,antigo
2008,3,14,5198,antigo
2008,3,15,5503,antigo
2008,3,16,-3538,antigo
2008,3,17,264,antigo
2008,3,18,649,antigo
2008,3,19,5092,antigo
2008,3,20,633,antigo
2008,3,21,674,antigo
2008,3,22,1441,antigo
2008,3,23,840,antigo
2008,3,24,2321,antigo
2008,3,25,4834,antigo
2008,3,26,708,antigo
2008,3,27,1476,antigo
2008,3,28,4436,antigo
2008,3,29,4420,antigo
2008,3,30,1454,antigo
2008,3,31,1214,antigo
2008,3,32,855,antigo
2008,3,33,1597,antigo
2008,3,35,75,antigo
2008,3,36,116,antigo
2008,3,37,53,antigo
2008,3,38,1722,antigo
2008,3,39,-4,antigo
2008,3,41,12836,antigo
2008,3,42,16282,antigo
2008,3,43,5441,antigo
2008,3,45,7102,antigo
2008,3,46,9855,antigo
2008,3,47,3737,antigo
2008,3,49,9721,antigo
2008,3,50,219,antigo
2008,3,51,552,antigo
2008,3,52,2693,antigo
2008,3,53,382,antigo
2008,3,55,-1146,antigo
2008,3,56,1840,antigo
2008,3,58,364,antigo
2008,3,59,72,antigo
2008,3,60,406,antigo
2008,3,61,1713,antigo
2008,3,62,2297,antigo
2008,3,63,1928,antigo
2008,3,64,2247,antigo
2008,3,65,736,antigo
2008,3,66,824,antigo
2008,3,68,675,antigo
2008,3,69,1152,antigo
2008,3,70,848,antigo
2008,3,71,4016,antigo
2008,3,72,345,antigo
2008,3,73,504,antigo
2008,3,74,-614,antigo
2008,3,75,32,antigo
2008,3,77,1945,antigo
2008,3,78,-807,antigo
2008,3,79,283,antigo
2008,3,80,6901,antigo
2008,3,81,4332,antigo
2008,3,82,11289,antigo
2008,3,84,5686,antigo
2008,3,85,16855,antigo
2008,3,86,7280,antigo
2008,3,87,965,antigo
2008,3,88,404,antigo
2008,3,90,54,antigo
2008,3,91,105,antigo
2008,3,92,51,antigo
2008,3,93,-102,antigo
2008,3,94,5096,antigo
2008,3,95,296,antigo
2008,3,96,998,antigo
2008,3,97,43,antigo
2008,3,99,15,antigo
2008,4,00,1925,antigo
2008,4,01,35196,antigo
2008,4,02,1182,antigo
2008,4,03,102,antigo
2008,4,05,51,antigo
2008,4,06,283,antigo
2008,4,07,1008,antigo
2008,4,08,651,antigo
2008,4,09,239,antigo
2008,4,10,25870,antigo
2008,4,11,636,antigo
2008,4,12,1620,antigo
2008,4,13,796,antigo
2008,4,14,3660,antigo
2008,4,15,4967,antigo
2008,4,16,-587,antigo
2008,4,17,603,antigo
2008,4,18,523,antigo
2008,4,19,17777,antigo
2008,4,20,269,antigo
2008,4,21,533,antigo
2008,4,22,2348,antigo
2008,4,23,2791,antigo
2008,4,24,1912,antigo
2008,4,25,3276,antigo
2008,4,26,558,antigo
2008,4,27,1296,antigo
2008,4,28,3267,antigo
2008,4,29,4894,antigo
2008,4,30,1083,antigo
2008,4,31,1564,antigo
2008,4,32,1360,antigo
2008,4,33,-283,antigo
2008,4,35,311,antigo
2008,4,36,227,antigo
2008,4,37,-91,antigo
2008,4,38,1367,antigo
2008,4,39,26,antigo
2008,4,41,14917,antigo
2008,4,42,11564,antigo
2008,4,43,7044,antigo
2008,4,45,7098,antigo
2008,4,46,5581,antigo
2008,4,47,23470,antigo
2008,4,49,16908,antigo
2008,4,50,126,antigo
2008,4,51,306,antigo
2008,4,52,1453,antigo
2008,4,53,724,antigo
2008,4,55,101,antigo
2008,4,56,4714,antigo
2008,4,58,421,antigo
2008,4,59,50,antigo
2008,4,60,348,antigo
2008,4,61,348,antigo
2008,4,62,-70,antigo
2008,4,63,1150,antigo
2008,4,64,2036,antigo
2008,4,65,623,antigo
2008,4,66,451,antigo
2008,4,68,526,antigo
2008,4,69,1361,antigo
2008,4,70,1191,antigo
2008,4,71,4658,antigo
2008,4,72,261,antigo
2008,4,73,904,antigo
2008,4,74,289,antigo
2008,4,75,78,antigo
2008,4,77,2331,antigo
2008,4,78,4163,antigo
2008,4,79,477,antigo
2008,4,80,5125,antigo
2008,4,81,6104,antigo
2008,4,82,12278,antigo
2008,4,84,5194,antigo
2008,4,85,9016,antigo
2008,4,86,8732,antigo
2008,4,87,504,antigo
2008,4,88,546,antigo
2008,4,90,-61,antigo
2008,4,91,22,antigo
2008,4,92,3,antigo
2008,4,93,830,antigo
2008,4,94,5135,antigo
2008,4,95,777,antigo
2008,4,96,1445,antigo
2008,4,97,8,antigo
2008,4,99,52,antigo
2008,5,00,1051,antigo
2008,5,01,46336,antigo
2008,5,02,1527,antigo
2008,5,03,87,antigo
2008,5,05,39,antigo
2008,5,06,189,antigo
2008,5,07,976,antigo
2008,5,08,522,antigo
2008,5,09,378,antigo
2008,5,10,6637,antigo
2008,5,11,50,antigo
2008,5,12,-757,antigo
2008,5,13,1186,antigo
2008,5,14,3525,antigo
2008,5,15,1112,antigo
2008,5,16,-2768,antigo
2008,5,17,628,antigo
2008,5,18,470,antigo
2008,5,19,2819,antigo
2008,5,20,1213,antigo
2008,5,21,479,antigo
2008,5,22,2159,antigo
2008,5,23,1574,antigo
2008,5,24,1500,antigo
2008,5,25,2045,antigo
2008,5,26,1536,antigo
2008,5,27,786,antigo
2008,5,28,2502,antigo
2008,5,29,3484,antigo
2008,5,30,1531,antigo
2008,5,31,190,antigo
2008,5,32,1315,antigo
2008,5,33,86,antigo
2008,5,35,416,antigo
2008,5,36,-14,antigo
2008,5,37,85,antigo
2008,5,38,260,antigo
2008,5,39,23,antigo
2008,5,41,9056,antigo
2008,5,42,14862,antigo
2008,5,43,5729,antigo
2008,5,45,6258,antigo
2008,5,46,5058,antigo
2008,5,47,20127,antigo
2008,5,49,7081,antigo
2008,5,50,486,antigo
2008,5,51,-760,antigo
2008,5,52,752,antigo
2008,5,53,535,antigo
2008,5,55,-779,antigo
2008,5,56,2245,antigo
2008,5,58,535,antigo
2008,5,59,249,antigo
2008,5,60,12,antigo
2008,5,61,1554,antigo
2008,5,62,1618,antigo
2008,5,63,720,antigo
2008,5,64,2695,antigo
2008,5,65,630,antigo
2008,5,66,162,antigo
2008,5,68,577,antigo
2008,5,69,1037,antigo
2008,5,70,1018,antigo
2008,5,71,2817,antigo
2008,5,72,331,antigo
2008,5,73,-88,antigo
2008,5,74,-43,antigo
2008,5,75,26,antigo
2008,5,77,1192,antigo
2008,5,78,-581,antigo
2008,5,79,418,antigo
2008,5,80,1722,antigo
2008,5,81,3690,antigo
2008,5,82,7919,antigo
2008,5,84,2581,antigo
2008,5,85,7152,antigo
2008,5,86,5930,antigo
2008,5,87,562,antigo
2008,5,88,298,antigo
2008,5,90,74,antigo
2008,5,91,84,antigo
2008,5,92,-8,antigo
2008,5,93,-280,antigo
2008,5,94,1673,antigo
2008,5,95,342,antigo
2008,5,96,510,antigo
2008,5,97,7,antigo
2008,5,99,22,antigo
2008,6,00,1811,antigo
2008,6,01,91692,antigo
2008,6,02,2118,antigo
2008,6,03,398,antigo
2008,6,05,40,antigo
2008,6,06,237,antigo
2008,6,07,772,antigo
2008,6,08,542,antigo
2008,6,09,393,antigo
2008,6,10,6300,antigo
2008,6,11,31,antigo
2008,6,12,-2878,antigo
2008,6,13,1916,antigo
2008,6,14,5821,antigo
2008,6,15,2467,antigo
2008,6,16,46,antigo
2008,6,17,639,antigo
2008,6,18,888,antigo
2008,6,19,1750,antigo
2008,6,20,1752,antigo
2008,6,21,420,antigo
2008,6,22,3220,antigo
2008,6,23,3197,antigo
2008,6,24,1918,antigo
2008,6,25,3742,antigo
2008,6,26,1952,antigo
2008,6,27,1659,antigo
2008,6,28,3153,antigo
2008,6,29,4572,antigo
2008,6,30,1916,antigo
2008,6,31,337,antigo
2008,6,32,1564,antigo
2008,6,33,455,antigo
2008,6,35,-142,antigo
2008,6,36,314,antigo
2008,6,37,453,antigo
2008,6,38,906,antigo
2008,6,39,-9,antigo
2008,6,41,16137,antigo
2008,6,42,15442,antigo
2008,6,43,7141,antigo
2008,6,45,8052,antigo
2008,6,46,8807,antigo
2008,6,47,33824,antigo
2008,6,49,10890,antigo
2008,6,50,334,antigo
2008,6,51,223,antigo
2008,6,52,1969,antigo
2008,6,53,1083,antigo
2008,6,55,625,antigo
2008,6,56,8018,antigo
2008,6,58,401,antigo
2008,6,59,193,antigo
2008,6,60,255,antigo
2008,6,61,963,antigo
2008,6,62,935,antigo
2008,6,63,2117,antigo
2008,6,64,3670,antigo
2008,6,65,544,antigo
2008,6,66,624,antigo
2008,6,68,769,antigo
2008,6,69,1665,antigo
2008,6,70,1290,antigo
2008,6,71,4276,antigo
2008,6,72,-1780,antigo
2008,6,73,435,antigo
2008,6,74,-329,antigo
2008,6,75,45,antigo
2008,6,77,1332,antigo
2008,6,78,1310,antigo
2008,6,79,420,antigo
2008,6,80,3435,antigo
2008,6,81,6194,antigo
2008,6,82,8505,antigo
2008,6,84,3604,antigo
2008,6,85,-2135,antigo
2008,6,86,8704,antigo
2008,6,87,273,antigo
2008,6,88,624,antigo
2008,6,90,155,antigo
2008,6,91,65,antigo
2008,6,92,-82,antigo
2008,6,93,245,antigo
2008,6,94,-667,antigo
2008,6,95,876,antigo
2008,6,96,1576,antigo
2008,6,97,75,antigo
2008,6,99,-47,antigo
2008,7,00,1222,antigo
2008,7,01,46633,antigo
2008,7,02,681,antigo
2008,7,03,-262,antigo
2008,7,05,85,antigo
2008,7,06,139,antigo
2008,7,07,692,antigo
2008,7,08,499,antigo
2008,7,09,176,antigo
2008,7,10,-19,antigo
2008,7,11,354,antigo
2008,7,12,-3201,antigo
2008,7,13,1277,antigo
2008,7,14,3666,antigo
2008,7,15,3483,antigo
2008,7,16,-465,antigo
2008,7,17,-1,antigo
2008,7,18,335,antigo
2008,7,19,-1260,antigo
2008,7,20,2223,antigo
2008,7,21,521,antigo
2008,7,22,2784,antigo
2008,7,23,1830,antigo
2008,7,24,1875,antigo
2008,7,25,4503,antigo
2008,7,26,1256,antigo
2008,7,27,1580,antigo
2008,7,28,3439,antigo
2008,7,29,5391,antigo
2008,7,30,1281,antigo
2008,7,31,46,antigo
2008,7,32,815,antigo
2008,7,33,1467,antigo
2008,7,35,139,antigo
2008,7,36,102,antigo
2008,7,37,346,antigo
2008,7,38,639,antigo
2008,7,39,24,antigo
2008,7,41,15804,antigo
2008,7,42,13734,antigo
2008,7,43,7235,antigo
2008,7,45,4464,antigo
2008,7,46,6479,antigo
2008,7,47,15660,antigo
2008,7,49,7394,antigo
2008,7,50,195,antigo
2008,7,51,491,antigo
2008,7,52,1898,antigo
2008,7,53,617,antigo
2008,7,55,568,antigo
2008,7,56,3221,antigo
2008,7,58,330,antigo
2008,7,59,172,antigo
2008,7,60,319,antigo
2008,7,61,1425,antigo
2008,7,62,2296,antigo
2008,7,63,822,antigo
2008,7,64,2809,antigo
2008,7,65,720,antigo
2008,7,66,147,antigo
2008,7,68,444,antigo
2008,7,69,1689,antigo
2008,7,70,1637,antigo
2008,7,71,5272,antigo
2008,7,72,3084,antigo
2008,7,73,753,antigo
2008,7,74,-808,antigo
2008,7,75,-34,antigo
2008,7,77,942,antigo
2008,7,78,3141,antigo
2008,7,79,360,antigo
2008,7,80,3283,antigo
2008,7,81,3461,antigo
2008,7,82,1257,antigo
2008,7,84,6518,antigo
2008,7,85,-9208,antigo
2008,7,86,5206,antigo
2008,7,87,397,antigo
2008,7,88,248,antigo
2008,7,90,-19,antigo
2008,7,91,22,antigo
2008,7,92,43,antigo
2008,7,93,343,antigo
2008,7,94,2592,antigo
2008,7,95,328,antigo
2008,7,96,1208,antigo
2008,7,97,-27,antigo
2008,7,99,-9,antigo
2008,8,00,1477,antigo
2008,8,01,-733,antigo
2008,8,02,1282,antigo
2008,8,03,-96,antigo
2008,8,05,40,antigo
2008,8,06,356,antigo
2008,8,07,667,antigo
2008,8,08,481,antigo
2008,8,09,224,antigo
2008,8,10,8631,antigo
2008,8,11,902,antigo
2008,8,12,-7191,antigo
2008,8,13,34,antigo
2008,8,14,7702,antigo
2008,8,15,2853,antigo
2008,8,16,525,antigo
2008,8,17,721,antigo
2008,8,18,655,antigo
2008,8,19,4901,antigo
2008,8,20,1175,antigo
2008,8,21,224,antigo
2008,8,22,1887,antigo
2008,8,23,2824,antigo
2008,8,24,1942,antigo
2008,8,25,3333,antigo
2008,8,26,1614,antigo
2008,8,27,1487,antigo
2008,8,28,2999,antigo
2008,8,29,4003,antigo
2008,8,30,1156,antigo
2008,8,31,1783,antigo
2008,8,32,1212,antigo
2008,8,33,86,antigo
2008,8,35,156,antigo
2008,8,36,273,antigo
2008,8,37,302,antigo
2008,8,38,695,antigo
2008,8,39,-18,antigo
2008,8,41,13902,antigo
2008,8,42,15580,antigo
2008,8,43,8041,antigo
2008,8,45,8226,antigo
2008,8,46,9321,antigo
2008,8,47,39078,antigo
2008,8,49,8802,antigo
2008,8,50,52,antigo
2008,8,51,377,antigo
2008,8,52,2067,antigo
2008,8,53,965,antigo
2008,8,55,362,antigo
2008,8,56,7611,antigo
2008,8,58,569,antigo
2008,8,59,-148,antigo
2008,8,60,288,antigo
2008,8,61,216,antigo
2008,8,62,2683,antigo
2008,8,63,1352,antigo
2008,8,64,3321,antigo
2008,8,65,630,antigo
2008,8,66,739,antigo
2008,8,68,472,antigo
2008,8,69,1256,antigo
2008,8,70,612,antigo
2008,8,71,4264,antigo
2008,8,72,112,antigo
2008,8,73,1048,antigo
2008,8,74,-42,antigo
2008,8,75,64,antigo
2008,8,77,1425,antigo
2008,8,78,373,antigo
2008,8,79,394,antigo
2008,8,80,3836,antigo
2008,8,81,5993,antigo
2008,8,82,5413,antigo
2008,8,84,1540,antigo
2008,8,85,20006,antigo
2008,8,86,8293,antigo
2008,8,87,863,antigo
2008,8,88,781,antigo
2008,8,90,289,antigo
2008,8,91,-121,antigo
2008,8,92,-3,antigo
2008,8,93,541,antigo
2008,8,94,4237,antigo
2008,8,95,1195,antigo
2008,8,96,1592,antigo
2008,8,97,51,antigo
2008,8,99,40,antigo
2008,9,00,1581,antigo
2008,9,01,-24070,antigo
2008,9,02,341,antigo
2008,9,03,-14,antigo
2008,9,05,111,antigo
2008,9,06,470,antigo
2008,9,07,352,antigo
2008,9,08,484,antigo
2008,9,09,230,antigo
2008,9,10,61230,antigo
2008,9,11,1346,antigo
2008,9,12,-2124,antigo
2008,9,13,1453,antigo
2008,9,14,8256,antigo
2008,9,15,1818,antigo
2008,9,16,1204,antigo
2008,9,17,818,antigo
2008,9,18,1301,antigo
2008,9,19,1696,antigo
2008,9,20,3318,antigo
2008,9,21,461,antigo
2008,9,22,3555,antigo
2008,9,23,2522,antigo
2008,9,24,2605,antigo
2008,9,25,5945,antigo
2008,9,26,2220,antigo
2008,9,27,1310,antigo
2008,9,28,2312,antigo
2008,9,29,2428,antigo
2008,9,30,1018,antigo
2008,9,31,2061,antigo
2008,9,32,1494,antigo
2008,9,33,1246,antigo
2008,9,35,432,antigo
2008,9,36,-17,antigo
2008,9,37,220,antigo
2008,9,38,662,antigo
2008,9,39,38,antigo
2008,9,41,14548,antigo
2008,9,42,14605,antigo
2008,9,43,5413,antigo
2008,9,45,5849,antigo
2008,9,46,10296,antigo
2008,9,47,39038,antigo
2008,9,49,9586,antigo
2008,9,50,78,antigo
2008,9,51,-92,antigo
2008,9,52,3586,antigo
2008,9,53,1021,antigo
2008,9,55,1036,antigo
2008,9,56,8197,antigo
2008,9,58,875,antigo
2008,9,59,26,antigo
2008,9,60,257,antigo
2008,9,61,1296,antigo
2008,9,62,8333,antigo
2008,9,63,669,antigo
2008,9,64,2701,antigo
2008,9,65,385,antigo
2008,9,66,-48,antigo
2008,9,68,884,antigo
2008,9,69,1762,antigo
2008,9,70,194,antigo
2008,9,71,4522,antigo
2008,9,72,-220,antigo
2008,9,73,580,antigo
2008,9,74,92,antigo
2008,9,75,6,antigo
2008,9,77,1212,antigo
2008,9,78,8474,antigo
2008,9,79,738,antigo
2008,9,80,4085,antigo
2008,9,81,4836,antigo
2008,9,82,12613,antigo
2008,9,84,909,antigo
2008,9,85,8898,antigo
2008,9,86,7238,antigo
2008,9,87,318,antigo
2008,9,88,552,antigo
2008,9,90,246,antigo
2008,9,91,-8,antigo
2008,9,92,8,antigo
2008,9,93,906,antigo
2008,9,94,3922,antigo
2008,9,95,406,antigo
2008,9,96,1624,antigo
2008,9,97,55,antigo
2008,9,99,21,antigo
2008,10,00,974,antigo
2008,10,01,-35948,antigo
2008,10,02,-2266,antigo
2008,10,03,-101,antigo
2008,10,05,29,antigo
2008,10,06,97,antigo
2008,10,07,245,antigo
2008,10,08,-390,antigo
2008,10,09,259,antigo
2008,10,10,3159,antigo
2008,10,11,1459,antigo
2008,10,12,-214,antigo
2008,10,13,-467,antigo
2008,10,14,4237,antigo
2008,10,15,-4336,antigo
2008,10,16,-503,antigo
2008,10,17,430,antigo
2008,10,18,755,antigo
2008,10,19,-490,antigo
2008,10,20,84,antigo
2008,10,21,-92,antigo
2008,10,22,159,antigo
2008,10,23,434,antigo
2008,10,24,395,antigo
2008,10,25,1582,antigo
2008,10,26,-277,antigo
2008,10,27,731,antigo
2008,10,28,-582,antigo
2008,10,29,-1712,antigo
2008,10,30,359,antigo
2008,10,31,855,antigo
2008,10,32,272,antigo
2008,10,33,-134,antigo
2008,10,35,168,antigo
2008,10,36,-76,antigo
2008,10,37,-145,antigo
2008,10,38,-761,antigo
2008,10,39,-14,antigo
2008,10,41,-102,antigo
2008,10,42,1838,antigo
2008,10,43,1268,antigo
2008,10,45,1547,antigo
2008,10,46,8462,antigo
2008,10,47,45797,antigo
2008,10,49,6434,antigo
2008,10,50,116,antigo
2008,10,51,249,antigo
2008,10,52,2313,antigo
2008,10,53,637,antigo
2008,10,55,917,antigo
2008,10,56,6344,antigo
2008,10,58,398,antigo
2008,10,59,111,antigo
2008,10,60,269,antigo
2008,10,61,1528,antigo
2008,10,62,-10432,antigo
2008,10,63,725,antigo
2008,10,64,1237,antigo
2008,10,65,608,antigo
2008,10,66,-987,antigo
2008,10,68,454,antigo
2008,10,69,1188,antigo
2008,10,70,166,antigo
2008,10,71,2659,antigo
2008,10,72,-728,antigo
2008,10,73,796,antigo
2008,10,74,-213,antigo
2008,10,75,49,antigo
2008,10,77,831,antigo
2008,10,78,259,antigo
2008,10,79,364,antigo
2008,10,80,482,antigo
2008,10,81,123,antigo
2008,10,82,7833,antigo
2008,10,84,-1186,antigo
2008,10,85,3523,antigo
2008,10,86,5414,antigo
2008,10,87,371,antigo
2008,10,88,272,antigo
2008,10,90,237,antigo
2008,10,91,41,antigo
2008,10,92,-45,antigo
2008,10,93,257,antigo
2008,10,94,-521,antigo
2008,10,95,493,antigo
2008,10,96,892,antigo
2008,10,97,10,antigo
2008,10,99,-72,antigo
2008,11,00,739,antigo
2008,11,01,-44652,antigo
2008,11,02,-4726,antigo
2008,11,03,-755,antigo
2008,11,05,-35,antigo
2008,11,06,203,antigo
2008,11,07,-558,antigo
2008,11,08,-761,antigo
2008,11,09,207,antigo
2008,11,10,-9992,antigo
2008,11,11,699,antigo
2008,11,12,-18,antigo
2008,11,13,-4532,antigo
2008,11,14,-2423,antigo
2008,11,15,-12310,antigo
2008,11,16,-3609,antigo
2008,11,17,-396,antigo
2008,11,18,-176,antigo
2008,11,19,-6987,antigo
2008,11,20,-1751,antigo
2008,11,21,-137,antigo
2008,11,22,-7487,antigo
2008,11,23,-82,antigo
2008,11,24,-4979,antigo
2008,11,25,-5661,antigo
2008,11,26,-2968,antigo
2008,11,27,-1531,antigo
2008,11,28,-3379,antigo
2008,11,29,-11829,antigo
2008,11,30,-984,antigo
2008,11,31,-719,antigo
2008,11,32,-1553,antigo
2008,11,33,-571,antigo
2008,11,35,62,antigo
2008,11,36,-19,antigo
2008,11,37,-79,antigo
2008,11,38,-1170,antigo
2008,11,39,-15,antigo
2008,11,41,-8501,antigo
2008,11,42,-11897,antigo
2008,11,43,-2493,antigo
2008,11,45,-4998,antigo
2008,11,46,6377,antigo
2008,11,47,77068,antigo
2008,11,49,1794,antigo
2008,11,50,-246,antigo
2008,11,51,104,antigo
2008,11,52,2236,antigo
2008,11,53,501,antigo
2008,11,55,2008,antigo
2008,11,56,11514,antigo
2008,11,58,-19,antigo
2008,11,59,-68,antigo
2008,11,60,193,antigo
2008,11,61,1070,antigo
2008,11,62,1768,antigo
2008,11,63,49,antigo
2008,11,64,-148,antigo
2008,11,65,945,antigo
2008,11,66,-820,antigo
2008,11,68,196,antigo
2008,11,69,1176,antigo
2008,11,70,1028,antigo
2008,11,71,958,antigo
2008,11,72,-180,antigo
2008,11,73,477,antigo
2008,11,74,-264,antigo
2008,11,75,67,antigo
2008,11,77,-381,antigo
2008,11,78,-1822,antigo
2008,11,79,416,antigo
2008,11,80,2196,antigo
2008,11,81,606,antigo
2008,11,82,8815,antigo
2008,11,84,-1854,antigo
2008,11,85,-452,antigo
2008,11,86,6484,antigo
2008,11,87,-272,antigo
2008,11,88,-57,antigo
2008,11,90,656,antigo
2008,11,91,311,antigo
2008,11,92,3,antigo
2008,11,93,632,antigo
2008,11,94,-2451,antigo
2008,11,95,262,antigo
2008,11,96,1218,antigo
2008,11,97,-66,antigo
2008,11,99,-26,antigo
2008,12,00,-2173,antigo
2008,12,01,-124830,antigo
2008,12,02,-7801,antigo
2008,12,03,-550,antigo
2008,12,05,4,antigo
2008,12,06,72,antigo
2008,12,07,-1690,antigo
2008,12,08,-1370,antigo
2008,12,09,92,antigo
2008,12,10,-79969,antigo
2008,12,11,-982,antigo
2008,12,12,-109,antigo
2008,12,13,-7522,antigo
2008,12,14,-21342,antigo
2008,12,15,-31384,antigo
2008,12,16,-7365,antigo
2008,12,17,-2152,antigo
2008,12,18,-1243,antigo
2008,12,19,-24893,antigo
2008,12,20,-3263,antigo
2008,12,21,-1271,antigo
2008,12,22,-12576,antigo
2008,12,23,-6270,antigo
2008,12,24,-6381,antigo
2008,12,25,-10502,antigo
2008,12,26,-9090,antigo
2008,12,27,-4406,antigo
2008,12,28,-9416,antigo
2008,12,29,-13423,antigo
2008,12,30,-2337,antigo
2008,12,31,-5220,antigo
2008,12,32,-3667,antigo
2008,12,33,-2597,antigo
2008,12,35,-271,antigo
2008,12,36,-185,antigo
2008,12,37,-325,antigo
2008,12,38,-910,antigo
2008,12,39,-32,antigo
2008,12,41,-37224,antigo
2008,12,42,-33285,antigo
2008,12,43,-12821,antigo
2008,12,45,-11137,antigo
2008,12,46,-9454,antigo
2008,12,47,3104,antigo
2008,12,49,-17291,antigo
2008,12,50,-375,antigo
2008,12,51,172,antigo
2008,12,52,202,antigo
2008,12,53,231,antigo
2008,12,55,2443,antigo
2008,12,56,-971,antigo
2008,12,58,-924,antigo
2008,12,59,32,antigo
2008,12,60,-248,antigo
2008,12,61,162,antigo
2008,12,62,136,antigo
2008,12,63,-1088,antigo
2008,12,64,-1617,antigo
2008,12,65,578,antigo
2008,12,66,-1472,antigo
2008,12,68,-205,antigo
2008,12,69,-965,antigo
2008,12,70,368,antigo
2008,12,71,-3589,antigo
2008,12,72,-629,antigo
2008,12,73,-881,antigo
2008,12,74,-797,antigo
2008,12,75,-28,antigo
2008,12,77,-2141,antigo
2008,12,78,-19202,antigo
2008,12,79,-149,antigo
2008,12,80,4183,antigo
2008,12,81,-1833,antigo
2008,12,82,-2419,antigo
2008,12,84,-28513,antigo
2008,12,85,-42126,antigo
2008,12,86,-1943,antigo
2008,12,87,-716,antigo
2008,12,88,-2316,antigo
2008,12,90,-762,antigo
2008,12,91,-47,antigo
2008,12,92,18,antigo
2008,12,93,-564,antigo
2008,12,94,-18810,antigo
2008,12,95,-424,antigo
2008,12,96,-1935,antigo
2008,12,97,-225,antigo
2008,12,99,-100,antigo
2009,1,00,3,antigo
2009,1,01,-9439,antigo
2009,1,02,-2878,antigo
2009,1,03,-18,antigo
2009,1,05,10,antigo
2009,1,06,20,antigo
2009,1,07,-176,antigo
2009,1,08,-211,antigo
2009,1,09,21,antigo
2009,1,10,-5069,antigo
2009,1,11,-1789,antigo
2009,1,12,2422,antigo
2009,1,13,-2171,antigo
2009,1,14,-2040,antigo
2009,1,15,322,antigo
2009,1,16,-1692,antigo
2009,1,17,-1279,antigo
2009,1,18,-446,antigo
2009,1,19,-1122,antigo
2009,1,20,-1197,antigo
2009,1,21,392,antigo
2009,1,22,-4635,antigo
2009,1,23,-1980,antigo
2009,1,24,-7134,antigo
2009,1,25,-4899,antigo
2009,1,26,-3132,antigo
2009,1,27,-1287,antigo
2009,1,28,-2648,antigo
2009,1,29,-13264,antigo
2009,1,30,-458,antigo
2009,1,31,-722,antigo
2009,1,32,-427,antigo
2009,1,33,46,antigo
2009,1,35,-193,antigo
2009,1,36,-114,antigo
2009,1,37,338,antigo
2009,1,38,303,antigo
2009,1,39,-4,antigo
2009,1,41,4283,antigo
2009,1,42,4737,antigo
2009,1,43,3368,antigo
2009,1,45,-897,antigo
2009,1,46,-226,antigo
2009,1,47,-49528,antigo
2009,1,49,-7707,antigo
2009,1,50,134,antigo
2009,1,51,-49,antigo
2009,1,52,-542,antigo
2009,1,53,44,antigo
2009,1,55,1408,antigo
2009,1,56,-479,antigo
2009,1,58,169,antigo
2009,1,59,164,antigo
2009,1,60,281,antigo
2009,1,61,8,antigo
2009,1,62,872,antigo
2009,1,63,-243,antigo
2009,1,64,-1183,antigo
2009,1,65,626,antigo
2009,1,66,-661,antigo
2009,1,68,984,antigo
2009,1,69,5101,antigo
2009,1,70,-481,antigo
2009,1,71,1134,antigo
2009,1,72,233,antigo
2009,1,73,568,antigo
2009,1,74,-282,antigo
2009,1,75,20,antigo
2009,1,77,-80,antigo
2009,1,78,-5219,antigo
2009,1,79,194,antigo
2009,1,80,1000,antigo
2009,1,81,3525,antigo
2009,1,82,-2855,antigo
2009,1,84,2238,antigo
2009,1,85,-5826,antigo
2009,1,86,5658,antigo
2009,1,87,407,antigo
2009,1,88,174,antigo
2009,1,90,-139,antigo
2009,1,91,-60,antigo
2009,1,92,21,antigo
2009,1,93,1439,antigo
2009,1,94,2331,antigo
2009,1,95,19,antigo
2009,1,96,-17,antigo
2009,1,97,70,antigo
2009,1,99,63,antigo
2009,2,01,3153,antigo
2009,2,02,-2455,antigo
2009,2,03,-38,antigo
2009,2,05,21,antigo
2009,2,06,113,antigo
2009,2,07,-380,antigo
2009,2,08,-402,antigo
2009,2,09,51,antigo
2009,2,10,-5179,antigo
2009,2,11,-664,antigo
2009,2,12,4740,antigo
2009,2,13,-2174,antigo
2009,2,14,-3047,antigo
2009,2,15,1961,antigo
2009,2,16,-2367,antigo
2009,2,17,-1161,antigo
2009,2,18,-287,antigo
2009,2,19,-341,antigo
2009,2,20,-1269,antigo
2009,2,21,220,antigo
2009,2,22,-3658,antigo
2009,2,23,-1155,antigo
2009,2,24,-5274,antigo
2009,2,25,-6590,antigo
2009,2,26,-3916,antigo
2009,2,27,-2555,antigo
2009,2,28,-6410,antigo
2009,2,29,-9424,antigo
2009,2,30,-4643,antigo
2009,2,31,-1901,antigo
2009,2,32,-754,antigo
2009,2,33,-832,antigo
2009,2,35,178,antigo
2009,2,36,-83,antigo
2009,2,37,4,antigo
2009,2,38,49,antigo
2009,2,39,29,antigo
2009,2,41,-824,antigo
2009,2,42,2966,antigo
2009,2,43,1929,antigo
2009,2,45,840,antigo
2009,2,46,518,antigo
2009,2,47,-10321,antigo
2009,2,49,-557,antigo
2009,2,50,173,antigo
2009,2,51,661,antigo
2009,2,52,997,antigo
2009,2,53,-270,antigo
2009,2,55,-1837,antigo
2009,2,56,2497,antigo
2009,2,58,-606,antigo
2009,2,59,-112,antigo
2009,2,60,110,antigo
2009,2,61,49,antigo
2009,2,62,1480,antigo
2009,2,63,1626,antigo
2009,2,64,156,antigo
2009,2,65,253,antigo
2009,2,66,-385,antigo
2009,2,68,764,antigo
2009,2,69,2929,antigo
2009,2,70,181,antigo
2009,2,71,-513,antigo
2009,2,72,42,antigo
2009,2,73,255,antigo
2009,2,74,-117,antigo
2009,2,75,33,antigo
2009,2,77,445,antigo
2009,2,78,-1635,antigo
2009,2,79,-7,antigo
2009,2,80,1136,antigo
2009,2,81,906,antigo
2009,2,82,-5157,antigo
2009,2,84,14476,antigo
2009,2,85,35975,antigo
2009,2,86,5196,antigo
2009,2,87,731,antigo
2009,2,88,732,antigo
2009,2,90,372,antigo
2009,2,91,-23,antigo
2009,2,92,32,antigo
2009,2,93,727,antigo
2009,2,94,8035,antigo
2009,2,95,13,antigo
2009,2,96,587,antigo
2009,2,97,92,antigo
2009,2,99,69,antigo
2009,3,00,2,antigo
2009,3,01,10749,antigo
2009,3,02,-3715,antigo
2009,3,03,152,antigo
2009,3,05,15,antigo
2009,3,06,96,antigo
2009,3,07,-70,antigo
2009,3,08,-1,antigo
2009,3,09,56,antigo
2009,3,10,-10978,antigo
2009,3,11,-921,antigo
2009,3,12,5231,antigo
2009,3,13,-766,antigo
2009,3,14,-1,antigo
2009,3,15,3633,antigo
2009,3,16,-3066,antigo
2009,3,17,-1332,antigo
2009,3,18,-546,antigo
2009,3,19,9849,antigo
2009,3,20,-909,antigo
2009,3,21,85,antigo
2009,3,22,-3220,antigo
2009,3,23,-2774,antigo
2009,3,24,-6386,antigo
2009,3,25,-5291,antigo
2009,3,26,-2069,antigo
2009,3,27,-2639,antigo
2009,3,28,-5995,antigo
2009,3,29,-5081,antigo
2009,3,30,-143,antigo
2009,3,31,-519,antigo
2009,3,32,-412,antigo
2009,3,33,-785,antigo
2009,3,35,172,antigo
2009,3,36,-151,antigo
2009,3,37,280,antigo
2009,3,38,-143,antigo
2009,3,39,11,antigo
2009,3,41,1204,antigo
2009,3,42,10638,antigo
2009,3,43,5326,antigo
2009,3,45,722,antigo
2009,3,46,1830,antigo
2009,3,47,-11931,antigo
2009,3,49,5059,antigo
2009,3,50,-154,antigo
2009,3,51,705,antigo
2009,3,52,894,antigo
2009,3,53,157,antigo
2009,3,55,-2834,antigo
2009,3,56,-2146,antigo
2009,3,58,-859,antigo
2009,3,59,-68,antigo
2009,3,60,66,antigo
2009,3,61,231,antigo
2009,3,62,959,antigo
2009,3,63,115,antigo
2009,3,64,-193,antigo
2009,3,65,251,antigo
2009,3,66,-460,antigo
2009,3,68,94,antigo
2009,3,69,3312,antigo
2009,3,70,133,antigo
2009,3,71,1300,antigo
2009,3,72,137,antigo
2009,3,73,398,antigo
2009,3,74,-108,antigo
2009,3,75,13,antigo
2009,3,77,-102,antigo
2009,3,78,7620,antigo
2009,3,79,-219,antigo
2009,3,80,518,antigo
2009,3,81,4153,antigo
2009,3,82,579,antigo
2009,3,84,7128,antigo
2009,3,85,19169,antigo
2009,3,86,5016,antigo
2009,3,87,219,antigo
2009,3,88,211,antigo
2009,3,90,80,antigo
2009,3,91,5,antigo
2009,3,92,9,antigo
2009,3,93,-70,antigo
2009,3,94,2726,antigo
2009,3,95,156,antigo
2009,3,96,223,antigo
2009,3,97,9,antigo
2009,3,99,179,antigo
2009,4,00,9,antigo
2009,4,01,26016,antigo
2009,4,02,-3946,antigo
2009,4,03,46,antigo
2009,4,05,21,antigo
2009,4,06,87,antigo
2009,4,07,-216,antigo
2009,4,08,-595,antigo
2009,4,09,256,antigo
2009,4,10,3549,antigo
2009,4,11,-157,antigo
2009,4,12,3213,antigo
2009,4,13,-657,antigo
2009,4,14,1082,antigo
2009,4,15,1468,antigo
2009,4,16,-656,antigo
2009,4,17,-357,antigo
2009,4,18,-387,antigo
2009,4,19,15127,antigo
2009,4,20,430,antigo
2009,4,21,33,antigo
2009,4,22,-1397,antigo
2009,4,23,-1176,antigo
2009,4,24,-4958,antigo
2009,4,25,-3925,antigo
2009,4,26,-2552,antigo
2009,4,27,-1625,antigo
2009,4,28,-4771,antigo
2009,4,29,-1350,antigo
2009,4,30,-146,antigo
2009,4,31,34,antigo
2009,4,32,111,antigo
2009,4,33,-643,antigo
2009,4,35,105,antigo
2009,4,36,-334,antigo
2009,4,37,110,antigo
2009,4,38,514,antigo
2009,4,39,29,antigo
2009,4,41,8563,antigo
2009,4,42,3179,antigo
2009,4,43,3584,antigo
2009,4,45,2448,antigo
2009,4,46,-632,antigo
2009,4,47,4660,antigo
2009,4,49,12519,antigo
2009,4,50,-5,antigo
2009,4,51,376,antigo
2009,4,52,162,antigo
2009,4,53,-556,antigo
2009,4,55,-1007,antigo
2009,4,56,1189,antigo
2009,4,58,-582,antigo
2009,4,59,172,antigo
2009,4,60,104,antigo
2009,4,61,92,antigo
2009,4,62,-3,antigo
2009,4,63,733,antigo
2009,4,64,-258,antigo
2009,4,65,388,antigo
2009,4,66,-219,antigo
2009,4,68,745,antigo
2009,4,69,2601,antigo
2009,4,70,-799,antigo
2009,4,71,2220,antigo
2009,4,72,944,antigo
2009,4,73,38,antigo
2009,4,74,223,antigo
2009,4,75,37,antigo
2009,4,77,497,antigo
2009,4,78,-3334,antigo
2009,4,79,-136,antigo
2009,4,80,2371,antigo
2009,4,81,3195,antigo
2009,4,82,7073,antigo
2009,4,84,4998,antigo
2009,4,85,10090,antigo
2009,4,86,9086,antigo
2009,4,87,291,antigo
2009,4,88,400,antigo
2009,4,90,23,antigo
2009,4,91,71,antigo
2009,4,92,-16,antigo
2009,4,93,363,antigo
2009,4,94,6813,antigo
2009,4,95,70,antigo
2009,4,96,621,antigo
2009,4,97,55,antigo
2009,4,99,366,antigo
2009,5,00,-1,antigo
2009,5,01,55418,antigo
2009,5,02,-2590,antigo
2009,5,03,16,antigo
2009,5,05,-15,antigo
2009,5,06,-83,antigo
2009,5,07,-165,antigo
2009,5,08,395,antigo
2009,5,09,67,antigo
2009,5,10,8538,antigo
2009,5,11,548,antigo
2009,5,12,-643,antigo
2009,5,13,-47,antigo
2009,5,14,2266,antigo
2009,5,15,-1930,antigo
2009,5,16,-1152,antigo
2009,5,17,476,antigo
2009,5,18,60,antigo
2009,5,19,3708,antigo
2009,5,20,174,antigo
2009,5,21,122,antigo
2009,5,22,-81,antigo
2009,5,23,-1556,antigo
2009,5,24,-3607,antigo
2009,5,25,-1657,antigo
2009,5,26,-430,antigo
2009,5,27,-560,antigo
2009,5,28,-3728,antigo
2009,5,29,-1423,antigo
2009,5,30,210,antigo
2009,5,31,-302,antigo
2009,5,32,1138,antigo
2009,5,33,-37,antigo
2009,5,35,320,antigo
2009,5,36,50,antigo
2009,5,37,153,antigo
2009,5,38,-331,antigo
2009,5,39,68,antigo
2009,5,41,3802,antigo
2009,5,42,10126,antigo
2009,5,43,4325,antigo
2009,5,45,2238,antigo
2009,5,46,1000,antigo
2009,5,47,12415,antigo
2009,5,49,4705,antigo
2009,5,50,27,antigo
2009,5,51,-60,antigo
2009,5,52,1313,antigo
2009,5,53,-1400,antigo
2009,5,55,-640,antigo
2009,5,56,927,antigo
2009,5,58,-141,antigo
2009,5,59,326,antigo
2009,5,60,77,antigo
2009,5,61,836,antigo
2009,5,62,211,antigo
2009,5,63,657,antigo
2009,5,64,456,antigo
2009,5,65,333,antigo
2009,5,66,256,antigo
2009,5,68,626,antigo
2009,5,69,2492,antigo
2009,5,70,-85,antigo
2009,5,71,857,antigo
2009,5,72,406,antigo
2009,5,73,788,antigo
2009,5,74,23,antigo
2009,5,75,38,antigo
2009,5,77,2,antigo
2009,5,78,-2037,antigo
2009,5,79,427,antigo
2009,5,80,2569,antigo
2009,5,81,4159,antigo
2009,5,82,943,antigo
2009,5,84,1474,antigo
2009,5,85,8025,antigo
2009,5,86,6853,antigo
2009,5,87,637,antigo
2009,5,88,550,antigo
2009,5,90,-145,antigo
2009,5,91,42,antigo
2009,5,92,-16,antigo
2009,5,93,335,antigo
2009,5,94,5999,antigo
2009,5,95,255,antigo
2009,5,96,1034,antigo
2009,5,97,50,antigo
2009,5,99,78,antigo
2009,6,00,0,antigo
2009,6,01,58438,antigo
2009,6,02,-1572,antigo
2009,6,03,309,antigo
2009,6,05,-123,antigo
2009,6,06,14,antigo
2009,6,07,-415,antigo
2009,6,08,410,antigo
2009,6,09,290,antigo
2009,6,10,4911,antigo
2009,6,11,73,antigo
2009,6,12,-1860,antigo
2009,6,13,599,antigo
2009,6,14,1995,antigo
2009,6,15,185,antigo
2009,6,16,-419,antigo
2009,6,17,341,antigo
2009,6,18,-97,antigo
2009,6,19,1735,antigo
2009,6,20,1024,antigo
2009,6,21,452,antigo
2009,6,22,1275,antigo
2009,6,23,163,antigo
2009,6,24,-2234,antigo
2009,6,25,-1978,antigo
2009,6,26,-125,antigo
2009,6,27,382,antigo
2009,6,28,-2266,antigo
2009,6,29,-2415,antigo
2009,6,30,126,antigo
2009,6,31,-271,antigo
2009,6,32,629,antigo
2009,6,33,48,antigo
2009,6,35,93,antigo
2009,6,36,230,antigo
2009,6,37,62,antigo
2009,6,38,177,antigo
2009,6,39,55,antigo
2009,6,41,5770,antigo
2009,6,42,9397,antigo
2009,6,43,4528,antigo
2009,6,45,2698,antigo
2009,6,46,1541,antigo
2009,6,47,14730,antigo
2009,6,49,3565,antigo
2009,6,50,115,antigo
2009,6,51,340,antigo
2009,6,52,3027,antigo
2009,6,53,-2383,antigo
2009,6,55,-238,antigo
2009,6,56,4273,antigo
2009,6,58,-140,antigo
2009,6,59,183,antigo
2009,6,60,241,antigo
2009,6,61,1570,antigo
2009,6,62,-445,antigo
2009,6,63,-610,antigo
2009,6,64,-25,antigo
2009,6,65,515,antigo
2009,6,66,371,antigo
2009,6,68,983,antigo
2009,6,69,2611,antigo
2009,6,70,-2,antigo
2009,6,71,29,antigo
2009,6,72,-201,antigo
2009,6,73,1050,antigo
2009,6,74,11,antigo
2009,6,75,-5,antigo
2009,6,77,419,antigo
2009,6,78,-2187,antigo
2009,6,79,327,antigo
2009,6,80,1435,antigo
2009,6,81,3915,antigo
2009,6,82,-4960,antigo
2009,6,84,792,antigo
2009,6,85,-3077,antigo
2009,6,86,5972,antigo
2009,6,87,612,antigo
2009,6,88,212,antigo
2009,6,90,24,antigo
2009,6,91,82,antigo
2009,6,92,-6,antigo
2009,6,93,376,antigo
2009,6,94,659,antigo
2009,6,95,160,antigo
2009,6,96,945,antigo
2009,6,97,50,antigo
2009,6,99,6,antigo
2009,7,00,-1,antigo
2009,7,01,29736,antigo
2009,7,02,-726,antigo
2009,7,03,60,antigo
2009,7,05,-180,antigo
2009,7,06,56,antigo
2009,7,07,-261,antigo
2009,7,08,398,antigo
2009,7,09,359,antigo
2009,7,10,4748,antigo
2009,7,11,102,antigo
2009,7,12,-4735,antigo
2009,7,13,1680,antigo
2009,7,14,4536,antigo
2009,7,15,4681,antigo
2009,7,16,894,antigo
2009,7,17,410,antigo
2009,7,18,192,antigo
2009,7,19,-1911,antigo
2009,7,20,2171,antigo
2009,7,21,677,antigo
2009,7,22,2078,antigo
2009,7,23,1571,antigo
2009,7,24,-558,antigo
2009,7,25,-661,antigo
2009,7,26,293,antigo
2009,7,27,740,antigo
2009,7,28,-1660,antigo
2009,7,29,391,antigo
2009,7,30,-745,antigo
2009,7,31,-12,antigo
2009,7,32,554,antigo
2009,7,33,941,antigo
2009,7,35,-24,antigo
2009,7,36,277,antigo
2009,7,37,148,antigo
2009,7,38,2296,antigo
2009,7,39,2,antigo
2009,7,41,13916,antigo
2009,7,42,12070,antigo
2009,7,43,8135,antigo
2009,7,45,3498,antigo
2009,7,46,7063,antigo
2009,7,47,18494,antigo
2009,7,49,3028,antigo
2009,7,50,37,antigo
2009,7,51,490,antigo
2009,7,52,2128,antigo
2009,7,53,763,antigo
2009,7,55,-5,antigo
2009,7,56,646,antigo
2009,7,58,-27,antigo
2009,7,59,75,antigo
2009,7,60,510,antigo
2009,7,61,-2601,antigo
2009,7,62,246,antigo
2009,7,63,1397,antigo
2009,7,64,378,antigo
2009,7,65,438,antigo
2009,7,66,323,antigo
2009,7,68,666,antigo
2009,7,69,3127,antigo
2009,7,70,258,antigo
2009,7,71,1969,antigo
2009,7,72,187,antigo
2009,7,73,857,antigo
2009,7,74,-17,antigo
2009,7,75,-20,antigo
2009,7,77,540,antigo
2009,7,78,3839,antigo
2009,7,79,-120,antigo
2009,7,80,1711,antigo
2009,7,81,4181,antigo
2009,7,82,-539,antigo
2009,7,84,1768,antigo
2009,7,85,-10269,antigo
2009,7,86,8083,antigo
2009,7,87,264,antigo
2009,7,88,128,antigo
2009,7,90,148,antigo
2009,7,91,79,antigo
2009,7,92,-20,antigo
2009,7,93,572,antigo
2009,7,94,845,antigo
2009,7,95,202,antigo
2009,7,96,344,antigo
2009,7,97,24,antigo
2009,7,99,76,antigo
2009,8,00,-2,antigo
2009,8,01,-11649,antigo
2009,8,02,261,antigo
2009,8,03,0,antigo
2009,8,05,-148,antigo
2009,8,06,289,antigo
2009,8,07,228,antigo
2009,8,08,516,antigo
2009,8,09,226,antigo
2009,8,10,15434,antigo
2009,8,11,1013,antigo
2009,8,12,-5663,antigo
2009,8,13,1699,antigo
2009,8,14,7268,antigo
2009,8,15,9909,antigo
2009,8,16,1515,antigo
2009,8,17,1194,antigo
2009,8,18,594,antigo
2009,8,19,3885,antigo
2009,8,20,1552,antigo
2009,8,21,260,antigo
2009,8,22,4556,antigo
2009,8,23,3075,antigo
2009,8,24,2210,antigo
2009,8,25,3854,antigo
2009,8,26,2170,antigo
2009,8,27,1830,antigo
2009,8,28,538,antigo
2009,8,29,3078,antigo
2009,8,30,-10,antigo
2009,8,31,1676,antigo
2009,8,32,1559,antigo
2009,8,33,507,antigo
2009,8,35,206,antigo
2009,8,36,319,antigo
2009,8,37,-247,antigo
2009,8,38,164,antigo
2009,8,39,6,antigo
2009,8,41,18596,antigo
2009,8,42,13823,antigo
2009,8,43,9581,antigo
2009,8,45,6292,antigo
2009,8,46,10172,antigo
2009,8,47,42819,antigo
2009,8,49,8309,antigo
2009,8,50,189,antigo
2009,8,51,434,antigo
2009,8,52,1506,antigo
2009,8,53,80,antigo
2009,8,55,132,antigo
2009,8,56,5435,antigo
2009,8,58,303,antigo
2009,8,59,-370,antigo
2009,8,60,378,antigo
2009,8,61,-184,antigo
2009,8,62,2629,antigo
2009,8,63,407,antigo
2009,8,64,883,antigo
2009,8,65,332,antigo
2009,8,66,903,antigo
2009,8,68,695,antigo
2009,8,69,3245,antigo
2009,8,70,-47,antigo
2009,8,71,2351,antigo
2009,8,72,49,antigo
2009,8,73,154,antigo
2009,8,74,146,antigo
2009,8,75,20,antigo
2009,8,77,1155,antigo
2009,8,78,2849,antigo
2009,8,79,288,antigo
2009,8,80,2514,antigo
2009,8,81,3975,antigo
2009,8,82,5571,antigo
2009,8,84,3259,antigo
2009,8,85,19759,antigo
2009,8,86,8787,antigo
2009,8,87,659,antigo
2009,8,88,912,antigo
2009,8,90,-36,antigo
2009,8,91,49,antigo
2009,8,92,18,antigo
2009,8,93,835,antigo
2009,8,94,6763,antigo
2009,8,95,844,antigo
2009,8,96,750,antigo
2009,8,97,33,antigo
2009,8,99,8,antigo
2009,9,00,-5,antigo
2009,9,01,-18550,antigo
2009,9,02,1407,antigo
2009,9,03,-94,antigo
2009,9,05,-85,antigo
2009,9,06,-25,antigo
2009,9,07,578,antigo
2009,9,08,445,antigo
2009,9,09,282,antigo
2009,9,10,56281,antigo
2009,9,11,2340,antigo
2009,9,12,-1607,antigo
2009,9,13,1958,antigo
2009,9,14,8345,antigo
2009,9,15,10056,antigo
2009,9,16,1355,antigo
2009,9,17,1412,antigo
2009,9,18,1101,antigo
2009,9,19,1895,antigo
2009,9,20,2485,antigo
2009,9,21,677,antigo
2009,9,22,5341,antigo
2009,9,23,3374,antigo
2009,9,24,2339,antigo
2009,9,25,5614,antigo
2009,9,26,2756,antigo
2009,9,27,762,antigo
2009,9,28,2297,antigo
2009,9,29,4293,antigo
2009,9,30,628,antigo
2009,9,31,2859,antigo
2009,9,32,1443,antigo
2009,9,33,2561,antigo
2009,9,35,412,antigo
2009,9,36,197,antigo
2009,9,37,-2072,antigo
2009,9,38,-267,antigo
2009,9,39,2,antigo
2009,9,41,14558,antigo
2009,9,42,12657,antigo
2009,9,43,6827,antigo
2009,9,45,4865,antigo
2009,9,46,9288,antigo
2009,9,47,37753,antigo
2009,9,49,8513,antigo
2009,9,50,174,antigo
2009,9,51,352,antigo
2009,9,52,1695,antigo
2009,9,53,106,antigo
2009,9,55,904,antigo
2009,9,56,6184,antigo
2009,9,58,127,antigo
2009,9,59,-113,antigo
2009,9,60,247,antigo
2009,9,61,3889,antigo
2009,9,62,1454,antigo
2009,9,63,-42,antigo
2009,9,64,557,antigo
2009,9,65,166,antigo
2009,9,66,704,antigo
2009,9,68,412,antigo
2009,9,69,3041,antigo
2009,9,70,1106,antigo
2009,9,71,1502,antigo
2009,9,72,-283,antigo
2009,9,73,-2290,antigo
2009,9,74,425,antigo
2009,9,75,22,antigo
2009,9,77,798,antigo
2009,9,78,5891,antigo
2009,9,79,394,antigo
2009,9,80,644,antigo
2009,9,81,3923,antigo
2009,9,82,5129,antigo
2009,9,84,1507,antigo
2009,9,85,6569,antigo
2009,9,86,6298,antigo
2009,9,87,600,antigo
2009,9,88,-418,antigo
2009,9,90,46,antigo
2009,9,91,45,antigo
2009,9,92,-21,antigo
2009,9,93,810,antigo
2009,9,94,1374,antigo
2009,9,95,431,antigo
2009,9,96,978,antigo
2009,9,97,38,antigo
2009,9,99,-9,antigo
2009,10,01,-13154,antigo
2009,10,02,1519,antigo
2009,10,03,-179,antigo
2009,10,05,-65,antigo
2009,10,06,68,antigo
2009,10,07,514,antigo
2009,10,08,430,antigo
2009,10,09,285,antigo
2009,10,10,13823,antigo
2009,10,11,2106,antigo
2009,10,12,-769,antigo
2009,10,13,2026,antigo
2009,10,14,7576,antigo
2009,10,15,6213,antigo
2009,10,16,1609,antigo
2009,10,17,1184,antigo
2009,10,18,816,antigo
2009,10,19,148,antigo
2009,10,20,2645,antigo
2009,10,21,468,antigo
2009,10,22,5054,antigo
2009,10,23,3711,antigo
2009,10,24,2690,antigo
2009,10,25,6640,antigo
2009,10,26,2268,antigo
2009,10,27,2164,antigo
2009,10,28,2005,antigo
2009,10,29,4506,antigo
2009,10,30,497,antigo
2009,10,31,3319,antigo
2009,10,32,995,antigo
2009,10,33,1,antigo
2009,10,35,226,antigo
2009,10,36,73,antigo
2009,10,37,-150,antigo
2009,10,38,1117,antigo
2009,10,39,8,antigo
2009,10,41,14764,antigo
2009,10,42,7141,antigo
2009,10,43,5209,antigo
2009,10,45,6063,antigo
2009,10,46,11627,antigo
2009,10,47,53341,antigo
2009,10,49,8657,antigo
2009,10,50,43,antigo
2009,10,51,202,antigo
2009,10,52,2234,antigo
2009,10,53,239,antigo
2009,10,55,1297,antigo
2009,10,56,5869,antigo
2009,10,58,403,antigo
2009,10,59,185,antigo
2009,10,60,309,antigo
2009,10,61,1094,antigo
2009,10,62,97,antigo
2009,10,63,717,antigo
2009,10,64,1435,antigo
2009,10,65,39,antigo
2009,10,66,681,antigo
2009,10,68,553,antigo
2009,10,69,2281,antigo
2009,10,70,520,antigo
2009,10,71,3178,antigo
2009,10,72,-106,antigo
2009,10,73,-202,antigo
2009,10,74,439,antigo
2009,10,75,80,antigo
2009,10,77,1261,antigo
2009,10,78,8682,antigo
2009,10,79,360,antigo
2009,10,80,2253,antigo
2009,10,81,5293,antigo
2009,10,82,6015,antigo
2009,10,84,1682,antigo
2009,10,85,3138,antigo
2009,10,86,5930,antigo
2009,10,87,319,antigo
2009,10,88,110,antigo
2009,10,90,-24,antigo
2009,10,91,-9,antigo
2009,10,92,-124,antigo
2009,10,93,404,antigo
2009,10,94,2949,antigo
2009,10,95,736,antigo
2009,10,96,1100,antigo
2009,10,97,49,antigo
2009,10,99,56,antigo
2009,11,00,0,antigo
2009,11,01,-18377,antigo
2009,11,02,2014,antigo
2009,11,03,-515,antigo
2009,11,05,13,antigo
2009,11,06,42,antigo
2009,11,07,489,antigo
2009,11,08,130,antigo
2009,11,09,74,antigo
2009,11,10,4999,antigo
2009,11,11,1480,antigo
2009,11,12,-420,antigo
2009,11,13,686,antigo
2009,11,14,3277,antigo
2009,11,15,-524,antigo
2009,11,16,265,antigo
2009,11,17,917,antigo
2009,11,18,409,antigo
2009,11,19,-3458,antigo
2009,11,20,686,antigo
2009,11,21,180,antigo
2009,11,22,2961,antigo
2009,11,23,3347,antigo
2009,11,24,1983,antigo
2009,11,25,4525,antigo
2009,11,26,634,antigo
2009,11,27,2002,antigo
2009,11,28,2841,antigo
2009,11,29,6444,antigo
2009,11,30,111,antigo
2009,11,31,1598,antigo
2009,11,32,-395,antigo
2009,11,33,2263,antigo
2009,11,35,136,antigo
2009,11,36,77,antigo
2009,11,37,102,antigo
2009,11,38,576,antigo
2009,11,39,31,antigo
2009,11,41,14738,antigo
2009,11,42,1048,antigo
2009,11,43,4151,antigo
2009,11,45,5531,antigo
2009,11,46,12398,antigo
2009,11,47,100645,antigo
2009,11,49,7607,antigo
2009,11,50,170,antigo
2009,11,51,181,antigo
2009,11,52,3471,antigo
2009,11,53,578,antigo
2009,11,55,2420,antigo
2009,11,56,11644,antigo
2009,11,58,-74,antigo
2009,11,59,432,antigo
2009,11,60,191,antigo
2009,11,61,501,antigo
2009,11,62,2212,antigo
2009,11,63,1921,antigo
2009,11,64,1412,antigo
2009,11,65,639,antigo
2009,11,66,1166,antigo
2009,11,68,1021,antigo
2009,11,69,2349,antigo
2009,11,70,795,antigo
2009,11,71,3145,antigo
2009,11,72,-27,antigo
2009,11,73,732,antigo
2009,11,74,373,antigo
2009,11,75,62,antigo
2009,11,77,1158,antigo
2009,11,78,8316,antigo
2009,11,79,648,antigo
2009,11,80,1715,antigo
2009,11,81,6949,antigo
2009,11,82,11436,antigo
2009,11,84,776,antigo
2009,11,85,-398,antigo
2009,11,86,6233,antigo
2009,11,87,383,antigo
2009,11,88,180,antigo
2009,11,90,344,antigo
2009,11,91,42,antigo
2009,11,92,-20,antigo
2009,11,93,616,antigo
2009,11,94,2669,antigo
2009,11,95,1051,antigo
2009,11,96,1592,antigo
2009,11,97,-87,antigo
2009,11,99,57,antigo
2009,12,01,-115838,antigo
2009,12,02,-572,antigo
2009,12,03,-521,antigo
2009,12,05,-30,antigo
2009,12,06,22,antigo
2009,12,07,79,antigo
2009,12,08,-231,antigo
2009,12,09,-109,antigo
2009,12,10,-66368,antigo
2009,12,11,-315,antigo
2009,12,12,-244,antigo
2009,12,13,-4576,antigo
2009,12,14,-17581,antigo
2009,12,15,-21801,antigo
2009,12,16,-4278,antigo
2009,12,17,-1197,antigo
2009,12,18,-765,antigo
2009,12,19,-24642,antigo
2009,12,20,-2894,antigo
2009,12,21,-654,antigo
2009,12,22,-3632,antigo
2009,12,23,-1973,antigo
2009,12,24,142,antigo
2009,12,25,-1607,antigo
2009,12,26,-2357,antigo
2009,12,27,-338,antigo
2009,12,28,-1153,antigo
2009,12,29,927,antigo
2009,12,30,-459,antigo
2009,12,31,-2832,antigo
2009,12,32,-2939,antigo
2009,12,33,-690,antigo
2009,12,35,-310,antigo
2009,12,36,-935,antigo
2009,12,37,-20,antigo
2009,12,38,96,antigo
2009,12,39,42,antigo
2009,12,41,-20952,antigo
2009,12,42,-22060,antigo
2009,12,43,-9285,antigo
2009,12,45,-2955,antigo
2009,12,46,-3931,antigo
2009,12,47,15860,antigo
2009,12,49,-9797,antigo
2009,12,50,250,antigo
2009,12,51,584,antigo
2009,12,52,1882,antigo
2009,12,53,-753,antigo
2009,12,55,2853,antigo
2009,12,56,-1042,antigo
2009,12,58,-340,antigo
2009,12,59,271,antigo
2009,12,60,-14,antigo
2009,12,61,179,antigo
2009,12,62,309,antigo
2009,12,63,21,antigo
2009,12,64,-205,antigo
2009,12,65,241,antigo
2009,12,66,410,antigo
2009,12,68,-215,antigo
2009,12,69,-224,antigo
2009,12,70,0,antigo
2009,12,71,-1127,antigo
2009,12,72,77,antigo
2009,12,73,-1290,antigo
2009,12,74,-545,antigo
2009,12,75,-42,antigo
2009,12,77,-958,antigo
2009,12,78,-9719,antigo
2009,12,79,26,antigo
2009,12,80,5771,antigo
2009,12,81,5665,antigo
2009,12,82,-557,antigo
2009,12,84,-22267,antigo
2009,12,85,-44044,antigo
2009,12,86,645,antigo
2009,12,87,-988,antigo
2009,12,88,-1923,antigo
2009,12,90,-255,antigo
2009,12,91,-35,antigo
2009,12,92,-13,antigo
2009,12,93,-743,antigo
2009,12,94,-11804,antigo
2009,12,95,-17,antigo
2009,12,96,-1366,antigo
2009,12,97,-182,antigo
2009,12,99,-35,antigo
2010,1,01,1497,antigo
2010,1,02,2627,antigo
2010,1,03,162,antigo
2010,1,05,4,antigo
2010,1,06,39,antigo
2010,1,07,624,antigo
2010,1,08,463,antigo
2010,1,09,221,antigo
2010,1,10,-1010,antigo
2010,1,11,-1258,antigo
2010,1,12,1836,antigo
2010,1,13,3033,antigo
2010,1,14,4913,antigo
2010,1,15,8648,antigo
2010,1,16,2211,antigo
2010,1,17,1021,antigo
2010,1,18,608,antigo
2010,1,19,-889,antigo
2010,1,20,1631,antigo
2010,1,21,1317,antigo
2010,1,22,5189,antigo
2010,1,23,3823,antigo
2010,1,24,2949,antigo
2010,1,25,8476,antigo
2010,1,26,3681,antigo
2010,1,27,2371,antigo
2010,1,28,4476,antigo
2010,1,29,5864,antigo
2010,1,30,95,antigo
2010,1,31,2298,antigo
2010,1,32,1129,antigo
2010,1,33,3616,antigo
2010,1,35,486,antigo
2010,1,36,124,antigo
2010,1,37,90,antigo
2010,1,38,1983,antigo
2010,1,39,-17,antigo
2010,1,41,29670,antigo
2010,1,42,17211,antigo
2010,1,43,10727,antigo
2010,1,45,5639,antigo
2010,1,46,9881,antigo
2010,1,47,-20348,antigo
2010,1,49,-598,antigo
2010,1,50,418,antigo
2010,1,51,269,antigo
2010,1,52,2352,antigo
2010,1,53,331,antigo
2010,1,55,1949,antigo
2010,1,56,4327,antigo
2010,1,58,680,antigo
2010,1,59,265,antigo
2010,1,60,477,antigo
2010,1,61,466,antigo
2010,1,62,2826,antigo
2010,1,63,651,antigo
2010,1,64,2018,antigo
2010,1,65,430,antigo
2010,1,66,632,antigo
2010,1,68,1273,antigo
2010,1,69,5963,antigo
2010,1,70,1146,antigo
2010,1,71,4449,antigo
2010,1,72,78,antigo
2010,1,73,360,antigo
2010,1,74,79,antigo
2010,1,75,60,antigo
2010,1,77,1780,antigo
2010,1,78,36,antigo
2010,1,79,795,antigo
2010,1,80,3990,antigo
2010,1,81,6783,antigo
2010,1,82,4908,antigo
2010,1,84,-881,antigo
2010,1,85,-3541,antigo
2010,1,86,6565,antigo
2010,1,87,-964,antigo
2010,1,88,-83,antigo
2010,1,90,-39,antigo
2010,1,91,27,antigo
2010,1,92,2,antigo
2010,1,93,1397,antigo
2010,1,94,937,antigo
2010,1,95,873,antigo
2010,1,96,772,antigo
2010,1,97,58,antigo
2010,1,99,-8,antigo
2010,2,01,1659,antigo
2010,2,02,1522,antigo
2010,2,03,575,antigo
2010,2,05,31,antigo
2010,2,06,-49,antigo
2010,2,07,1121,antigo
2010,2,08,373,antigo
2010,2,09,193,antigo
2010,2,10,-2506,antigo
2010,2,11,-495,antigo
2010,2,12,4710,antigo
2010,2,13,2292,antigo
2010,2,14,3992,antigo
2010,2,15,10472,antigo
2010,2,16,423,antigo
2010,2,17,295,antigo
2010,2,18,308,antigo
2010,2,19,3226,antigo
2010,2,20,965,antigo
2010,2,21,569,antigo
2010,2,22,4313,antigo
2010,2,23,2101,antigo
2010,2,24,3290,antigo
2010,2,25,6528,antigo
2010,2,26,1696,antigo
2010,2,27,2252,antigo
2010,2,28,3301,antigo
2010,2,29,5573,antigo
2010,2,30,138,antigo
2010,2,31,1887,antigo
2010,2,32,1158,antigo
2010,2,33,2319,antigo
2010,2,35,558,antigo
2010,2,36,124,antigo
2010,2,37,38,antigo
2010,2,38,1496,antigo
2010,2,39,2,antigo
2010,2,41,19733,antigo
2010,2,42,10976,antigo
2010,2,43,6382,antigo
2010,2,45,4509,antigo
2010,2,46,9494,antigo
2010,2,47,-1616,antigo
2010,2,49,7104,antigo
2010,2,50,220,antigo
2010,2,51,754,antigo
2010,2,52,2258,antigo
2010,2,53,354,antigo
2010,2,55,-1894,antigo
2010,2,56,3290,antigo
2010,2,58,477,antigo
2010,2,59,-155,antigo
2010,2,60,199,antigo
2010,2,61,2165,antigo
2010,2,62,1236,antigo
2010,2,63,164,antigo
2010,2,64,2052,antigo
2010,2,65,102,antigo
2010,2,66,627,antigo
2010,2,68,448,antigo
2010,2,69,2654,antigo
2010,2,70,1377,antigo
2010,2,71,1863,antigo
2010,2,72,188,antigo
2010,2,73,198,antigo
2010,2,74,113,antigo
2010,2,75,54,antigo
2010,2,77,1212,antigo
2010,2,78,-3060,antigo
2010,2,79,59,antigo
2010,2,80,3095,antigo
2010,2,81,6345,antigo
2010,2,82,4806,antigo
2010,2,84,8139,antigo
2010,2,85,32625,antigo
2010,2,86,4395,antigo
2010,2,87,648,antigo
2010,2,88,975,antigo
2010,2,90,113,antigo
2010,2,91,21,antigo
2010,2,92,-11,antigo
2010,2,93,30,antigo
2010,2,94,6536,antigo
2010,2,95,803,antigo
2010,2,96,885,antigo
2010,2,97,20,antigo
2010,2,99,12,antigo
2010,3,01,8635,antigo
2010,3,02,1566,antigo
2010,3,03,-82,antigo
2010,3,05,3,antigo
2010,3,06,-230,antigo
2010,3,07,1022,antigo
2010,3,08,692,antigo
2010,3,09,153,antigo
2010,3,10,-2320,antigo
2010,3,11,-58,antigo
2010,3,12,6591,antigo
2010,3,13,3064,antigo
2010,3,14,8114,antigo
2010,3,15,9917,antigo
2010,3,16,-42,antigo
2010,3,17,788,antigo
2010,3,18,273,antigo
2010,3,19,3712,antigo
2010,3,20,1411,antigo
2010,3,21,831,antigo
2010,3,22,4009,antigo
2010,3,23,2288,antigo
2010,3,24,3569,antigo
2010,3,25,6570,antigo
2010,3,26,2172,antigo
2010,3,27,3014,antigo
2010,3,28,3154,antigo
2010,3,29,5493,antigo
2010,3,30,1186,antigo
2010,3,31,2666,antigo
2010,3,32,1689,antigo
2010,3,33,1601,antigo
2010,3,35,173,antigo
2010,3,36,386,antigo
2010,3,37,365,antigo
2010,3,38,983,antigo
2010,3,39,19,antigo
2010,3,41,21957,antigo
2010,3,42,10018,antigo
2010,3,43,8937,antigo
2010,3,45,6050,antigo
2010,3,46,10907,antigo
2010,3,47,14534,antigo
2010,3,49,15869,antigo
2010,3,50,335,antigo
2010,3,51,572,antigo
2010,3,52,2615,antigo
2010,3,53,215,antigo
2010,3,55,-1105,antigo
2010,3,56,4098,antigo
2010,3,58,27,antigo
2010,3,59,221,antigo
2010,3,60,252,antigo
2010,3,61,1047,antigo
2010,3,62,1467,antigo
2010,3,63,1405,antigo
2010,3,64,1840,antigo
2010,3,65,510,antigo
2010,3,66,777,antigo
2010,3,68,1001,antigo
2010,3,69,2898,antigo
2010,3,70,857,antigo
2010,3,71,4279,antigo
2010,3,72,248,antigo
2010,3,73,-86,antigo
2010,3,74,862,antigo
2010,3,75,27,antigo
2010,3,77,1536,antigo
2010,3,78,8956,antigo
2010,3,79,495,antigo
2010,3,80,2767,antigo
2010,3,81,8090,antigo
2010,3,82,12502,antigo
2010,3,84,6157,antigo
2010,3,85,17556,antigo
2010,3,86,4807,antigo
2010,3,87,708,antigo
2010,3,88,646,antigo
2010,3,90,-56,antigo
2010,3,91,5,antigo
2010,3,92,23,antigo
2010,3,93,-117,antigo
2010,3,94,4753,antigo
2010,3,95,446,antigo
2010,3,96,1039,antigo
2010,3,97,-9,antigo
2010,3,99,100,antigo
2010,4,01,36342,antigo
2010,4,02,2155,antigo
2010,4,03,77,antigo
2010,4,05,-26,antigo
2010,4,06,-90,antigo
2010,4,07,1076,antigo
2010,4,08,620,antigo
2010,4,09,-73,antigo
2010,4,10,9940,antigo
2010,4,11,937,antigo
2010,4,12,1218,antigo
2010,4,13,2376,antigo
2010,4,14,7432,antigo
2010,4,15,6013,antigo
2010,4,16,1792,antigo
2010,4,17,759,antigo
2010,4,18,385,antigo
2010,4,19,10883,antigo
2010,4,20,2024,antigo
2010,4,21,497,antigo
2010,4,22,4326,antigo
2010,4,23,3345,antigo
2010,4,24,3009,antigo
2010,4,25,5685,antigo
2010,4,26,1432,antigo
2010,4,27,1748,antigo
2010,4,28,2790,antigo
2010,4,29,5898,antigo
2010,4,30,1232,antigo
2010,4,31,2958,antigo
2010,4,32,1973,antigo
2010,4,33,1061,antigo
2010,4,35,415,antigo
2010,4,36,83,antigo
2010,4,37,280,antigo
2010,4,38,1254,antigo
2010,4,39,-2,antigo
2010,4,41,24820,antigo
2010,4,42,8647,antigo
2010,4,43,8049,antigo
2010,4,45,6440,antigo
2010,4,46,6895,antigo
2010,4,47,28828,antigo
2010,4,49,20732,antigo
2010,4,50,60,antigo
2010,4,51,621,antigo
2010,4,52,2221,antigo
2010,4,53,554,antigo
2010,4,55,-279,antigo
2010,4,56,6287,antigo
2010,4,58,405,antigo
2010,4,59,263,antigo
2010,4,60,273,antigo
2010,4,61,-42,antigo
2010,4,62,1588,antigo
2010,4,63,305,antigo
2010,4,64,2558,antigo
2010,4,65,440,antigo
2010,4,66,870,antigo
2010,4,68,1233,antigo
2010,4,69,2713,antigo
2010,4,70,599,antigo
2010,4,71,3480,antigo
2010,4,72,515,antigo
2010,4,73,1222,antigo
2010,4,74,816,antigo
2010,4,75,16,antigo
2010,4,77,1202,antigo
2010,4,78,-2600,antigo
2010,4,79,472,antigo
2010,4,80,2872,antigo
2010,4,81,5176,antigo
2010,4,82,9112,antigo
2010,4,84,4229,antigo
2010,4,85,11501,antigo
2010,4,86,9540,antigo
2010,4,87,672,antigo
2010,4,88,812,antigo
2010,4,90,12,antigo
2010,4,91,59,antigo
2010,4,92,-4,antigo
2010,4,93,64,antigo
2010,4,94,7264,antigo
2010,4,95,470,antigo
2010,4,96,1080,antigo
2010,4,97,45,antigo
2010,4,99,137,antigo
2010,5,01,60404,antigo
2010,5,02,1583,antigo
2010,5,03,99,antigo
2010,5,05,0,antigo
2010,5,06,-6,antigo
2010,5,07,1090,antigo
2010,5,08,748,antigo
2010,5,09,199,antigo
2010,5,10,7039,antigo
2010,5,11,966,antigo
2010,5,12,131,antigo
2010,5,13,2799,antigo
2010,5,14,6121,antigo
2010,5,15,2354,antigo
2010,5,16,1641,antigo
2010,5,17,831,antigo
2010,5,18,736,antigo
2010,5,19,3363,antigo
2010,5,20,1397,antigo
2010,5,21,366,antigo
2010,5,22,4390,antigo
2010,5,23,2557,antigo
2010,5,24,2773,antigo
2010,5,25,3802,antigo
2010,5,26,1962,antigo
2010,5,27,1326,antigo
2010,5,28,2732,antigo
2010,5,29,7353,antigo
2010,5,30,707,antigo
2010,5,31,787,antigo
2010,5,32,1620,antigo
2010,5,33,1080,antigo
2010,5,35,199,antigo
2010,5,36,171,antigo
2010,5,37,111,antigo
2010,5,38,815,antigo
2010,5,39,29,antigo
2010,5,41,23194,antigo
2010,5,42,8891,antigo
2010,5,43,9646,antigo
2010,5,45,6241,antigo
2010,5,46,5279,antigo
2010,5,47,34280,antigo
2010,5,49,11074,antigo
2010,5,50,162,antigo
2010,5,51,630,antigo
2010,5,52,2645,antigo
2010,5,53,452,antigo
2010,5,55,226,antigo
2010,5,56,4090,antigo
2010,5,58,524,antigo
2010,5,59,201,antigo
2010,5,60,173,antigo
2010,5,61,1598,antigo
2010,5,62,2388,antigo
2010,5,63,1014,antigo
2010,5,64,3465,antigo
2010,5,65,615,antigo
2010,5,66,953,antigo
2010,5,68,1119,antigo
2010,5,69,2857,antigo
2010,5,70,645,antigo
2010,5,71,2230,antigo
2010,5,72,703,antigo
2010,5,73,532,antigo
2010,5,74,673,antigo
2010,5,75,6,antigo
2010,5,77,1258,antigo
2010,5,78,1553,antigo
2010,5,79,623,antigo
2010,5,80,3269,antigo
2010,5,81,5077,antigo
2010,5,82,9223,antigo
2010,5,84,1991,antigo
2010,5,85,8272,antigo
2010,5,86,8520,antigo
2010,5,87,461,antigo
2010,5,88,572,antigo
2010,5,90,171,antigo
2010,5,91,-3,antigo
2010,5,92,33,antigo
2010,5,93,-209,antigo
2010,5,94,4488,antigo
2010,5,95,611,antigo
2010,5,96,1239,antigo
2010,5,97,21,antigo
2010,5,99,90,antigo
2010,6,01,54208,antigo
2010,6,02,788,antigo
2010,6,03,303,antigo
2010,6,05,-21,antigo
2010,6,06,-36,antigo
2010,6,07,954,antigo
2010,6,08,450,antigo
2010,6,09,150,antigo
2010,6,10,5280,antigo
2010,6,11,864,antigo
2010,6,12,-2048,antigo
2010,6,13,2003,antigo
2010,6,14,3858,antigo
2010,6,15,3627,antigo
2010,6,16,1921,antigo
2010,6,17,973,antigo
2010,6,18,492,antigo
2010,6,19,2730,antigo
2010,6,20,821,antigo
2010,6,21,367,antigo
2010,6,22,1714,antigo
2010,6,23,3328,antigo
2010,6,24,2027,antigo
2010,6,25,3486,antigo
2010,6,26,759,antigo
2010,6,27,1205,antigo
2010,6,28,3162,antigo
2010,6,29,5356,antigo
2010,6,30,1027,antigo
2010,6,31,375,antigo
2010,6,32,1125,antigo
2010,6,33,-1897,antigo
2010,6,35,239,antigo
2010,6,36,-80,antigo
2010,6,37,333,antigo
2010,6,38,1010,antigo
2010,6,39,10,antigo
2010,6,41,14560,antigo
2010,6,42,7195,antigo
2010,6,43,5777,antigo
2010,6,45,3820,antigo
2010,6,46,6228,antigo
2010,6,47,18140,antigo
2010,6,49,9387,antigo
2010,6,50,204,antigo
2010,6,51,554,antigo
2010,6,52,2690,antigo
2010,6,53,228,antigo
2010,6,55,581,antigo
2010,6,56,5866,antigo
2010,6,58,88,antigo
2010,6,59,272,antigo
2010,6,60,199,antigo
2010,6,61,1322,antigo
2010,6,62,1537,antigo
2010,6,63,793,antigo
2010,6,64,4126,antigo
2010,6,65,501,antigo
2010,6,66,710,antigo
2010,6,68,700,antigo
2010,6,69,2449,antigo
2010,6,70,930,antigo
2010,6,71,1996,antigo
2010,6,72,472,antigo
2010,6,73,250,antigo
2010,6,74,365,antigo
2010,6,75,47,antigo
2010,6,77,924,antigo
2010,6,78,672,antigo
2010,6,79,231,antigo
2010,6,80,3582,antigo
2010,6,81,2594,antigo
2010,6,82,4868,antigo
2010,6,84,1589,antigo
2010,6,85,-3299,antigo
2010,6,86,6278,antigo
2010,6,87,395,antigo
2010,6,88,233,antigo
2010,6,90,119,antigo
2010,6,91,2,antigo
2010,6,92,7,antigo
2010,6,93,-65,antigo
2010,6,94,574,antigo
2010,6,95,688,antigo
2010,6,96,519,antigo
2010,6,97,97,antigo
2010,6,99,94,antigo
2010,7,01,7817,antigo
2010,7,02,-167,antigo
2010,7,03,-57,antigo
2010,7,05,15,antigo
2010,7,06,189,antigo
2010,7,07,791,antigo
2010,7,08,710,antigo
2010,7,09,193,antigo
2010,7,10,3853,antigo
2010,7,11,1181,antigo
2010,7,12,-4287,antigo
2010,7,13,1216,antigo
2010,7,14,4436,antigo
2010,7,15,5359,antigo
2010,7,16,1295,antigo
2010,7,17,604,antigo
2010,7,18,476,antigo
2010,7,19,2136,antigo
2010,7,20,1615,antigo
2010,7,21,260,antigo
2010,7,22,2009,antigo
2010,7,23,2653,antigo
2010,7,24,1377,antigo
2010,7,25,3614,antigo
2010,7,26,1240,antigo
2010,7,27,145,antigo
2010,7,28,3025,antigo
2010,7,29,3942,antigo
2010,7,30,924,antigo
2010,7,31,113,antigo
2010,7,32,1311,antigo
2010,7,33,1110,antigo
2010,7,35,51,antigo
2010,7,36,670,antigo
2010,7,37,215,antigo
2010,7,38,426,antigo
2010,7,39,26,antigo
2010,7,41,20235,antigo
2010,7,42,10793,antigo
2010,7,43,10033,antigo
2010,7,45,3853,antigo
2010,7,46,6686,antigo
2010,7,47,19955,antigo
2010,7,49,8252,antigo
2010,7,50,110,antigo
2010,7,51,581,antigo
2010,7,52,3553,antigo
2010,7,53,312,antigo
2010,7,55,1090,antigo
2010,7,56,2697,antigo
2010,7,58,336,antigo
2010,7,59,320,antigo
2010,7,60,468,antigo
2010,7,61,283,antigo
2010,7,62,2498,antigo
2010,7,63,911,antigo
2010,7,64,3532,antigo
2010,7,65,753,antigo
2010,7,66,707,antigo
2010,7,68,963,antigo
2010,7,69,3512,antigo
2010,7,70,383,antigo
2010,7,71,3934,antigo
2010,7,72,256,antigo
2010,7,73,510,antigo
2010,7,74,441,antigo
2010,7,75,-22,antigo
2010,7,77,1435,antigo
2010,7,78,2902,antigo
2010,7,79,491,antigo
2010,7,80,3811,antigo
2010,7,81,6087,antigo
2010,7,82,4423,antigo
2010,7,84,1317,antigo
2010,7,85,-8161,antigo
2010,7,86,7874,antigo
2010,7,87,613,antigo
2010,7,88,-294,antigo
2010,7,90,106,antigo
2010,7,91,17,antigo
2010,7,92,-3,antigo
2010,7,93,604,antigo
2010,7,94,778,antigo
2010,7,95,813,antigo
2010,7,96,558,antigo
2010,7,97,2,antigo
2010,7,99,2,antigo
2010,8,01,-12368,antigo
2010,8,02,739,antigo
2010,8,03,47,antigo
2010,8,05,23,antigo
2010,8,06,250,antigo
2010,8,07,704,antigo
2010,8,08,651,antigo
2010,8,09,193,antigo
2010,8,10,12981,antigo
2010,8,11,1632,antigo
2010,8,12,-4770,antigo
2010,8,13,43,antigo
2010,8,14,7859,antigo
2010,8,15,7782,antigo
2010,8,16,2128,antigo
2010,8,17,1231,antigo
2010,8,18,1006,antigo
2010,8,19,3871,antigo
2010,8,20,2217,antigo
2010,8,21,222,antigo
2010,8,22,2348,antigo
2010,8,23,4008,antigo
2010,8,24,2287,antigo
2010,8,25,4179,antigo
2010,8,26,1501,antigo
2010,8,27,1086,antigo
2010,8,28,3540,antigo
2010,8,29,4382,antigo
2010,8,30,1128,antigo
2010,8,31,2354,antigo
2010,8,32,1663,antigo
2010,8,33,1367,antigo
2010,8,35,1132,antigo
2010,8,36,518,antigo
2010,8,37,-14,antigo
2010,8,38,1249,antigo
2010,8,39,-15,antigo
2010,8,41,23107,antigo
2010,8,42,8573,antigo
2010,8,43,12143,antigo
2010,8,45,8227,antigo
2010,8,46,10932,antigo
2010,8,47,49056,antigo
2010,8,49,10279,antigo
2010,8,50,387,antigo
2010,8,51,446,antigo
2010,8,52,4802,antigo
2010,8,53,556,antigo
2010,8,55,599,antigo
2010,8,56,8516,antigo
2010,8,58,471,antigo
2010,8,59,-179,antigo
2010,8,60,150,antigo
2010,8,61,1762,antigo
2010,8,62,13075,antigo
2010,8,63,746,antigo
2010,8,64,4114,antigo
2010,8,65,500,antigo
2010,8,66,791,antigo
2010,8,68,1260,antigo
2010,8,69,2877,antigo
2010,8,70,755,antigo
2010,8,71,3861,antigo
2010,8,72,264,antigo
2010,8,73,1013,antigo
2010,8,74,372,antigo
2010,8,75,69,antigo
2010,8,77,1992,antigo
2010,8,78,3181,antigo
2010,8,79,566,antigo
2010,8,80,3612,antigo
2010,8,81,7202,antigo
2010,8,82,8620,antigo
2010,8,84,2410,antigo
2010,8,85,22895,antigo
2010,8,86,9359,antigo
2010,8,87,791,antigo
2010,8,88,606,antigo
2010,8,90,221,antigo
2010,8,91,65,antigo
2010,8,92,-26,antigo
2010,8,93,1201,antigo
2010,8,94,5185,antigo
2010,8,95,1192,antigo
2010,8,96,1527,antigo
2010,8,97,56,antigo
2010,8,99,82,antigo
2010,9,01,-23418,antigo
2010,9,02,228,antigo
2010,9,03,132,antigo
2010,9,05,39,antigo
2010,9,06,586,antigo
2010,9,07,752,antigo
2010,9,08,544,antigo
2010,9,09,408,antigo
2010,9,10,46436,antigo
2010,9,11,2542,antigo
2010,9,12,-2026,antigo
2010,9,13,758,antigo
2010,9,14,7226,antigo
2010,9,15,4115,antigo
2010,9,16,1200,antigo
2010,9,17,766,antigo
2010,9,18,979,antigo
2010,9,19,-663,antigo
2010,9,20,2234,antigo
2010,9,21,105,antigo
2010,9,22,2916,antigo
2010,9,23,3045,antigo
2010,9,24,1735,antigo
2010,9,25,2950,antigo
2010,9,26,2197,antigo
2010,9,27,1712,antigo
2010,9,28,3059,antigo
2010,9,29,3664,antigo
2010,9,30,602,antigo
2010,9,31,2744,antigo
2010,9,32,1628,antigo
2010,9,33,2250,antigo
2010,9,35,107,antigo
2010,9,36,372,antigo
2010,9,37,99,antigo
2010,9,38,541,antigo
2010,9,39,-45,antigo
2010,9,41,12872,antigo
2010,9,42,5055,antigo
2010,9,43,6013,antigo
2010,9,45,6508,antigo
2010,9,46,8614,antigo
2010,9,47,42361,antigo
2010,9,49,9331,antigo
2010,9,50,246,antigo
2010,9,51,623,antigo
2010,9,52,4152,antigo
2010,9,53,85,antigo
2010,9,55,2196,antigo
2010,9,56,6113,antigo
2010,9,58,363,antigo
2010,9,59,86,antigo
2010,9,60,224,antigo
2010,9,61,1547,antigo
2010,9,62,4947,antigo
2010,9,63,1282,antigo
2010,9,64,3914,antigo
2010,9,65,783,antigo
2010,9,66,987,antigo
2010,9,68,945,antigo
2010,9,69,2837,antigo
2010,9,70,689,antigo
2010,9,71,1960,antigo
2010,9,72,116,antigo
2010,9,73,221,antigo
2010,9,74,849,antigo
2010,9,75,56,antigo
2010,9,77,1670,antigo
2010,9,78,2493,antigo
2010,9,79,690,antigo
2010,9,80,2962,antigo
2010,9,81,6192,antigo
2010,9,82,10505,antigo
2010,9,84,1693,antigo
2010,9,85,8521,antigo
2010,9,86,5986,antigo
2010,9,87,417,antigo
2010,9,88,447,antigo
2010,9,90,183,antigo
2010,9,91,5,antigo
2010,9,92,-25,antigo
2010,9,93,756,antigo
2010,9,94,3966,antigo
2010,9,95,612,antigo
2010,9,96,1224,antigo
2010,9,97,60,antigo
2010,9,99,24,antigo
2010,10,01,-25545,antigo
2010,10,02,569,antigo
2010,10,03,79,antigo
2010,10,05,13,antigo
2010,10,06,309,antigo
2010,10,07,470,antigo
2010,10,08,448,antigo
2010,10,09,113,antigo
2010,10,10,5781,antigo
2010,10,11,1991,antigo
2010,10,12,-858,antigo
2010,10,13,982,antigo
2010,10,14,5845,antigo
2010,10,15,2244,antigo
2010,10,16,803,antigo
2010,10,17,938,antigo
2010,10,18,939,antigo
2010,10,19,-4820,antigo
2010,10,20,2629,antigo
2010,10,21,-80,antigo
2010,10,22,4330,antigo
2010,10,23,3059,antigo
2010,10,24,1474,antigo
2010,10,25,4533,antigo
2010,10,26,2072,antigo
2010,10,27,1456,antigo
2010,10,28,3224,antigo
2010,10,29,2027,antigo
2010,10,30,512,antigo
2010,10,31,3055,antigo
2010,10,32,853,antigo
2010,10,33,1177,antigo
2010,10,35,440,antigo
2010,10,36,381,antigo
2010,10,37,59,antigo
2010,10,38,664,antigo
2010,10,39,8,antigo
2010,10,41,11584,antigo
2010,10,42,-2551,antigo
2010,10,43,4639,antigo
2010,10,45,6357,antigo
2010,10,46,12180,antigo
2010,10,47,65405,antigo
2010,10,49,7990,antigo
2010,10,50,252,antigo
2010,10,51,737,antigo
2010,10,52,4659,antigo
2010,10,53,313,antigo
2010,10,55,1458,antigo
2010,10,56,7408,antigo
2010,10,58,675,antigo
2010,10,59,393,antigo
2010,10,60,292,antigo
2010,10,61,2079,antigo
2010,10,62,1765,antigo
2010,10,63,1389,antigo
2010,10,64,3506,antigo
2010,10,65,140,antigo
2010,10,66,668,antigo
2010,10,68,593,antigo
2010,10,69,1932,antigo
2010,10,70,1389,antigo
2010,10,71,2181,antigo
2010,10,72,-11,antigo
2010,10,73,1204,antigo
2010,10,74,847,antigo
2010,10,75,60,antigo
2010,10,77,2046,antigo
2010,10,78,4926,antigo
2010,10,79,467,antigo
2010,10,80,3045,antigo
2010,10,81,4726,antigo
2010,10,82,9678,antigo
2010,10,84,928,antigo
2010,10,85,4688,antigo
2010,10,86,6539,antigo
2010,10,87,462,antigo
2010,10,88,834,antigo
2010,10,90,309,antigo
2010,10,91,107,antigo
2010,10,92,-27,antigo
2010,10,93,804,antigo
2010,10,94,1076,antigo
2010,10,95,671,antigo
2010,10,96,1729,antigo
2010,10,97,64,antigo
2010,10,99,25,antigo
2010,11,01,-59099,antigo
2010,11,02,2003,antigo
2010,11,03,-610,antigo
2010,11,05,51,antigo
2010,11,06,290,antigo
2010,11,07,828,antigo
2010,11,08,53,antigo
2010,11,09,215,antigo
2010,11,10,-13299,antigo
2010,11,11,1096,antigo
2010,11,12,-379,antigo
2010,11,13,-1712,antigo
2010,11,14,1573,antigo
2010,11,15,-5690,antigo
2010,11,16,-45,antigo
2010,11,17,515,antigo
2010,11,18,470,antigo
2010,11,19,-6489,antigo
2010,11,20,212,antigo
2010,11,21,80,antigo
2010,11,22,1560,antigo
2010,11,23,2001,antigo
2010,11,24,266,antigo
2010,11,25,2120,antigo
2010,11,26,-314,antigo
2010,11,27,1179,antigo
2010,11,28,2611,antigo
2010,11,29,1342,antigo
2010,11,30,464,antigo
2010,11,31,1878,antigo
2010,11,32,-882,antigo
2010,11,33,683,antigo
2010,11,35,147,antigo
2010,11,36,87,antigo
2010,11,37,-153,antigo
2010,11,38,1151,antigo
2010,11,39,-27,antigo
2010,11,41,6532,antigo
2010,11,42,-11130,antigo
2010,11,43,-474,antigo
2010,11,45,5556,antigo
2010,11,46,11982,antigo
2010,11,47,115689,antigo
2010,11,49,2959,antigo
2010,11,50,312,antigo
2010,11,51,787,antigo
2010,11,52,2893,antigo
2010,11,53,491,antigo
2010,11,55,2508,antigo
2010,11,56,13447,antigo
2010,11,58,126,antigo
2010,11,59,435,antigo
2010,11,60,339,antigo
2010,11,61,2036,antigo
2010,11,62,2399,antigo
2010,11,63,569,antigo
2010,11,64,3243,antigo
2010,11,65,776,antigo
2010,11,66,1069,antigo
2010,11,68,895,antigo
2010,11,69,2013,antigo
2010,11,70,2628,antigo
2010,11,71,2117,antigo
2010,11,72,236,antigo
2010,11,73,518,antigo
2010,11,74,437,antigo
2010,11,75,3,antigo
2010,11,77,1049,antigo
2010,11,78,5676,antigo
2010,11,79,701,antigo
2010,11,80,1925,antigo
2010,11,81,4318,antigo
2010,11,82,10512,antigo
2010,11,84,135,antigo
2010,11,85,-133,antigo
2010,11,86,6027,antigo
2010,11,87,-34,antigo
2010,11,88,451,antigo
2010,11,90,-34,antigo
2010,11,91,3,antigo
2010,11,92,-3,antigo
2010,11,93,373,antigo
2010,11,94,-1032,antigo
2010,11,95,882,antigo
2010,11,96,1887,antigo
2010,11,97,-56,antigo
2010,11,99,33,antigo
2010,12,01,-91089,antigo
2010,12,02,-14,antigo
2010,12,03,-495,antigo
2010,12,05,25,antigo
2010,12,06,119,antigo
2010,12,07,139,antigo
2010,12,08,-494,antigo
2010,12,09,138,antigo
2010,12,10,-42746,antigo
2010,12,11,-289,antigo
2010,12,12,-781,antigo
2010,12,13,-5213,antigo
2010,12,14,-18839,antigo
2010,12,15,-24770,antigo
2010,12,16,-5125,antigo
2010,12,17,-1328,antigo
2010,12,18,-627,antigo
2010,12,19,-14947,antigo
2010,12,20,-2609,antigo
2010,12,21,-680,antigo
2010,12,22,-4776,antigo
2010,12,23,-2826,antigo
2010,12,24,-879,antigo
2010,12,25,-4642,antigo
2010,12,26,-3171,antigo
2010,12,27,-1642,antigo
2010,12,28,-1545,antigo
2010,12,29,-2394,antigo
2010,12,30,-183,antigo
2010,12,31,-3340,antigo
2010,12,32,-3913,antigo
2010,12,33,-267,antigo
2010,12,35,-73,antigo
2010,12,36,201,antigo
2010,12,37,-11,antigo
2010,12,38,411,antigo
2010,12,39,4,antigo
2010,12,41,-32920,antigo
2010,12,42,-34982,antigo
2010,12,43,-12845,antigo
2010,12,45,-915,antigo
2010,12,46,-4076,antigo
2010,12,47,18106,antigo
2010,12,49,-8459,antigo
2010,12,50,389,antigo
2010,12,51,597,antigo
2010,12,52,2202,antigo
2010,12,53,-52,antigo
2010,12,55,3563,antigo
2010,12,56,-2002,antigo
2010,12,58,-1097,antigo
2010,12,59,-174,antigo
2010,12,60,41,antigo
2010,12,61,1103,antigo
2010,12,62,170,antigo
2010,12,63,173,antigo
2010,12,64,1597,antigo
2010,12,65,481,antigo
2010,12,66,306,antigo
2010,12,68,-122,antigo
2010,12,69,-1352,antigo
2010,12,70,-1382,antigo
2010,12,71,-3735,antigo
2010,12,72,-691,antigo
2010,12,73,-881,antigo
2010,12,74,-299,antigo
2010,12,75,-19,antigo
2010,12,77,-856,antigo
2010,12,78,-12096,antigo
2010,12,79,69,antigo
2010,12,80,6707,antigo
2010,12,81,7644,antigo
2010,12,82,-6756,antigo
2010,12,84,-22263,antigo
2010,12,85,-45998,antigo
2010,12,86,-877,antigo
2010,12,87,-618,antigo
2010,12,88,-2069,antigo
2010,12,90,-173,antigo
2010,12,91,-158,antigo
2010,12,92,-26,antigo
2010,12,93,-430,antigo
2010,12,94,-12933,antigo
2010,12,95,-55,antigo
2010,12,96,-487,antigo
2010,12,97,-188,antigo
2010,12,99,-9,antigo
2011,1,01,6638,antigo
2011,1,02,1072,antigo
2011,1,03,423,antigo
2011,1,05,17,antigo
2011,1,06,113,antigo
2011,1,07,790,antigo
2011,1,08,603,antigo
2011,1,09,382,antigo
2011,1,10,803,antigo
2011,1,11,-1174,antigo
2011,1,12,1514,antigo
2011,1,13,1845,antigo
2011,1,14,4209,antigo
2011,1,15,8140,antigo
2011,1,16,866,antigo
2011,1,17,476,antigo
2011,1,18,641,antigo
2011,1,19,-1165,antigo
2011,1,20,649,antigo
2011,1,21,1191,antigo
2011,1,22,3098,antigo
2011,1,23,2815,antigo
2011,1,24,1643,antigo
2011,1,25,4189,antigo
2011,1,26,2822,antigo
2011,1,27,2817,antigo
2011,1,28,5114,antigo
2011,1,29,4187,antigo
2011,1,30,1465,antigo
2011,1,31,1653,antigo
2011,1,32,404,antigo
2011,1,33,4059,antigo
2011,1,35,316,antigo
2011,1,36,-79,antigo
2011,1,37,364,antigo
2011,1,38,822,antigo
2011,1,39,24,antigo
2011,1,41,23000,antigo
2011,1,42,6155,antigo
2011,1,43,8441,antigo
2011,1,45,7325,antigo
2011,1,46,10535,antigo
2011,1,47,-34130,antigo
2011,1,49,2777,antigo
2011,1,50,509,antigo
2011,1,51,822,antigo
2011,1,52,3252,antigo
2011,1,53,122,antigo
2011,1,55,1970,antigo
2011,1,56,3006,antigo
2011,1,58,473,antigo
2011,1,59,-231,antigo
2011,1,60,744,antigo
2011,1,61,796,antigo
2011,1,62,3575,antigo
2011,1,63,1098,antigo
2011,1,64,3973,antigo
2011,1,65,757,antigo
2011,1,66,603,antigo
2011,1,68,972,antigo
2011,1,69,5477,antigo
2011,1,70,771,antigo
2011,1,71,3935,antigo
2011,1,72,-12,antigo
2011,1,73,848,antigo
2011,1,74,676,antigo
2011,1,75,35,antigo
2011,1,77,1026,antigo
2011,1,78,-1065,antigo
2011,1,79,751,antigo
2011,1,80,3559,antigo
2011,1,81,9408,antigo
2011,1,82,6757,antigo
2011,1,84,-1125,antigo
2011,1,85,-3659,antigo
2011,1,86,8559,antigo
2011,1,87,134,antigo
2011,1,88,533,antigo
2011,1,90,222,antigo
2011,1,91,-57,antigo
2011,1,92,-62,antigo
2011,1,93,1569,antigo
2011,1,94,1223,antigo
2011,1,95,1270,antigo
2011,1,96,871,antigo
2011,1,97,112,antigo
2011,1,99,45,antigo
2011,2,01,18745,antigo
2011,2,02,1596,antigo
2011,2,03,309,antigo
2011,2,05,10,antigo
2011,2,06,36,antigo
2011,2,07,1249,antigo
2011,2,08,461,antigo
2011,2,09,186,antigo
2011,2,10,9409,antigo
2011,2,11,82,antigo
2011,2,12,3183,antigo
2011,2,13,1125,antigo
2011,2,14,3733,antigo
2011,2,15,7243,antigo
2011,2,16,-39,antigo
2011,2,17,378,antigo
2011,2,18,-8,antigo
2011,2,19,4415,antigo
2011,2,20,757,antigo
2011,2,21,548,antigo
2011,2,22,1868,antigo
2011,2,23,2778,antigo
2011,2,24,2569,antigo
2011,2,25,3804,antigo
2011,2,26,511,antigo
2011,2,27,1204,antigo
2011,2,28,3771,antigo
2011,2,29,4075,antigo
2011,2,30,69,antigo
2011,2,31,1533,antigo
2011,2,32,778,antigo
2011,2,33,1935,antigo
2011,2,35,71,antigo
2011,2,36,-125,antigo
2011,2,37,400,antigo
2011,2,38,743,antigo
2011,2,39,-57,antigo
2011,2,41,17603,antigo
2011,2,42,11319,antigo
2011,2,43,6477,antigo
2011,2,45,7153,antigo
2011,2,46,11364,antigo
2011,2,47,695,antigo
2011,2,49,9636,antigo
2011,2,50,495,antigo
2011,2,51,585,antigo
2011,2,52,4907,antigo
2011,2,53,-58,antigo
2011,2,55,497,antigo
2011,2,56,8610,antigo
2011,2,58,306,antigo
2011,2,59,-101,antigo
2011,2,60,153,antigo
2011,2,61,1145,antigo
2011,2,62,2296,antigo
2011,2,63,163,antigo
2011,2,64,2844,antigo
2011,2,65,595,antigo
2011,2,66,419,antigo
2011,2,68,607,antigo
2011,2,69,2167,antigo
2011,2,70,599,antigo
2011,2,71,3207,antigo
2011,2,72,117,antigo
2011,2,73,659,antigo
2011,2,74,771,antigo
2011,2,75,43,antigo
2011,2,77,1044,antigo
2011,2,78,2176,antigo
2011,2,79,533,antigo
2011,2,80,4680,antigo
2011,2,81,9486,antigo
2011,2,82,13534,antigo
2011,2,84,15056,antigo
2011,2,85,39835,antigo
2011,2,86,6047,antigo
2011,2,87,743,antigo
2011,2,88,1560,antigo
2011,2,90,104,antigo
2011,2,91,-67,antigo
2011,2,92,-14,antigo
2011,2,93,943,antigo
2011,2,94,8389,antigo
2011,2,95,715,antigo
2011,2,96,1375,antigo
2011,2,97,-49,antigo
2011,2,99,91,antigo
2011,3,01,11273,antigo
2011,3,02,-178,antigo
2011,3,03,135,antigo
2011,3,05,-59,antigo
2011,3,06,104,antigo
2011,3,07,1522,antigo
2011,3,08,256,antigo
2011,3,09,41,antigo
2011,3,10,-9602,antigo
2011,3,11,11,antigo
2011,3,12,7463,antigo
2011,3,13,-480,antigo
2011,3,14,-196,antigo
2011,3,15,3326,antigo
2011,3,16,-2070,antigo
2011,3,17,-74,antigo
2011,3,18,-248,antigo
2011,3,19,1788,antigo
2011,3,20,-451,antigo
2011,3,21,212,antigo
2011,3,22,88,antigo
2011,3,23,646,antigo
2011,3,24,1568,antigo
2011,3,25,1339,antigo
2011,3,26,838,antigo
2011,3,27,1432,antigo
2011,3,28,1963,antigo
2011,3,29,3614,antigo
2011,3,30,975,antigo
2011,3,31,348,antigo
2011,3,32,717,antigo
2011,3,33,898,antigo
2011,3,35,557,antigo
2011,3,36,116,antigo
2011,3,37,399,antigo
2011,3,38,-247,antigo
2011,3,39,9,antigo
2011,3,41,-2579,antigo
2011,3,42,4107,antigo
2011,3,43,3369,antigo
2011,3,45,3104,antigo
2011,3,46,6740,antigo
2011,3,47,-13615,antigo
2011,3,49,11261,antigo
2011,3,50,127,antigo
2011,3,51,255,antigo
2011,3,52,2451,antigo
2011,3,53,1796,antigo
2011,3,55,-2637,antigo
2011,3,56,-4720,antigo
2011,3,58,-294,antigo
2011,3,59,-90,antigo
2011,3,60,203,antigo
2011,3,61,1960,antigo
2011,3,62,1895,antigo
2011,3,63,119,antigo
2011,3,64,3062,antigo
2011,3,65,572,antigo
2011,3,66,464,antigo
2011,3,68,694,antigo
2011,3,69,1792,antigo
2011,3,70,135,antigo
2011,3,71,-68,antigo
2011,3,72,85,antigo
2011,3,73,832,antigo
2011,3,74,250,antigo
2011,3,75,41,antigo
2011,3,77,987,antigo
2011,3,78,2427,antigo
2011,3,79,155,antigo
2011,3,80,4625,antigo
2011,3,81,1150,antigo
2011,3,82,7612,antigo
2011,3,84,4265,antigo
2011,3,85,16674,antigo
2011,3,86,3186,antigo
2011,3,87,339,antigo
2011,3,88,349,antigo
2011,3,90,-43,antigo
2011,3,91,-58,antigo
2011,3,92,-13,antigo
2011,3,93,-760,antigo
2011,3,94,1652,antigo
2011,3,95,360,antigo
2011,3,96,359,antigo
2011,3,97,17,antigo
2011,3,99,48,antigo
2011,4,01,26691,antigo
2011,4,02,1127,antigo
2011,4,03,36,antigo
2011,4,05,53,antigo
2011,4,06,139,antigo
2011,4,07,1181,antigo
2011,4,08,666,antigo
2011,4,09,295,antigo
2011,4,10,5235,antigo
2011,4,11,442,antigo
2011,4,12,2291,antigo
2011,4,13,334,antigo
2011,4,14,4570,antigo
2011,4,15,2343,antigo
2011,4,16,757,antigo
2011,4,17,739,antigo
2011,4,18,435,antigo
2011,4,19,11871,antigo
2011,4,20,1208,antigo
2011,4,21,609,antigo
2011,4,22,1610,antigo
2011,4,23,3266,antigo
2011,4,24,1539,antigo
2011,4,25,2485,antigo
2011,4,26,1073,antigo
2011,4,27,196,antigo
2011,4,28,1060,antigo
2011,4,29,4438,antigo
2011,4,30,447,antigo
2011,4,31,2082,antigo
2011,4,32,1274,antigo
2011,4,33,-1764,antigo
2011,4,35,291,antigo
2011,4,36,424,antigo
2011,4,37,499,antigo
2011,4,38,700,antigo
2011,4,39,95,antigo
2011,4,41,21125,antigo
2011,4,42,3400,antigo
2011,4,43,9375,antigo
2011,4,45,7473,antigo
2011,4,46,5849,antigo
2011,4,47,30272,antigo
2011,4,49,24640,antigo
2011,4,50,170,antigo
2011,4,51,492,antigo
2011,4,52,2013,antigo
2011,4,53,1861,antigo
2011,4,55,282,antigo
2011,4,56,7031,antigo
2011,4,58,98,antigo
2011,4,59,501,antigo
2011,4,60,340,antigo
2011,4,61,1781,antigo
2011,4,62,2928,antigo
2011,4,63,1229,antigo
2011,4,64,3056,antigo
2011,4,65,835,antigo
2011,4,66,233,antigo
2011,4,68,1358,antigo
2011,4,69,2864,antigo
2011,4,70,835,antigo
2011,4,71,4215,antigo
2011,4,72,258,antigo
2011,4,73,1419,antigo
2011,4,74,872,antigo
2011,4,75,22,antigo
2011,4,77,1267,antigo
2011,4,78,-218,antigo
2011,4,79,728,antigo
2011,4,80,4160,antigo
2011,4,81,5389,antigo
2011,4,82,9887,antigo
2011,4,84,2989,antigo
2011,4,85,13162,antigo
2011,4,86,10206,antigo
2011,4,87,409,antigo
2011,4,88,741,antigo
2011,4,90,123,antigo
2011,4,91,-3,antigo
2011,4,92,3,antigo
2011,4,93,694,antigo
2011,4,94,2552,antigo
2011,4,95,1171,antigo
2011,4,96,1325,antigo
2011,4,97,25,antigo
2011,4,99,51,antigo
2011,5,01,77331,antigo
2011,5,02,1998,antigo
2011,5,03,142,antigo
2011,5,05,10,antigo
2011,5,06,129,antigo
2011,5,07,871,antigo
2011,5,08,607,antigo
2011,5,09,356,antigo
2011,5,10,16085,antigo
2011,5,11,241,antigo
2011,5,12,1165,antigo
2011,5,13,-1003,antigo
2011,5,14,582,antigo
2011,5,15,-4106,antigo
2011,5,16,-371,antigo
2011,5,17,516,antigo
2011,5,18,86,antigo
2011,5,19,5236,antigo
2011,5,20,506,antigo
2011,5,21,707,antigo
2011,5,22,2194,antigo
2011,5,23,2145,antigo
2011,5,24,1750,antigo
2011,5,25,3096,antigo
2011,5,26,2521,antigo
2011,5,27,173,antigo
2011,5,28,1311,antigo
2011,5,29,3342,antigo
2011,5,30,227,antigo
2011,5,31,877,antigo
2011,5,32,1768,antigo
2011,5,33,1748,antigo
2011,5,35,230,antigo
2011,5,36,189,antigo
2011,5,37,186,antigo
2011,5,38,982,antigo
2011,5,39,46,antigo
2011,5,41,13009,antigo
2011,5,42,8623,antigo
2011,5,43,9603,antigo
2011,5,45,4522,antigo
2011,5,46,4357,antigo
2011,5,47,17570,antigo
2011,5,49,12408,antigo
2011,5,50,-60,antigo
2011,5,51,192,antigo
2011,5,52,1962,antigo
2011,5,53,613,antigo
2011,5,55,-695,antigo
2011,5,56,3264,antigo
2011,5,58,65,antigo
2011,5,59,340,antigo
2011,5,60,427,antigo
2011,5,61,1071,antigo
2011,5,62,2241,antigo
2011,5,63,667,antigo
2011,5,64,2706,antigo
2011,5,65,1036,antigo
2011,5,66,-697,antigo
2011,5,68,648,antigo
2011,5,69,2330,antigo
2011,5,70,926,antigo
2011,5,71,2144,antigo
2011,5,72,178,antigo
2011,5,73,656,antigo
2011,5,74,683,antigo
2011,5,75,20,antigo
2011,5,77,1199,antigo
2011,5,78,-3536,antigo
2011,5,79,579,antigo
2011,5,80,3846,antigo
2011,5,81,3809,antigo
2011,5,82,6354,antigo
2011,5,84,1624,antigo
2011,5,85,8519,antigo
2011,5,86,7089,antigo
2011,5,87,95,antigo
2011,5,88,616,antigo
2011,5,90,245,antigo
2011,5,91,26,antigo
2011,5,92,-14,antigo
2011,5,93,19,antigo
2011,5,94,4669,antigo
2011,5,95,993,antigo
2011,5,96,1116,antigo
2011,5,97,85,antigo
2011,5,99,52,antigo
2011,6,01,73208,antigo
2011,6,02,1154,antigo
2011,6,03,639,antigo
2011,6,05,-4,antigo
2011,6,06,183,antigo
2011,6,07,565,antigo
2011,6,08,881,antigo
2011,6,09,412,antigo
2011,6,10,7955,antigo
2011,6,11,-728,antigo
2011,6,12,-712,antigo
2011,6,13,-582,antigo
2011,6,14,240,antigo
2011,6,15,-2364,antigo
2011,6,16,467,antigo
2011,6,17,487,antigo
2011,6,18,56,antigo
2011,6,19,4196,antigo
2011,6,20,1343,antigo
2011,6,21,303,antigo
2011,6,22,-277,antigo
2011,6,23,2068,antigo
2011,6,24,433,antigo
2011,6,25,2023,antigo
2011,6,26,2675,antigo
2011,6,27,906,antigo
2011,6,28,905,antigo
2011,6,29,733,antigo
2011,6,30,-112,antigo
2011,6,31,113,antigo
2011,6,32,1298,antigo
2011,6,33,105,antigo
2011,6,35,294,antigo
2011,6,36,170,antigo
2011,6,37,-365,antigo
2011,6,38,293,antigo
2011,6,39,1,antigo
2011,6,41,11842,antigo
2011,6,42,15012,antigo
2011,6,43,6320,antigo
2011,6,45,5473,antigo
2011,6,46,5331,antigo
2011,6,47,21139,antigo
2011,6,49,9927,antigo
2011,6,50,179,antigo
2011,6,51,298,antigo
2011,6,52,313,antigo
2011,6,53,162,antigo
2011,6,55,1405,antigo
2011,6,56,5776,antigo
2011,6,58,277,antigo
2011,6,59,337,antigo
2011,6,60,469,antigo
2011,6,61,567,antigo
2011,6,62,1548,antigo
2011,6,63,441,antigo
2011,6,64,1442,antigo
2011,6,65,772,antigo
2011,6,66,-62,antigo
2011,6,68,934,antigo
2011,6,69,2575,antigo
2011,6,70,634,antigo
2011,6,71,3966,antigo
2011,6,72,-511,antigo
2011,6,73,618,antigo
2011,6,74,709,antigo
2011,6,75,15,antigo
2011,6,77,2282,antigo
2011,6,78,-3722,antigo
2011,6,79,551,antigo
2011,6,80,3331,antigo
2011,6,81,5585,antigo
2011,6,82,-2437,antigo
2011,6,84,1387,antigo
2011,6,85,-2937,antigo
2011,6,86,8705,antigo
2011,6,87,279,antigo
2011,6,88,386,antigo
2011,6,90,42,antigo
2011,6,91,9,antigo
2011,6,92,4,antigo
2011,6,93,553,antigo
2011,6,94,2441,antigo
2011,6,95,1107,antigo
2011,6,96,909,antigo
2011,6,97,4,antigo
2011,6,99,44,antigo
2011,7,01,14806,antigo
2011,7,02,-1281,antigo
2011,7,03,143,antigo
2011,7,05,-162,antigo
2011,7,06,399,antigo
2011,7,07,928,antigo
2011,7,08,834,antigo
2011,7,09,321,antigo
2011,7,10,5484,antigo
2011,7,11,66,antigo
2011,7,12,-3345,antigo
2011,7,13,-305,antigo
2011,7,14,499,antigo
2011,7,15,2955,antigo
2011,7,16,880,antigo
2011,7,17,240,antigo
2011,7,18,242,antigo
2011,7,19,1288,antigo
2011,7,20,938,antigo
2011,7,21,716,antigo
2011,7,22,775,antigo
2011,7,23,2482,antigo
2011,7,24,418,antigo
2011,7,25,888,antigo
2011,7,26,2399,antigo
2011,7,27,864,antigo
2011,7,28,1339,antigo
2011,7,29,2324,antigo
2011,7,30,442,antigo
2011,7,31,538,antigo
2011,7,32,963,antigo
2011,7,33,-450,antigo
2011,7,35,622,antigo
2011,7,36,180,antigo
2011,7,37,-33,antigo
2011,7,38,330,antigo
2011,7,39,2,antigo
2011,7,41,6617,antigo
2011,7,42,13223,antigo
2011,7,43,7693,antigo
2011,7,45,3906,antigo
2011,7,46,7441,antigo
2011,7,47,18993,antigo
2011,7,49,6156,antigo
2011,7,50,245,antigo
2011,7,51,187,antigo
2011,7,52,2729,antigo
2011,7,53,-271,antigo
2011,7,55,703,antigo
2011,7,56,3166,antigo
2011,7,58,286,antigo
2011,7,59,360,antigo
2011,7,60,557,antigo
2011,7,61,1283,antigo
2011,7,62,2484,antigo
2011,7,63,-491,antigo
2011,7,64,2137,antigo
2011,7,65,702,antigo
2011,7,66,317,antigo
2011,7,68,793,antigo
2011,7,69,3323,antigo
2011,7,70,311,antigo
2011,7,71,3970,antigo
2011,7,72,402,antigo
2011,7,73,594,antigo
2011,7,74,404,antigo
2011,7,75,-2,antigo
2011,7,77,1237,antigo
2011,7,78,-1027,antigo
2011,7,79,255,antigo
2011,7,80,2246,antigo
2011,7,81,5168,antigo
2011,7,82,78,antigo
2011,7,84,-39,antigo
2011,7,85,-8622,antigo
2011,7,86,6715,antigo
2011,7,87,1760,antigo
2011,7,88,87,antigo
2011,7,90,117,antigo
2011,7,91,11,antigo
2011,7,92,-65,antigo
2011,7,93,1004,antigo
2011,7,94,3034,antigo
2011,7,95,122,antigo
2011,7,96,407,antigo
2011,7,97,75,antigo
2011,7,99,53,antigo
2011,8,01,-18733,antigo
2011,8,02,-1057,antigo
2011,8,03,150,antigo
2011,8,05,-52,antigo
2011,8,06,428,antigo
2011,8,07,904,antigo
2011,8,08,639,antigo
2011,8,09,495,antigo
2011,8,10,16032,antigo
2011,8,11,942,antigo
2011,8,12,-6604,antigo
2011,8,13,-1771,antigo
2011,8,14,2424,antigo
2011,8,15,2236,antigo
2011,8,16,924,antigo
2011,8,17,225,antigo
2011,8,18,-311,antigo
2011,8,19,5045,antigo
2011,8,20,251,antigo
2011,8,21,497,antigo
2011,8,22,240,antigo
2011,8,23,2655,antigo
2011,8,24,-682,antigo
2011,8,25,1401,antigo
2011,8,26,2555,antigo
2011,8,27,1443,antigo
2011,8,28,1348,antigo
2011,8,29,2835,antigo
2011,8,30,505,antigo
2011,8,31,1120,antigo
2011,8,32,571,antigo
2011,8,33,1250,antigo
2011,8,35,504,antigo
2011,8,36,386,antigo
2011,8,37,-1050,antigo
2011,8,38,318,antigo
2011,8,39,-43,antigo
2011,8,41,12657,antigo
2011,8,42,11842,antigo
2011,8,43,9680,antigo
2011,8,45,4853,antigo
2011,8,46,8227,antigo
2011,8,47,32902,antigo
2011,8,49,7812,antigo
2011,8,50,219,antigo
2011,8,51,188,antigo
2011,8,52,2446,antigo
2011,8,53,1376,antigo
2011,8,55,349,antigo
2011,8,56,6024,antigo
2011,8,58,159,antigo
2011,8,59,-361,antigo
2011,8,60,350,antigo
2011,8,61,1829,antigo
2011,8,62,2266,antigo
2011,8,63,581,antigo
2011,8,64,3202,antigo
2011,8,65,591,antigo
2011,8,66,276,antigo
2011,8,68,708,antigo
2011,8,69,1756,antigo
2011,8,70,220,antigo
2011,8,71,4443,antigo
2011,8,72,276,antigo
2011,8,73,663,antigo
2011,8,74,742,antigo
2011,8,75,30,antigo
2011,8,77,1428,antigo
2011,8,78,332,antigo
2011,8,79,244,antigo
2011,8,80,4426,antigo
2011,8,81,3145,antigo
2011,8,82,6277,antigo
2011,8,84,1701,antigo
2011,8,85,22273,antigo
2011,8,86,6898,antigo
2011,8,87,452,antigo
2011,8,88,679,antigo
2011,8,90,278,antigo
2011,8,91,67,antigo
2011,8,92,13,antigo
2011,8,93,863,antigo
2011,8,94,5550,antigo
2011,8,95,1160,antigo
2011,8,96,289,antigo
2011,8,97,43,antigo
2011,8,99,2,antigo
2011,9,01,-19865,antigo
2011,9,02,-1334,antigo
2011,9,03,-28,antigo
2011,9,05,-57,antigo
2011,9,06,342,antigo
2011,9,07,974,antigo
2011,9,08,567,antigo
2011,9,09,293,antigo
2011,9,10,40399,antigo
2011,9,11,1818,antigo
2011,9,12,-2726,antigo
2011,9,13,-1033,antigo
2011,9,14,2866,antigo
2011,9,15,860,antigo
2011,9,16,999,antigo
2011,9,17,682,antigo
2011,9,18,492,antigo
2011,9,19,2054,antigo
2011,9,20,2462,antigo
2011,9,21,275,antigo
2011,9,22,790,antigo
2011,9,23,2905,antigo
2011,9,24,39,antigo
2011,9,25,1591,antigo
2011,9,26,1131,antigo
2011,9,27,837,antigo
2011,9,28,1651,antigo
2011,9,29,1076,antigo
2011,9,30,980,antigo
2011,9,31,1595,antigo
2011,9,32,866,antigo
2011,9,33,1471,antigo
2011,9,35,631,antigo
2011,9,36,28,antigo
2011,9,37,-181,antigo
2011,9,38,536,antigo
2011,9,39,-18,antigo
2011,9,41,6173,antigo
2011,9,42,13429,antigo
2011,9,43,7509,antigo
2011,9,45,4271,antigo
2011,9,46,7644,antigo
2011,9,47,31967,antigo
2011,9,49,8660,antigo
2011,9,50,143,antigo
2011,9,51,296,antigo
2011,9,52,2221,antigo
2011,9,53,1224,antigo
2011,9,55,1061,antigo
2011,9,56,8144,antigo
2011,9,58,252,antigo
2011,9,59,-74,antigo
2011,9,60,474,antigo
2011,9,61,1169,antigo
2011,9,62,1352,antigo
2011,9,63,419,antigo
2011,9,64,3175,antigo
2011,9,65,769,antigo
2011,9,66,180,antigo
2011,9,68,949,antigo
2011,9,69,2684,antigo
2011,9,70,613,antigo
2011,9,71,4192,antigo
2011,9,72,76,antigo
2011,9,73,1668,antigo
2011,9,74,-26,antigo
2011,9,75,36,antigo
2011,9,77,1623,antigo
2011,9,78,3887,antigo
2011,9,79,731,antigo
2011,9,80,4821,antigo
2011,9,81,4906,antigo
2011,9,82,9240,antigo
2011,9,84,1696,antigo
2011,9,85,9639,antigo
2011,9,86,7145,antigo
2011,9,87,406,antigo
2011,9,88,407,antigo
2011,9,90,219,antigo
2011,9,91,144,antigo
2011,9,92,-2,antigo
2011,9,93,1414,antigo
2011,9,94,3775,antigo
2011,9,95,1286,antigo
2011,9,96,992,antigo
2011,9,97,59,antigo
2011,9,99,72,antigo
2011,10,01,-29208,antigo
2011,10,02,-890,antigo
2011,10,03,19,antigo
2011,10,05,-14,antigo
2011,10,06,72,antigo
2011,10,07,806,antigo
2011,10,08,371,antigo
2011,10,09,344,antigo
2011,10,10,-5595,antigo
2011,10,11,1946,antigo
2011,10,12,-396,antigo
2011,10,13,-287,antigo
2011,10,14,1470,antigo
2011,10,15,-1227,antigo
2011,10,16,955,antigo
2011,10,17,638,antigo
2011,10,18,913,antigo
2011,10,19,-7407,antigo
2011,10,20,930,antigo
2011,10,21,-37,antigo
2011,10,22,1713,antigo
2011,10,23,2185,antigo
2011,10,24,-253,antigo
2011,10,25,1963,antigo
2011,10,26,524,antigo
2011,10,27,1393,antigo
2011,10,28,2306,antigo
2011,10,29,-1528,antigo
2011,10,30,714,antigo
2011,10,31,2576,antigo
2011,10,32,402,antigo
2011,10,33,861,antigo
2011,10,35,368,antigo
2011,10,36,23,antigo
2011,10,37,59,antigo
2011,10,38,-54,antigo
2011,10,39,-58,antigo
2011,10,41,5170,antigo
2011,10,42,4606,antigo
2011,10,43,2838,antigo
2011,10,45,4028,antigo
2011,10,46,11039,antigo
2011,10,47,47470,antigo
2011,10,49,6432,antigo
2011,10,50,243,antigo
2011,10,51,936,antigo
2011,10,52,3283,antigo
2011,10,53,2668,antigo
2011,10,55,911,antigo
2011,10,56,4216,antigo
2011,10,58,154,antigo
2011,10,59,-131,antigo
2011,10,60,175,antigo
2011,10,61,1511,antigo
2011,10,62,2140,antigo
2011,10,63,73,antigo
2011,10,64,3475,antigo
2011,10,65,306,antigo
2011,10,66,-13,antigo
2011,10,68,1202,antigo
2011,10,69,2556,antigo
2011,10,70,750,antigo
2011,10,71,2821,antigo
2011,10,72,-1296,antigo
2011,10,73,1077,antigo
2011,10,74,835,antigo
2011,10,75,31,antigo
2011,10,77,1258,antigo
2011,10,78,3394,antigo
2011,10,79,490,antigo
2011,10,80,5762,antigo
2011,10,81,5760,antigo
2011,10,82,7494,antigo
2011,10,84,869,antigo
2011,10,85,4445,antigo
2011,10,86,7719,antigo
2011,10,87,622,antigo
2011,10,88,46,antigo
2011,10,90,-442,antigo
2011,10,91,47,antigo
2011,10,92,28,antigo
2011,10,93,610,antigo
2011,10,94,-2,antigo
2011,10,95,899,antigo
2011,10,96,1034,antigo
2011,10,97,-54,antigo
2011,10,99,61,antigo
2011,11,01,-42349,antigo
2011,11,02,187,antigo
2011,11,03,-394,antigo
2011,11,05,-7,antigo
2011,11,06,-7,antigo
2011,11,07,271,antigo
2011,11,08,-165,antigo
2011,11,09,299,antigo
2011,11,10,-23587,antigo
2011,11,11,1125,antigo
2011,11,12,-920,antigo
2011,11,13,-3131,antigo
2011,11,14,-4510,antigo
2011,11,15,-7936,antigo
2011,11,16,-1090,antigo
2011,11,17,9,antigo
2011,11,18,40,antigo
2011,11,19,-9994,antigo
2011,11,20,-482,antigo
2011,11,21,-161,antigo
2011,11,22,-1659,antigo
2011,11,23,172,antigo
2011,11,24,-1138,antigo
2011,11,25,-1336,antigo
2011,11,26,-1425,antigo
2011,11,27,385,antigo
2011,11,28,1243,antigo
2011,11,29,-1526,antigo
2011,11,30,852,antigo
2011,11,31,1161,antigo
2011,11,32,-1126,antigo
2011,11,33,693,antigo
2011,11,35,-54,antigo
2011,11,36,108,antigo
2011,11,37,-481,antigo
2011,11,38,19,antigo
2011,11,39,-8,antigo
2011,11,41,-7381,antigo
2011,11,42,-8024,antigo
2011,11,43,-5513,antigo
2011,11,45,1281,antigo
2011,11,46,8170,antigo
2011,11,47,99069,antigo
2011,11,49,-2817,antigo
2011,11,50,86,antigo
2011,11,51,452,antigo
2011,11,52,1474,antigo
2011,11,53,3004,antigo
2011,11,55,2563,antigo
2011,11,56,10446,antigo
2011,11,58,-503,antigo
2011,11,59,203,antigo
2011,11,60,221,antigo
2011,11,61,2301,antigo
2011,11,62,3285,antigo
2011,11,63,-111,antigo
2011,11,64,1853,antigo
2011,11,65,317,antigo
2011,11,66,-54,antigo
2011,11,68,503,antigo
2011,11,69,1464,antigo
2011,11,70,938,antigo
2011,11,71,1241,antigo
2011,11,72,-304,antigo
2011,11,73,1776,antigo
2011,11,74,612,antigo
2011,11,75,28,antigo
2011,11,77,341,antigo
2011,11,78,2627,antigo
2011,11,79,227,antigo
2011,11,80,4659,antigo
2011,11,81,3504,antigo
2011,11,82,5077,antigo
2011,11,84,194,antigo
2011,11,85,-1398,antigo
2011,11,86,6058,antigo
2011,11,87,283,antigo
2011,11,88,329,antigo
2011,11,90,127,antigo
2011,11,91,-30,antigo
2011,11,92,-6,antigo
2011,11,93,977,antigo
2011,11,94,-876,antigo
2011,11,95,739,antigo
2011,11,96,438,antigo
2011,11,97,-226,antigo
2011,11,99,33,antigo
2011,12,01,-70501,antigo
2011,12,02,-2591,antigo
2011,12,03,-594,antigo
2011,12,05,-11,antigo
2011,12,06,270,antigo
2011,12,07,342,antigo
2011,12,08,-465,antigo
2011,12,09,358,antigo
2011,12,10,-20593,antigo
2011,12,11,-711,antigo
2011,12,12,-854,antigo
2011,12,13,-7365,antigo
2011,12,14,-21513,antigo
2011,12,15,-27439,antigo
2011,12,16,-5550,antigo
2011,12,17,-1610,antigo
2011,12,18,-1122,antigo
2011,12,19,-9511,antigo
2011,12,20,-2958,antigo
2011,12,21,-1012,antigo
2011,12,22,-5619,antigo
2011,12,23,-3600,antigo
2011,12,24,-1991,antigo
2011,12,25,-7105,antigo
2011,12,26,-4087,antigo
2011,12,27,-1669,antigo
2011,12,28,-2788,antigo
2011,12,29,-5900,antigo
2011,12,30,-478,antigo
2011,12,31,-3607,antigo
2011,12,32,-3320,antigo
2011,12,33,-751,antigo
2011,12,35,-568,antigo
2011,12,36,35,antigo
2011,12,37,-3512,antigo
2011,12,38,2351,antigo
2011,12,39,-27,antigo
2011,12,41,-38936,antigo
2011,12,42,-24630,antigo
2011,12,43,-16116,antigo
2011,12,45,-5023,antigo
2011,12,46,-6665,antigo
2011,12,47,659,antigo
2011,12,49,-7435,antigo
2011,12,50,301,antigo
2011,12,51,291,antigo
2011,12,52,356,antigo
2011,12,53,62,antigo
2011,12,55,2865,antigo
2011,12,56,-1295,antigo
2011,12,58,-1417,antigo
2011,12,59,-83,antigo
2011,12,60,-226,antigo
2011,12,61,1813,antigo
2011,12,62,-688,antigo
2011,12,63,-1036,antigo
2011,12,64,1511,antigo
2011,12,65,196,antigo
2011,12,66,-632,antigo
2011,12,68,-88,antigo
2011,12,69,-1531,antigo
2011,12,70,-704,antigo
2011,12,71,-4029,antigo
2011,12,72,-1568,antigo
2011,12,73,-674,antigo
2011,12,74,-191,antigo
2011,12,75,5,antigo
2011,12,77,-1385,antigo
2011,12,78,-10156,antigo
2011,12,79,-141,antigo
2011,12,80,7701,antigo
2011,12,81,5331,antigo
2011,12,82,-2132,antigo
2011,12,84,-17500,antigo
2011,12,85,-50326,antigo
2011,12,86,1284,antigo
2011,12,87,-802,antigo
2011,12,88,-1553,antigo
2011,12,90,-288,antigo
2011,12,91,-109,antigo
2011,12,92,-9,antigo
2011,12,93,-697,antigo
2011,12,94,-14433,antigo
2011,12,95,-523,antigo
2011,12,96,-1081,antigo
2011,12,97,-419,antigo
2011,12,99,40,antigo
2012,1,01,12101,antigo
2012,1,02,-121,antigo
2012,1,03,433,antigo
2012,1,05,30,antigo
2012,1,06,87,antigo
2012,1,07,1016,antigo
2012,1,08,52,antigo
2012,1,09,396,antigo
2012,1,10,3244,antigo
2012,1,11,-972,antigo
2012,1,12,2095,antigo
2012,1,13,1203,antigo
2012,1,14,638,antigo
2012,1,15,6475,antigo
2012,1,16,580,antigo
2012,1,17,19,antigo
2012,1,18,188,antigo
2012,1,19,1382,antigo
2012,1,20,1051,antigo
2012,1,21,815,antigo
2012,1,22,2372,antigo
2012,1,23,1706,antigo
2012,1,24,720,antigo
2012,1,25,3457,antigo
2012,1,26,-277,antigo
2012,1,27,705,antigo
2012,1,28,3599,antigo
2012,1,29,467,antigo
2012,1,30,310,antigo
2012,1,31,1808,antigo
2012,1,32,888,antigo
2012,1,33,2647,antigo
2012,1,35,295,antigo
2012,1,36,124,antigo
2012,1,37,-41,antigo
2012,1,38,623,antigo
2012,1,39,-61,antigo
2012,1,41,21202,antigo
2012,1,42,15962,antigo
2012,1,43,9710,antigo
2012,1,45,4763,antigo
2012,1,46,4758,antigo
2012,1,47,-44649,antigo
2012,1,49,1398,antigo
2012,1,50,179,antigo
2012,1,51,532,antigo
2012,1,52,1500,antigo
2012,1,53,-149,antigo
2012,1,55,2055,antigo
2012,1,56,4308,antigo
2012,1,58,-119,antigo
2012,1,59,229,antigo
2012,1,60,265,antigo
2012,1,61,382,antigo
2012,1,62,2353,antigo
2012,1,63,652,antigo
2012,1,64,1437,antigo
2012,1,65,368,antigo
2012,1,66,-308,antigo
2012,1,68,1180,antigo
2012,1,69,6175,antigo
2012,1,70,466,antigo
2012,1,71,3467,antigo
2012,1,72,188,antigo
2012,1,73,470,antigo
2012,1,74,-72,antigo
2012,1,75,12,antigo
2012,1,77,1172,antigo
2012,1,78,1421,antigo
2012,1,79,789,antigo
2012,1,80,5713,antigo
2012,1,81,5464,antigo
2012,1,82,5953,antigo
2012,1,84,-398,antigo
2012,1,85,-2979,antigo
2012,1,86,8267,antigo
2012,1,87,526,antigo
2012,1,88,-96,antigo
2012,1,90,79,antigo
2012,1,91,4,antigo
2012,1,92,-3,antigo
2012,1,93,2264,antigo
2012,1,94,822,antigo
2012,1,95,760,antigo
2012,1,96,135,antigo
2012,1,97,84,antigo
2012,1,99,150,antigo
2012,2,01,872,antigo
2012,2,02,-1547,antigo
2012,2,03,114,antigo
2012,2,05,74,antigo
2012,2,06,33,antigo
2012,2,07,1135,antigo
2012,2,08,234,antigo
2012,2,09,120,antigo
2012,2,10,412,antigo
2012,2,11,-925,antigo
2012,2,12,3289,antigo
2012,2,13,1375,antigo
2012,2,14,756,antigo
2012,2,15,6350,antigo
2012,2,16,-751,antigo
2012,2,17,-309,antigo
2012,2,18,-151,antigo
2012,2,19,2123,antigo
2012,2,20,-326,antigo
2012,2,21,147,antigo
2012,2,22,713,antigo
2012,2,23,194,antigo
2012,2,24,595,antigo
2012,2,25,1371,antigo
2012,2,26,-872,antigo
2012,2,27,892,antigo
2012,2,28,1131,antigo
2012,2,29,-46,antigo
2012,2,30,563,antigo
2012,2,31,817,antigo
2012,2,32,572,antigo
2012,2,33,376,antigo
2012,2,35,-136,antigo
2012,2,36,-33,antigo
2012,2,37,119,antigo
2012,2,38,1111,antigo
2012,2,39,-19,antigo
2012,2,41,8309,antigo
2012,2,42,16475,antigo
2012,2,43,5457,antigo
2012,2,45,3438,antigo
2012,2,46,6131,antigo
2012,2,47,-15481,antigo
2012,2,49,5728,antigo
2012,2,50,450,antigo
2012,2,51,422,antigo
2012,2,52,2069,antigo
2012,2,53,-194,antigo
2012,2,55,-1425,antigo
2012,2,56,103,antigo
2012,2,58,33,antigo
2012,2,59,-113,antigo
2012,2,60,45,antigo
2012,2,61,456,antigo
2012,2,62,1843,antigo
2012,2,63,416,antigo
2012,2,64,787,antigo
2012,2,65,361,antigo
2012,2,66,-249,antigo
2012,2,68,643,antigo
2012,2,69,1760,antigo
2012,2,70,-49,antigo
2012,2,71,1724,antigo
2012,2,72,211,antigo
2012,2,73,409,antigo
2012,2,74,345,antigo
2012,2,75,103,antigo
2012,2,77,1177,antigo
2012,2,78,-732,antigo
2012,2,79,252,antigo
2012,2,80,4390,antigo
2012,2,81,4935,antigo
2012,2,82,6193,antigo
2012,2,84,14653,antigo
2012,2,85,41665,antigo
2012,2,86,7726,antigo
2012,2,87,656,antigo
2012,2,88,1280,antigo
2012,2,90,10,antigo
2012,2,91,-61,antigo
2012,2,92,7,antigo
2012,2,93,574,antigo
2012,2,94,9476,antigo
2012,2,95,-2958,antigo
2012,2,96,649,antigo
2012,2,97,57,antigo
2012,2,99,71,antigo
2012,3,01,-16454,antigo
2012,3,02,-882,antigo
2012,3,03,190,antigo
2012,3,05,3,antigo
2012,3,06,211,antigo
2012,3,07,784,antigo
2012,3,08,568,antigo
2012,3,09,238,antigo
2012,3,10,-24569,antigo
2012,3,11,-390,antigo
2012,3,12,4551,antigo
2012,3,13,732,antigo
2012,3,14,1887,antigo
2012,3,15,4312,antigo
2012,3,16,-984,antigo
2012,3,17,-208,antigo
2012,3,18,-115,antigo
2012,3,19,2297,antigo
2012,3,20,488,antigo
2012,3,21,414,antigo
2012,3,22,-337,antigo
2012,3,23,648,antigo
2012,3,24,-246,antigo
2012,3,25,1299,antigo
2012,3,26,169,antigo
2012,3,27,1503,antigo
2012,3,28,94,antigo
2012,3,29,-202,antigo
2012,3,30,690,antigo
2012,3,31,1413,antigo
2012,3,32,614,antigo
2012,3,33,1285,antigo
2012,3,35,469,antigo
2012,3,36,61,antigo
2012,3,37,264,antigo
2012,3,38,137,antigo
2012,3,39,-19,antigo
2012,3,41,10424,antigo
2012,3,42,20135,antigo
2012,3,43,8089,antigo
2012,3,45,1777,antigo
2012,3,46,6502,antigo
2012,3,47,-1777,antigo
2012,3,49,12810,antigo
2012,3,50,218,antigo
2012,3,51,132,antigo
2012,3,52,1898,antigo
2012,3,53,-41,antigo
2012,3,55,-1438,antigo
2012,3,56,-3674,antigo
2012,3,58,-8,antigo
2012,3,59,201,antigo
2012,3,60,-63,antigo
2012,3,61,-925,antigo
2012,3,62,988,antigo
2012,3,63,331,antigo
2012,3,64,866,antigo
2012,3,65,826,antigo
2012,3,66,-267,antigo
2012,3,68,1271,antigo
2012,3,69,2196,antigo
2012,3,70,-139,antigo
2012,3,71,778,antigo
2012,3,72,521,antigo
2012,3,73,451,antigo
2012,3,74,303,antigo
2012,3,75,26,antigo
2012,3,77,1005,antigo
2012,3,78,6330,antigo
2012,3,79,450,antigo
2012,3,80,3320,antigo
2012,3,81,4465,antigo
2012,3,82,9129,antigo
2012,3,84,5780,antigo
2012,3,85,23206,antigo
2012,3,86,7740,antigo
2012,3,87,546,antigo
2012,3,88,322,antigo
2012,3,90,103,antigo
2012,3,91,13,antigo
2012,3,92,0,antigo
2012,3,93,240,antigo
2012,3,94,5380,antigo
2012,3,95,-132,antigo
2012,3,96,466,antigo
2012,3,97,27,antigo
2012,3,99,30,antigo
2012,4,01,21968,antigo
2012,4,02,-502,antigo
2012,4,03,111,antigo
2012,4,05,34,antigo
2012,4,06,319,antigo
2012,4,07,506,antigo
2012,4,08,789,antigo
2012,4,09,322,antigo
2012,4,10,1429,antigo
2012,4,11,-112,antigo
2012,4,12,2468,antigo
2012,4,13,800,antigo
2012,4,14,2136,antigo
2012,4,15,1130,antigo
2012,4,16,784,antigo
2012,4,17,506,antigo
2012,4,18,238,antigo
2012,4,19,9297,antigo
2012,4,20,1501,antigo
2012,4,21,315,antigo
2012,4,22,1870,antigo
2012,4,23,2427,antigo
2012,4,24,149,antigo
2012,4,25,-228,antigo
2012,4,26,485,antigo
2012,4,27,413,antigo
2012,4,28,364,antigo
2012,4,29,-778,antigo
2012,4,30,551,antigo
2012,4,31,2022,antigo
2012,4,32,1364,antigo
2012,4,33,-373,antigo
2012,4,35,151,antigo
2012,4,36,688,antigo
2012,4,37,177,antigo
2012,4,38,1119,antigo
2012,4,39,-33,antigo
2012,4,41,15711,antigo
2012,4,42,16376,antigo
2012,4,43,11335,antigo
2012,4,45,3421,antigo
2012,4,46,5187,antigo
2012,4,47,26203,antigo
2012,4,49,19326,antigo
2012,4,50,97,antigo
2012,4,51,-120,antigo
2012,4,52,1226,antigo
2012,4,53,-89,antigo
2012,4,55,56,antigo
2012,4,56,2345,antigo
2012,4,58,178,antigo
2012,4,59,172,antigo
2012,4,60,712,antigo
2012,4,61,142,antigo
2012,4,62,2393,antigo
2012,4,63,1186,antigo
2012,4,64,1511,antigo
2012,4,65,862,antigo
2012,4,66,-100,antigo
2012,4,68,1331,antigo
2012,4,69,2545,antigo
2012,4,70,675,antigo
2012,4,71,2246,antigo
2012,4,72,301,antigo
2012,4,73,322,antigo
2012,4,74,398,antigo
2012,4,75,79,antigo
2012,4,77,1400,antigo
2012,4,78,-9860,antigo
2012,4,79,526,antigo
2012,4,80,5507,antigo
2012,4,81,6293,antigo
2012,4,82,5887,antigo
2012,4,84,3862,antigo
2012,4,85,12632,antigo
2012,4,86,10905,antigo
2012,4,87,735,antigo
2012,4,88,531,antigo
2012,4,90,166,antigo
2012,4,91,51,antigo
2012,4,92,7,antigo
2012,4,93,-23,antigo
2012,4,94,6163,antigo
2012,4,95,716,antigo
2012,4,96,1073,antigo
2012,4,97,-15,antigo
2012,4,99,-16,antigo
2012,5,01,46677,antigo
2012,5,02,-841,antigo
2012,5,03,-10,antigo
2012,5,05,-8,antigo
2012,5,06,-35,antigo
2012,5,07,412,antigo
2012,5,08,793,antigo
2012,5,09,193,antigo
2012,5,10,16511,antigo
2012,5,11,436,antigo
2012,5,12,750,antigo
2012,5,13,303,antigo
2012,5,14,485,antigo
2012,5,15,-2157,antigo
2012,5,16,-126,antigo
2012,5,17,107,antigo
2012,5,18,-254,antigo
2012,5,19,4600,antigo
2012,5,20,908,antigo
2012,5,21,634,antigo
2012,5,22,776,antigo
2012,5,23,625,antigo
2012,5,24,-323,antigo
2012,5,25,-446,antigo
2012,5,26,-805,antigo
2012,5,27,-492,antigo
2012,5,28,211,antigo
2012,5,29,-3820,antigo
2012,5,30,618,antigo
2012,5,31,-57,antigo
2012,5,32,748,antigo
2012,5,33,131,antigo
2012,5,35,-111,antigo
2012,5,36,169,antigo
2012,5,37,-128,antigo
2012,5,38,205,antigo
2012,5,39,-12,antigo
2012,5,41,-367,antigo
2012,5,42,12057,antigo
2012,5,43,4029,antigo
2012,5,45,-878,antigo
2012,5,46,2594,antigo
2012,5,47,8135,antigo
2012,5,49,7703,antigo
2012,5,50,164,antigo
2012,5,51,-607,antigo
2012,5,52,820,antigo
2012,5,53,56,antigo
2012,5,55,-432,antigo
2012,5,56,1089,antigo
2012,5,58,-154,antigo
2012,5,59,333,antigo
2012,5,60,768,antigo
2012,5,61,1285,antigo
2012,5,62,1599,antigo
2012,5,63,962,antigo
2012,5,64,621,antigo
2012,5,65,919,antigo
2012,5,66,23,antigo
2012,5,68,928,antigo
2012,5,69,1446,antigo
2012,5,70,-58,antigo
2012,5,71,994,antigo
2012,5,72,-510,antigo
2012,5,73,281,antigo
2012,5,74,557,antigo
2012,5,75,33,antigo
2012,5,77,1019,antigo
2012,5,78,-2894,antigo
2012,5,79,271,antigo
2012,5,80,3203,antigo
2012,5,81,3043,antigo
2012,5,82,531,antigo
2012,5,84,2666,antigo
2012,5,85,7249,antigo
2012,5,86,8261,antigo
2012,5,87,124,antigo
2012,5,88,526,antigo
2012,5,90,174,antigo
2012,5,91,78,antigo
2012,5,92,-4,antigo
2012,5,93,581,antigo
2012,5,94,3296,antigo
2012,5,95,205,antigo
2012,5,96,143,antigo
2012,5,97,69,antigo
2012,5,99,81,antigo
2012,6,01,60374,antigo
2012,6,02,-1007,antigo
2012,6,03,458,antigo
2012,6,05,2,antigo
2012,6,06,73,antigo
2012,6,07,691,antigo
2012,6,08,450,antigo
2012,6,09,602,antigo
2012,6,10,8625,antigo
2012,6,11,1066,antigo
2012,6,12,-1722,antigo
2012,6,13,223,antigo
2012,6,14,721,antigo
2012,6,15,-489,antigo
2012,6,16,470,antigo
2012,6,17,68,antigo
2012,6,18,-99,antigo
2012,6,19,2038,antigo
2012,6,20,680,antigo
2012,6,21,769,antigo
2012,6,22,-866,antigo
2012,6,23,171,antigo
2012,6,24,-748,antigo
2012,6,25,-929,antigo
2012,6,26,919,antigo
2012,6,27,250,antigo
2012,6,28,-1287,antigo
2012,6,29,-1532,antigo
2012,6,30,77,antigo
2012,6,31,246,antigo
2012,6,32,637,antigo
2012,6,33,340,antigo
2012,6,35,423,antigo
2012,6,36,95,antigo
2012,6,37,167,antigo
2012,6,38,2233,antigo
2012,6,39,9,antigo
2012,6,41,378,antigo
2012,6,42,3138,antigo
2012,6,43,2044,antigo
2012,6,45,70,antigo
2012,6,46,2771,antigo
2012,6,47,8936,antigo
2012,6,49,5371,antigo
2012,6,50,185,antigo
2012,6,51,-453,antigo
2012,6,52,-267,antigo
2012,6,53,218,antigo
2012,6,55,177,antigo
2012,6,56,860,antigo
2012,6,58,-117,antigo
2012,6,59,329,antigo
2012,6,60,130,antigo
2012,6,61,-661,antigo
2012,6,62,1343,antigo
2012,6,63,389,antigo
2012,6,64,1605,antigo
2012,6,65,743,antigo
2012,6,66,-215,antigo
2012,6,68,844,antigo
2012,6,69,1826,antigo
2012,6,70,600,antigo
2012,6,71,499,antigo
2012,6,72,268,antigo
2012,6,73,343,antigo
2012,6,74,521,antigo
2012,6,75,45,antigo
2012,6,77,1213,antigo
2012,6,78,-2656,antigo
2012,6,79,178,antigo
2012,6,80,5143,antigo
2012,6,81,3542,antigo
2012,6,82,-2881,antigo
2012,6,84,1455,antigo
2012,6,85,-3408,antigo
2012,6,86,7630,antigo
2012,6,87,481,antigo
2012,6,88,145,antigo
2012,6,90,175,antigo
2012,6,91,-23,antigo
2012,6,92,7,antigo
2012,6,93,629,antigo
2012,6,94,2306,antigo
2012,6,95,-90,antigo
2012,6,96,410,antigo
2012,6,97,29,antigo
2012,6,99,37,antigo
2012,7,01,24683,antigo
2012,7,02,-952,antigo
2012,7,03,-125,antigo
2012,7,05,20,antigo
2012,7,06,80,antigo
2012,7,07,875,antigo
2012,7,08,660,antigo
2012,7,09,602,antigo
2012,7,10,6168,antigo
2012,7,11,1212,antigo
2012,7,12,-3171,antigo
2012,7,13,994,antigo
2012,7,14,1365,antigo
2012,7,15,4537,antigo
2012,7,16,567,antigo
2012,7,17,470,antigo
2012,7,18,324,antigo
2012,7,19,200,antigo
2012,7,20,930,antigo
2012,7,21,550,antigo
2012,7,22,1101,antigo
2012,7,23,767,antigo
2012,7,24,-401,antigo
2012,7,25,1515,antigo
2012,7,26,1418,antigo
2012,7,27,732,antigo
2012,7,28,686,antigo
2012,7,29,1534,antigo
2012,7,30,475,antigo
2012,7,31,493,antigo
2012,7,32,988,antigo
2012,7,33,825,antigo
2012,7,35,401,antigo
2012,7,36,185,antigo
2012,7,37,977,antigo
2012,7,38,147,antigo
2012,7,39,9,antigo
2012,7,41,9778,antigo
2012,7,42,10961,antigo
2012,7,43,6045,antigo
2012,7,45,1249,antigo
2012,7,46,5784,antigo
2012,7,47,16327,antigo
2012,7,49,4160,antigo
2012,7,50,204,antigo
2012,7,51,-74,antigo
2012,7,52,1119,antigo
2012,7,53,172,antigo
2012,7,55,-21,antigo
2012,7,56,583,antigo
2012,7,58,-168,antigo
2012,7,59,634,antigo
2012,7,60,224,antigo
2012,7,61,413,antigo
2012,7,62,2428,antigo
2012,7,63,1116,antigo
2012,7,64,-84,antigo
2012,7,65,352,antigo
2012,7,66,569,antigo
2012,7,68,1060,antigo
2012,7,69,3155,antigo
2012,7,70,389,antigo
2012,7,71,1123,antigo
2012,7,72,130,antigo
2012,7,73,165,antigo
2012,7,74,399,antigo
2012,7,75,74,antigo
2012,7,77,916,antigo
2012,7,78,1997,antigo
2012,7,79,81,antigo
2012,7,80,3961,antigo
2012,7,81,6901,antigo
2012,7,82,-4146,antigo
2012,7,84,3216,antigo
2012,7,85,-6885,antigo
2012,7,86,10062,antigo
2012,7,87,279,antigo
2012,7,88,1088,antigo
2012,7,90,23,antigo
2012,7,91,18,antigo
2012,7,92,-18,antigo
2012,7,93,442,antigo
2012,7,94,3234,antigo
2012,7,95,424,antigo
2012,7,96,783,antigo
2012,7,97,6,antigo
2012,7,99,7,antigo
2012,8,01,-16383,antigo
2012,8,02,-550,antigo
2012,8,03,154,antigo
2012,8,05,-52,antigo
2012,8,06,27,antigo
2012,8,07,582,antigo
2012,8,08,233,antigo
2012,8,09,477,antigo
2012,8,10,8433,antigo
2012,8,11,1881,antigo
2012,8,12,-3565,antigo
2012,8,13,-1492,antigo
2012,8,14,3098,antigo
2012,8,15,-524,antigo
2012,8,16,429,antigo
2012,8,17,1025,antigo
2012,8,18,160,antigo
2012,8,19,635,antigo
2012,8,20,474,antigo
2012,8,21,172,antigo
2012,8,22,49,antigo
2012,8,23,1218,antigo
2012,8,24,-1320,antigo
2012,8,25,865,antigo
2012,8,26,207,antigo
2012,8,27,226,antigo
2012,8,28,676,antigo
2012,8,29,1853,antigo
2012,8,30,274,antigo
2012,8,31,1041,antigo
2012,8,32,606,antigo
2012,8,33,-319,antigo
2012,8,35,756,antigo
2012,8,36,501,antigo
2012,8,37,670,antigo
2012,8,38,349,antigo
2012,8,39,-16,antigo
2012,8,41,4888,antigo
2012,8,42,3935,antigo
2012,8,43,3622,antigo
2012,8,45,3383,antigo
2012,8,46,5341,antigo
2012,8,47,23620,antigo
2012,8,49,2437,antigo
2012,8,50,167,antigo
2012,8,51,2,antigo
2012,8,52,-412,antigo
2012,8,53,514,antigo
2012,8,55,-52,antigo
2012,8,56,473,antigo
2012,8,58,272,antigo
2012,8,59,-389,antigo
2012,8,60,28,antigo
2012,8,61,-389,antigo
2012,8,62,2179,antigo
2012,8,63,197,antigo
2012,8,64,40,antigo
2012,8,65,131,antigo
2012,8,66,-303,antigo
2012,8,68,920,antigo
2012,8,69,1712,antigo
2012,8,70,191,antigo
2012,8,71,25,antigo
2012,8,72,118,antigo
2012,8,73,510,antigo
2012,8,74,134,antigo
2012,8,75,31,antigo
2012,8,77,183,antigo
2012,8,78,235,antigo
2012,8,79,-52,antigo
2012,8,80,1969,antigo
2012,8,81,1464,antigo
2012,8,82,-167,antigo
2012,8,84,1079,antigo
2012,8,85,23494,antigo
2012,8,86,9083,antigo
2012,8,87,231,antigo
2012,8,88,1318,antigo
2012,8,90,151,antigo
2012,8,91,12,antigo
2012,8,92,-10,antigo
2012,8,93,567,antigo
2012,8,94,4373,antigo
2012,8,95,432,antigo
2012,8,96,414,antigo
2012,8,97,65,antigo
2012,8,99,-78,antigo
2012,9,01,-18596,antigo
2012,9,02,-672,antigo
2012,9,03,-81,antigo
2012,9,05,5,antigo
2012,9,06,-52,antigo
2012,9,07,581,antigo
2012,9,08,261,antigo
2012,9,09,194,antigo
2012,9,10,37963,antigo
2012,9,11,2182,antigo
2012,9,12,-2752,antigo
2012,9,13,493,antigo
2012,9,14,4038,antigo
2012,9,15,584,antigo
2012,9,16,904,antigo
2012,9,17,1009,antigo
2012,9,18,565,antigo
2012,9,19,1777,antigo
2012,9,20,1980,antigo
2012,9,21,353,antigo
2012,9,22,2000,antigo
2012,9,23,855,antigo
2012,9,24,-261,antigo
2012,9,25,2038,antigo
2012,9,26,986,antigo
2012,9,27,2329,antigo
2012,9,28,1273,antigo
2012,9,29,3096,antigo
2012,9,30,714,antigo
2012,9,31,1675,antigo
2012,9,32,543,antigo
2012,9,33,1281,antigo
2012,9,35,-166,antigo
2012,9,36,222,antigo
2012,9,37,707,antigo
2012,9,38,46,antigo
2012,9,39,-67,antigo
2012,9,41,2608,antigo
2012,9,42,5640,antigo
2012,9,43,2858,antigo
2012,9,45,3252,antigo
2012,9,46,7686,antigo
2012,9,47,26041,antigo
2012,9,49,4921,antigo
2012,9,50,-55,antigo
2012,9,51,96,antigo
2012,9,52,-34,antigo
2012,9,53,1185,antigo
2012,9,55,968,antigo
2012,9,56,2303,antigo
2012,9,58,293,antigo
2012,9,59,-236,antigo
2012,9,60,272,antigo
2012,9,61,-771,antigo
2012,9,62,3786,antigo
2012,9,63,853,antigo
2012,9,64,2476,antigo
2012,9,65,360,antigo
2012,9,66,105,antigo
2012,9,68,939,antigo
2012,9,69,2485,antigo
2012,9,70,612,antigo
2012,9,71,2145,antigo
2012,9,72,-951,antigo
2012,9,73,150,antigo
2012,9,74,1050,antigo
2012,9,75,47,antigo
2012,9,77,192,antigo
2012,9,78,970,antigo
2012,9,79,373,antigo
2012,9,80,2318,antigo
2012,9,81,2657,antigo
2012,9,82,-516,antigo
2012,9,84,302,antigo
2012,9,85,10252,antigo
2012,9,86,7378,antigo
2012,9,87,328,antigo
2012,9,88,381,antigo
2012,9,90,176,antigo
2012,9,91,23,antigo
2012,9,92,3,antigo
2012,9,93,1250,antigo
2012,9,94,3353,antigo
2012,9,95,533,antigo
2012,9,96,1158,antigo
2012,9,97,26,antigo
2012,9,99,86,antigo
2012,10,01,-19750,antigo
2012,10,02,-272,antigo
2012,10,03,-283,antigo
2012,10,05,16,antigo
2012,10,06,-34,antigo
2012,10,07,-155,antigo
2012,10,08,-75,antigo
2012,10,09,161,antigo
2012,10,10,6504,antigo
2012,10,11,1499,antigo
2012,10,12,-97,antigo
2012,10,13,-424,antigo
2012,10,14,2330,antigo
2012,10,15,-333,antigo
2012,10,16,-631,antigo
2012,10,17,858,antigo
2012,10,18,71,antigo
2012,10,19,-2351,antigo
2012,10,20,2295,antigo
2012,10,21,530,antigo
2012,10,22,2896,antigo
2012,10,23,-249,antigo
2012,10,24,-256,antigo
2012,10,25,1495,antigo
2012,10,26,172,antigo
2012,10,27,548,antigo
2012,10,28,390,antigo
2012,10,29,-815,antigo
2012,10,30,1010,antigo
2012,10,31,1758,antigo
2012,10,32,71,antigo
2012,10,33,613,antigo
2012,10,35,-371,antigo
2012,10,36,98,antigo
2012,10,37,474,antigo
2012,10,38,-714,antigo
2012,10,39,-2,antigo
2012,10,41,-5729,antigo
2012,10,42,-4272,antigo
2012,10,43,1187,antigo
2012,10,45,551,antigo
2012,10,46,8671,antigo
2012,10,47,40173,antigo
2012,10,49,3654,antigo
2012,10,50,92,antigo
2012,10,51,208,antigo
2012,10,52,2552,antigo
2012,10,53,1292,antigo
2012,10,55,949,antigo
2012,10,56,2978,antigo
2012,10,58,-187,antigo
2012,10,59,351,antigo
2012,10,60,-278,antigo
2012,10,61,-537,antigo
2012,10,62,1731,antigo
2012,10,63,-514,antigo
2012,10,64,634,antigo
2012,10,65,175,antigo
2012,10,66,-228,antigo
2012,10,68,855,antigo
2012,10,69,1121,antigo
2012,10,70,541,antigo
2012,10,71,482,antigo
2012,10,72,16,antigo
2012,10,73,550,antigo
2012,10,74,259,antigo
2012,10,75,50,antigo
2012,10,77,106,antigo
2012,10,78,4541,antigo
2012,10,79,245,antigo
2012,10,80,1637,antigo
2012,10,81,326,antigo
2012,10,82,-1428,antigo
2012,10,84,-3538,antigo
2012,10,85,3650,antigo
2012,10,86,5439,antigo
2012,10,87,47,antigo
2012,10,88,168,antigo
2012,10,90,147,antigo
2012,10,91,14,antigo
2012,10,92,22,antigo
2012,10,93,870,antigo
2012,10,94,-380,antigo
2012,10,95,75,antigo
2012,10,96,702,antigo
2012,10,97,-43,antigo
2012,10,99,84,antigo
2012,11,01,-31342,antigo
2012,11,02,-892,antigo
2012,11,03,-416,antigo
2012,11,05,16,antigo
2012,11,06,75,antigo
2012,11,07,-59,antigo
2012,11,08,-284,antigo
2012,11,09,160,antigo
2012,11,10,-2969,antigo
2012,11,11,1814,antigo
2012,11,12,-962,antigo
2012,11,13,-2381,antigo
2012,11,14,-1737,antigo
2012,11,15,-5731,antigo
2012,11,16,-1588,antigo
2012,11,17,390,antigo
2012,11,18,-393,antigo
2012,11,19,-10412,antigo
2012,11,20,72,antigo
2012,11,21,-75,antigo
2012,11,22,-979,antigo
2012,11,23,-726,antigo
2012,11,24,-1000,antigo
2012,11,25,-163,antigo
2012,11,26,-1047,antigo
2012,11,27,-18,antigo
2012,11,28,165,antigo
2012,11,29,840,antigo
2012,11,30,630,antigo
2012,11,31,870,antigo
2012,11,32,-871,antigo
2012,11,33,965,antigo
2012,11,35,-64,antigo
2012,11,36,-145,antigo
2012,11,37,-746,antigo
2012,11,38,-825,antigo
2012,11,39,-32,antigo
2012,11,41,-15869,antigo
2012,11,42,-20341,antigo
2012,11,43,-5649,antigo
2012,11,45,1500,antigo
2012,11,46,7452,antigo
2012,11,47,100855,antigo
2012,11,49,2920,antigo
2012,11,50,323,antigo
2012,11,51,-48,antigo
2012,11,52,1417,antigo
2012,11,53,518,antigo
2012,11,55,2297,antigo
2012,11,56,8005,antigo
2012,11,58,-372,antigo
2012,11,59,479,antigo
2012,11,60,26,antigo
2012,11,61,263,antigo
2012,11,62,1289,antigo
2012,11,63,4,antigo
2012,11,64,1676,antigo
2012,11,65,316,antigo
2012,11,66,169,antigo
2012,11,68,851,antigo
2012,11,69,770,antigo
2012,11,70,240,antigo
2012,11,71,-1411,antigo
2012,11,72,184,antigo
2012,11,73,-314,antigo
2012,11,74,427,antigo
2012,11,75,-4,antigo
2012,11,77,-534,antigo
2012,11,78,6196,antigo
2012,11,79,42,antigo
2012,11,80,2698,antigo
2012,11,81,-748,antigo
2012,11,82,9051,antigo
2012,11,84,-2591,antigo
2012,11,85,-1811,antigo
2012,11,86,5913,antigo
2012,11,87,174,antigo
2012,11,88,-305,antigo
2012,11,90,141,antigo
2012,11,91,11,antigo
2012,11,92,16,antigo
2012,11,93,925,antigo
2012,11,94,-2181,antigo
2012,11,95,174,antigo
2012,11,96,925,antigo
2012,11,97,-100,antigo
2012,11,99,-14,antigo
2012,12,01,-79664,antigo
2012,12,02,-2412,antigo
2012,12,03,-474,antigo
2012,12,05,-31,antigo
2012,12,06,15,antigo
2012,12,07,-755,antigo
2012,12,08,-801,antigo
2012,12,09,-19,antigo
2012,12,10,-48747,antigo
2012,12,11,-543,antigo
2012,12,12,-1082,antigo
2012,12,13,-5570,antigo
2012,12,14,-19549,antigo
2012,12,15,-26158,antigo
2012,12,16,-4790,antigo
2012,12,17,-1939,antigo
2012,12,18,-1408,antigo
2012,12,19,-13757,antigo
2012,12,20,-3559,antigo
2012,12,21,-837,antigo
2012,12,22,-5555,antigo
2012,12,23,-4750,antigo
2012,12,24,-2481,antigo
2012,12,25,-7676,antigo
2012,12,26,-3817,antigo
2012,12,27,-2153,antigo
2012,12,28,-4238,antigo
2012,12,29,-4097,antigo
2012,12,30,-6,antigo
2012,12,31,-4635,antigo
2012,12,32,-3334,antigo
2012,12,33,-2447,antigo
2012,12,35,-869,antigo
2012,12,36,172,antigo
2012,12,37,-192,antigo
2012,12,38,-140,antigo
2012,12,39,-35,antigo
2012,12,41,-45189,antigo
2012,12,42,-33852,antigo
2012,12,43,-16566,antigo
2012,12,45,-4655,antigo
2012,12,46,-4094,antigo
2012,12,47,9753,antigo
2012,12,49,-19161,antigo
2012,12,50,137,antigo
2012,12,51,31,antigo
2012,12,52,532,antigo
2012,12,53,-148,antigo
2012,12,55,2363,antigo
2012,12,56,-4046,antigo
2012,12,58,-1350,antigo
2012,12,59,11,antigo
2012,12,60,-377,antigo
2012,12,61,-21,antigo
2012,12,62,2,antigo
2012,12,63,-1432,antigo
2012,12,64,-640,antigo
2012,12,65,-257,antigo
2012,12,66,-258,antigo
2012,12,68,-1269,antigo
2012,12,69,-2007,antigo
2012,12,70,-474,antigo
2012,12,71,-5146,antigo
2012,12,72,-186,antigo
2012,12,73,-961,antigo
2012,12,74,-1369,antigo
2012,12,75,-4,antigo
2012,12,77,-3575,antigo
2012,12,78,-8146,antigo
2012,12,79,-362,antigo
2012,12,80,6934,antigo
2012,12,81,2595,antigo
2012,12,82,-2718,antigo
2012,12,84,-27710,antigo
2012,12,85,-50257,antigo
2012,12,86,-2064,antigo
2012,12,87,-1044,antigo
2012,12,88,-2555,antigo
2012,12,90,-248,antigo
2012,12,91,-24,antigo
2012,12,92,-5,antigo
2012,12,93,-414,antigo
2012,12,94,-16431,antigo
2012,12,95,-831,antigo
2012,12,96,-1051,antigo
2012,12,97,-241,antigo
2012,12,99,169,antigo
2013,1,01,704,antigo
2013,1,02,-1946,antigo
2013,1,03,286,antigo
2013,1,05,25,antigo
2013,1,06,-82,antigo
2013,1,07,237,antigo
2013,1,08,222,antigo
2013,1,09,293,antigo
2013,1,10,-4383,antigo
2013,1,11,-715,antigo
2013,1,12,1854,antigo
2013,1,13,2690,antigo
2013,1,14,4368,antigo
2013,1,15,8341,antigo
2013,1,16,610,antigo
2013,1,17,752,antigo
2013,1,18,134,antigo
2013,1,19,-1603,antigo
2013,1,20,776,antigo
2013,1,21,792,antigo
2013,1,22,4427,antigo
2013,1,23,914,antigo
2013,1,24,849,antigo
2013,1,25,4308,antigo
2013,1,26,1581,antigo
2013,1,27,1430,antigo
2013,1,28,5184,antigo
2013,1,29,6616,antigo
2013,1,30,775,antigo
2013,1,31,1645,antigo
2013,1,32,866,antigo
2013,1,33,2105,antigo
2013,1,35,417,antigo
2013,1,36,63,antigo
2013,1,37,1676,antigo
2013,1,38,2490,antigo
2013,1,39,15,antigo
2013,1,41,16594,antigo
2013,1,42,9534,antigo
2013,1,43,9913,antigo
2013,1,45,1886,antigo
2013,1,46,4547,antigo
2013,1,47,-73842,antigo
2013,1,49,-2727,antigo
2013,1,50,169,antigo
2013,1,51,-123,antigo
2013,1,52,450,antigo
2013,1,53,428,antigo
2013,1,55,1683,antigo
2013,1,56,-4449,antigo
2013,1,58,-452,antigo
2013,1,59,-37,antigo
2013,1,60,198,antigo
2013,1,61,-417,antigo
2013,1,62,2549,antigo
2013,1,63,1040,antigo
2013,1,64,776,antigo
2013,1,65,90,antigo
2013,1,66,-152,antigo
2013,1,68,1220,antigo
2013,1,69,4080,antigo
2013,1,70,1045,antigo
2013,1,71,-513,antigo
2013,1,72,181,antigo
2013,1,73,426,antigo
2013,1,74,-2214,antigo
2013,1,75,47,antigo
2013,1,77,-1428,antigo
2013,1,78,-450,antigo
2013,1,79,40,antigo
2013,1,80,4165,antigo
2013,1,81,2563,antigo
2013,1,82,1760,antigo
2013,1,84,728,antigo
2013,1,85,-3245,antigo
2013,1,86,3820,antigo
2013,1,87,163,antigo
2013,1,88,-494,antigo
2013,1,90,91,antigo
2013,1,91,-17,antigo
2013,1,92,-16,antigo
2013,1,93,998,antigo
2013,1,94,-937,antigo
2013,1,95,264,antigo
2013,1,96,140,antigo
2013,1,97,72,antigo
2013,1,99,37,antigo
2013,2,01,-9986,antigo
2013,2,02,-559,antigo
2013,2,03,590,antigo
2013,2,05,62,antigo
2013,2,06,43,antigo
2013,2,07,173,antigo
2013,2,08,-120,antigo
2013,2,09,213,antigo
2013,2,10,-4214,antigo
2013,2,11,-388,antigo
2013,2,12,4228,antigo
2013,2,13,1985,antigo
2013,2,14,2524,antigo
2013,2,15,7906,antigo
2013,2,16,-282,antigo
2013,2,17,179,antigo
2013,2,18,-508,antigo
2013,2,19,2068,antigo
2013,2,20,-153,antigo
2013,2,21,352,antigo
2013,2,22,2505,antigo
2013,2,23,703,antigo
2013,2,24,1135,antigo
2013,2,25,1807,antigo
2013,2,26,-38,antigo
2013,2,27,959,antigo
2013,2,28,4085,antigo
2013,2,29,3079,antigo
2013,2,30,644,antigo
2013,2,31,843,antigo
2013,2,32,345,antigo
2013,2,33,758,antigo
2013,2,35,-7,antigo
2013,2,36,142,antigo
2013,2,37,124,antigo
2013,2,38,-146,antigo
2013,2,39,-27,antigo
2013,2,41,2480,antigo
2013,2,42,11731,antigo
2013,2,43,3656,antigo
2013,2,45,2148,antigo
2013,2,46,6327,antigo
2013,2,47,-17871,antigo
2013,2,49,5053,antigo
2013,2,50,120,antigo
2013,2,51,-327,antigo
2013,2,52,2392,antigo
2013,2,53,650,antigo
2013,2,55,-1975,antigo
2013,2,56,497,antigo
2013,2,58,-417,antigo
2013,2,59,-158,antigo
2013,2,60,192,antigo
2013,2,61,1486,antigo
2013,2,62,1376,antigo
2013,2,63,243,antigo
2013,2,64,1237,antigo
2013,2,65,145,antigo
2013,2,66,215,antigo
2013,2,68,628,antigo
2013,2,69,1296,antigo
2013,2,70,111,antigo
2013,2,71,-756,antigo
2013,2,72,-36,antigo
2013,2,73,-201,antigo
2013,2,74,-501,antigo
2013,2,75,27,antigo
2013,2,77,1029,antigo
2013,2,78,-1800,antigo
2013,2,79,-155,antigo
2013,2,80,2850,antigo
2013,2,81,5059,antigo
2013,2,82,6599,antigo
2013,2,84,12399,antigo
2013,2,85,42469,antigo
2013,2,86,4185,antigo
2013,2,87,568,antigo
2013,2,88,1394,antigo
2013,2,90,106,antigo
2013,2,91,-21,antigo
2013,2,92,-5,antigo
2013,2,93,117,antigo
2013,2,94,7119,antigo
2013,2,95,202,antigo
2013,2,96,281,antigo
2013,2,97,145,antigo
2013,2,99,113,antigo
2013,3,01,-3972,antigo
2013,3,02,-901,antigo
2013,3,03,284,antigo
2013,3,05,72,antigo
2013,3,06,18,antigo
2013,3,07,249,antigo
2013,3,08,267,antigo
2013,3,09,209,antigo
2013,3,10,-12263,antigo
2013,3,11,-1106,antigo
2013,3,12,6443,antigo
2013,3,13,1660,antigo
2013,3,14,4591,antigo
2013,3,15,4191,antigo
2013,3,16,-462,antigo
2013,3,17,684,antigo
2013,3,18,-442,antigo
2013,3,19,5951,antigo
2013,3,20,824,antigo
2013,3,21,673,antigo
2013,3,22,1689,antigo
2013,3,23,219,antigo
2013,3,24,643,antigo
2013,3,25,878,antigo
2013,3,26,742,antigo
2013,3,27,1254,antigo
2013,3,28,1843,antigo
2013,3,29,2758,antigo
2013,3,30,1180,antigo
2013,3,31,1172,antigo
2013,3,32,758,antigo
2013,3,33,-247,antigo
2013,3,35,-98,antigo
2013,3,36,85,antigo
2013,3,37,-1,antigo
2013,3,38,-38,antigo
2013,3,39,11,antigo
2013,3,41,1365,antigo
2013,3,42,17493,antigo
2013,3,43,3262,antigo
2013,3,45,1665,antigo
2013,3,46,5575,antigo
2013,3,47,-3686,antigo
2013,3,49,13104,antigo
2013,3,50,-59,antigo
2013,3,51,-1026,antigo
2013,3,52,2310,antigo
2013,3,53,-484,antigo
2013,3,55,-1436,antigo
2013,3,56,-101,antigo
2013,3,58,-218,antigo
2013,3,59,-173,antigo
2013,3,60,-47,antigo
2013,3,61,63,antigo
2013,3,62,1377,antigo
2013,3,63,129,antigo
2013,3,64,-2,antigo
2013,3,65,500,antigo
2013,3,66,331,antigo
2013,3,68,1245,antigo
2013,3,69,1133,antigo
2013,3,70,494,antigo
2013,3,71,-432,antigo
2013,3,72,252,antigo
2013,3,73,36,antigo
2013,3,74,-288,antigo
2013,3,75,65,antigo
2013,3,77,1704,antigo
2013,3,78,-1370,antigo
2013,3,79,96,antigo
2013,3,80,1429,antigo
2013,3,81,3183,antigo
2013,3,82,3609,antigo
2013,3,84,6535,antigo
2013,3,85,20422,antigo
2013,3,86,8354,antigo
2013,3,87,-119,antigo
2013,3,88,970,antigo
2013,3,90,-51,antigo
2013,3,91,34,antigo
2013,3,92,-1,antigo
2013,3,93,-354,antigo
2013,3,94,4541,antigo
2013,3,95,454,antigo
2013,3,96,323,antigo
2013,3,97,196,antigo
2013,3,99,230,antigo
2013,4,01,24441,antigo
2013,4,02,-272,antigo
2013,4,03,329,antigo
2013,4,05,41,antigo
2013,4,06,-56,antigo
2013,4,07,129,antigo
2013,4,08,489,antigo
2013,4,09,179,antigo
2013,4,10,5203,antigo
2013,4,11,-149,antigo
2013,4,12,1542,antigo
2013,4,13,1226,antigo
2013,4,14,3890,antigo
2013,4,15,1006,antigo
2013,4,16,379,antigo
2013,4,17,572,antigo
2013,4,18,91,antigo
2013,4,19,10389,antigo
2013,4,20,1339,antigo
2013,4,21,541,antigo
2013,4,22,1777,antigo
2013,4,23,943,antigo
2013,4,24,1124,antigo
2013,4,25,1832,antigo
2013,4,26,-86,antigo
2013,4,27,1126,antigo
2013,4,28,505,antigo
2013,4,29,4344,antigo
2013,4,30,669,antigo
2013,4,31,1187,antigo
2013,4,32,1042,antigo
2013,4,33,-856,antigo
2013,4,35,114,antigo
2013,4,36,98,antigo
2013,4,37,359,antigo
2013,4,38,1860,antigo
2013,4,39,0,antigo
2013,4,41,14702,antigo
2013,4,42,9001,antigo
2013,4,43,11567,antigo
2013,4,45,2285,antigo
2013,4,46,3605,antigo
2013,4,47,11674,antigo
2013,4,49,20543,antigo
2013,4,50,97,antigo
2013,4,51,-63,antigo
2013,4,52,767,antigo
2013,4,53,787,antigo
2013,4,55,-465,antigo
2013,4,56,3611,antigo
2013,4,58,-327,antigo
2013,4,59,251,antigo
2013,4,60,65,antigo
2013,4,61,713,antigo
2013,4,62,1598,antigo
2013,4,63,917,antigo
2013,4,64,-334,antigo
2013,4,65,772,antigo
2013,4,66,390,antigo
2013,4,68,1004,antigo
2013,4,69,1756,antigo
2013,4,70,281,antigo
2013,4,71,2177,antigo
2013,4,72,173,antigo
2013,4,73,394,antigo
2013,4,74,-265,antigo
2013,4,75,117,antigo
2013,4,77,1598,antigo
2013,4,78,-3819,antigo
2013,4,79,-25,antigo
2013,4,80,899,antigo
2013,4,81,3023,antigo
2013,4,82,3039,antigo
2013,4,84,3838,antigo
2013,4,85,14198,antigo
2013,4,86,10504,antigo
2013,4,87,875,antigo
2013,4,88,143,antigo
2013,4,90,122,antigo
2013,4,91,50,antigo
2013,4,92,18,antigo
2013,4,93,409,antigo
2013,4,94,4386,antigo
2013,4,95,327,antigo
2013,4,96,1205,antigo
2013,4,97,740,antigo
2013,4,99,243,antigo
2013,5,01,33558,antigo
2013,5,02,127,antigo
2013,5,03,-81,antigo
2013,5,05,25,antigo
2013,5,06,-47,antigo
2013,5,07,-290,antigo
2013,5,08,536,antigo
2013,5,09,-269,antigo
2013,5,10,6175,antigo
2013,5,11,100,antigo
2013,5,12,-624,antigo
2013,5,13,822,antigo
2013,5,14,748,antigo
2013,5,15,-1954,antigo
2013,5,16,-30,antigo
2013,5,17,206,antigo
2013,5,18,-126,antigo
2013,5,19,2841,antigo
2013,5,20,1200,antigo
2013,5,21,499,antigo
2013,5,22,671,antigo
2013,5,23,-255,antigo
2013,5,24,553,antigo
2013,5,25,-494,antigo
2013,5,26,1372,antigo
2013,5,27,-774,antigo
2013,5,28,-309,antigo
2013,5,29,1540,antigo
2013,5,30,957,antigo
2013,5,31,-583,antigo
2013,5,32,1209,antigo
2013,5,33,214,antigo
2013,5,35,-329,antigo
2013,5,36,112,antigo
2013,5,37,36,antigo
2013,5,38,459,antigo
2013,5,39,-5,antigo
2013,5,41,-4683,antigo
2013,5,42,719,antigo
2013,5,43,1160,antigo
2013,5,45,-250,antigo
2013,5,46,-1262,antigo
2013,5,47,1618,antigo
2013,5,49,5965,antigo
2013,5,50,90,antigo
2013,5,51,290,antigo
2013,5,52,651,antigo
2013,5,53,875,antigo
2013,5,55,-360,antigo
2013,5,56,-912,antigo
2013,5,58,-288,antigo
2013,5,59,312,antigo
2013,5,60,-226,antigo
2013,5,61,2977,antigo
2013,5,62,1059,antigo
2013,5,63,215,antigo
2013,5,64,274,antigo
2013,5,65,549,antigo
2013,5,66,377,antigo
2013,5,68,722,antigo
2013,5,69,542,antigo
2013,5,70,164,antigo
2013,5,71,709,antigo
2013,5,72,-162,antigo
2013,5,73,345,antigo
2013,5,74,199,antigo
2013,5,75,27,antigo
2013,5,77,-539,antigo
2013,5,78,-377,antigo
2013,5,79,-15,antigo
2013,5,80,50,antigo
2013,5,81,-615,antigo
2013,5,82,-535,antigo
2013,5,84,2832,antigo
2013,5,85,6914,antigo
2013,5,86,5875,antigo
2013,5,87,51,antigo
2013,5,88,175,antigo
2013,5,90,93,antigo
2013,5,91,2,antigo
2013,5,92,6,antigo
2013,5,93,73,antigo
2013,5,94,1572,antigo
2013,5,95,-3391,antigo
2013,5,96,-454,antigo
2013,5,97,779,antigo
2013,5,99,46,antigo
2013,6,01,57687,antigo
2013,6,02,194,antigo
2013,6,03,489,antigo
2013,6,05,29,antigo
2013,6,06,241,antigo
2013,6,07,-187,antigo
2013,6,08,629,antigo
2013,6,09,-166,antigo
2013,6,10,3853,antigo
2013,6,11,377,antigo
2013,6,12,-1314,antigo
2013,6,13,365,antigo
2013,6,14,1542,antigo
2013,6,15,-16,antigo
2013,6,16,-365,antigo
2013,6,17,26,antigo
2013,6,18,-539,antigo
2013,6,19,804,antigo
2013,6,20,464,antigo
2013,6,21,233,antigo
2013,6,22,163,antigo
2013,6,23,609,antigo
2013,6,24,-813,antigo
2013,6,25,-599,antigo
2013,6,26,1019,antigo
2013,6,27,-1006,antigo
2013,6,28,429,antigo
2013,6,29,-12,antigo
2013,6,30,1244,antigo
2013,6,31,-221,antigo
2013,6,32,708,antigo
2013,6,33,1287,antigo
2013,6,35,-316,antigo
2013,6,36,249,antigo
2013,6,37,474,antigo
2013,6,38,150,antigo
2013,6,39,15,antigo
2013,6,41,-1258,antigo
2013,6,42,3775,antigo
2013,6,43,-748,antigo
2013,6,45,1109,antigo
2013,6,46,3572,antigo
2013,6,47,4526,antigo
2013,6,49,7040,antigo
2013,6,50,152,antigo
2013,6,51,52,antigo
2013,6,52,819,antigo
2013,6,53,1428,antigo
2013,6,55,989,antigo
2013,6,56,4173,antigo
2013,6,58,-258,antigo
2013,6,59,119,antigo
2013,6,60,-179,antigo
2013,6,61,2017,antigo
2013,6,62,1147,antigo
2013,6,63,429,antigo
2013,6,64,738,antigo
2013,6,65,379,antigo
2013,6,66,460,antigo
2013,6,68,634,antigo
2013,6,69,1071,antigo
2013,6,70,431,antigo
2013,6,71,1059,antigo
2013,6,72,156,antigo
2013,6,73,93,antigo
2013,6,74,-51,antigo
2013,6,75,16,antigo
2013,6,77,439,antigo
2013,6,78,-1469,antigo
2013,6,79,-53,antigo
2013,6,80,1433,antigo
2013,6,81,5045,antigo
2013,6,82,841,antigo
2013,6,84,1225,antigo
2013,6,85,-1248,antigo
2013,6,86,9143,antigo
2013,6,87,822,antigo
2013,6,88,899,antigo
2013,6,90,206,antigo
2013,6,91,-3,antigo
2013,6,92,10,antigo
2013,6,93,1136,antigo
2013,6,94,3276,antigo
2013,6,95,-300,antigo
2013,6,96,305,antigo
2013,6,97,426,antigo
2013,6,99,87,antigo
2013,7,01,18473,antigo
2013,7,02,-198,antigo
2013,7,03,-207,antigo
2013,7,05,8,antigo
2013,7,06,-157,antigo
2013,7,07,-184,antigo
2013,7,08,57,antigo
2013,7,09,-36,antigo
2013,7,10,8123,antigo
2013,7,11,687,antigo
2013,7,12,-3354,antigo
2013,7,13,-161,antigo
2013,7,14,-660,antigo
2013,7,15,293,antigo
2013,7,16,-27,antigo
2013,7,17,292,antigo
2013,7,18,-202,antigo
2013,7,19,-752,antigo
2013,7,20,573,antigo
2013,7,21,679,antigo
2013,7,22,-121,antigo
2013,7,23,580,antigo
2013,7,24,357,antigo
2013,7,25,16,antigo
2013,7,26,-277,antigo
2013,7,27,-1203,antigo
2013,7,28,1501,antigo
2013,7,29,123,antigo
2013,7,30,1364,antigo
2013,7,31,-843,antigo
2013,7,32,454,antigo
2013,7,33,284,antigo
2013,7,35,-888,antigo
2013,7,36,153,antigo
2013,7,37,-350,antigo
2013,7,38,-454,antigo
2013,7,39,51,antigo
2013,7,41,1411,antigo
2013,7,42,-1321,antigo
2013,7,43,4283,antigo
2013,7,45,-290,antigo
2013,7,46,2338,antigo
2013,7,47,-274,antigo
2013,7,49,2561,antigo
2013,7,50,120,antigo
2013,7,51,-163,antigo
2013,7,52,483,antigo
2013,7,53,2154,antigo
2013,7,55,214,antigo
2013,7,56,802,antigo
2013,7,58,-371,antigo
2013,7,59,407,antigo
2013,7,60,-302,antigo
2013,7,61,555,antigo
2013,7,62,2089,antigo
2013,7,63,408,antigo
2013,7,64,-100,antigo
2013,7,65,268,antigo
2013,7,66,201,antigo
2013,7,68,415,antigo
2013,7,69,2135,antigo
2013,7,70,681,antigo
2013,7,71,1843,antigo
2013,7,72,426,antigo
2013,7,73,356,antigo
2013,7,74,-241,antigo
2013,7,75,1,antigo
2013,7,77,892,antigo
2013,7,78,-459,antigo
2013,7,79,-344,antigo
2013,7,80,1025,antigo
2013,7,81,-874,antigo
2013,7,82,-2829,antigo
2013,7,84,48,antigo
2013,7,85,-8903,antigo
2013,7,86,8157,antigo
2013,7,87,473,antigo
2013,7,88,263,antigo
2013,7,90,81,antigo
2013,7,91,-1,antigo
2013,7,92,24,antigo
2013,7,93,111,antigo
2013,7,94,-737,antigo
2013,7,95,-266,antigo
2013,7,96,-472,antigo
2013,7,97,144,antigo
2013,7,99,47,antigo
2013,8,01,-11464,antigo
2013,8,02,-1013,antigo
2013,8,03,324,antigo
2013,8,05,-24,antigo
2013,8,06,-29,antigo
2013,8,07,234,antigo
2013,8,08,460,antigo
2013,8,09,-746,antigo
2013,8,10,6373,antigo
2013,8,11,1228,antigo
2013,8,12,-5613,antigo
2013,8,13,-113,antigo
2013,8,14,2946,antigo
2013,8,15,343,antigo
2013,8,16,1067,antigo
2013,8,17,566,antigo
2013,8,18,-77,antigo
2013,8,19,254,antigo
2013,8,20,242,antigo
2013,8,21,135,antigo
2013,8,22,-507,antigo
2013,8,23,1382,antigo
2013,8,24,-304,antigo
2013,8,25,-651,antigo
2013,8,26,-671,antigo
2013,8,27,-305,antigo
2013,8,28,1722,antigo
2013,8,29,-541,antigo
2013,8,30,1065,antigo
2013,8,31,609,antigo
2013,8,32,935,antigo
2013,8,33,1257,antigo
2013,8,35,-473,antigo
2013,8,36,123,antigo
2013,8,37,-336,antigo
2013,8,38,211,antigo
2013,8,39,-45,antigo
2013,8,41,5270,antigo
2013,8,42,1395,antigo
2013,8,43,5996,antigo
2013,8,45,3735,antigo
2013,8,46,7189,antigo
2013,8,47,40325,antigo
2013,8,49,5494,antigo
2013,8,50,21,antigo
2013,8,51,-528,antigo
2013,8,52,1318,antigo
2013,8,53,763,antigo
2013,8,55,691,antigo
2013,8,56,7908,antigo
2013,8,58,-217,antigo
2013,8,59,-273,antigo
2013,8,60,-99,antigo
2013,8,61,946,antigo
2013,8,62,2305,antigo
2013,8,63,183,antigo
2013,8,64,-594,antigo
2013,8,65,194,antigo
2013,8,66,140,antigo
2013,8,68,450,antigo
2013,8,69,1285,antigo
2013,8,70,-13,antigo
2013,8,71,2668,antigo
2013,8,72,68,antigo
2013,8,73,217,antigo
2013,8,74,-10,antigo
2013,8,75,38,antigo
2013,8,77,1125,antigo
2013,8,78,797,antigo
2013,8,79,-45,antigo
2013,8,80,-612,antigo
2013,8,81,2425,antigo
2013,8,82,-1413,antigo
2013,8,84,2663,antigo
2013,8,85,22424,antigo
2013,8,86,8370,antigo
2013,8,87,882,antigo
2013,8,88,392,antigo
2013,8,90,67,antigo
2013,8,91,39,antigo
2013,8,92,0,antigo
2013,8,93,794,antigo
2013,8,94,2866,antigo
2013,8,95,303,antigo
2013,8,96,909,antigo
2013,8,97,237,antigo
2013,8,99,-4,antigo
2013,9,01,-10233,antigo
2013,9,02,-486,antigo
2013,9,03,228,antigo
2013,9,05,27,antigo
2013,9,06,-114,antigo
2013,9,07,441,antigo
2013,9,08,280,antigo
2013,9,09,-171,antigo
2013,9,10,36154,antigo
2013,9,11,2984,antigo
2013,9,12,-1664,antigo
2013,9,13,346,antigo
2013,9,14,3216,antigo
2013,9,15,82,antigo
2013,9,16,1287,antigo
2013,9,17,1019,antigo
2013,9,18,32,antigo
2013,9,19,2338,antigo
2013,9,20,1822,antigo
2013,9,21,359,antigo
2013,9,22,2279,antigo
2013,9,23,2301,antigo
2013,9,24,-175,antigo
2013,9,25,1967,antigo
2013,9,26,1598,antigo
2013,9,27,715,antigo
2013,9,28,2082,antigo
2013,9,29,-282,antigo
2013,9,30,431,antigo
2013,9,31,1842,antigo
2013,9,32,697,antigo
2013,9,33,1389,antigo
2013,9,35,-376,antigo
2013,9,36,91,antigo
2013,9,37,-138,antigo
2013,9,38,1346,antigo
2013,9,39,45,antigo
2013,9,41,7704,antigo
2013,9,42,16195,antigo
2013,9,43,6225,antigo
2013,9,45,3289,antigo
2013,9,46,9220,antigo
2013,9,47,42606,antigo
2013,9,49,6786,antigo
2013,9,50,117,antigo
2013,9,51,-18,antigo
2013,9,52,2317,antigo
2013,9,53,290,antigo
2013,9,55,1256,antigo
2013,9,56,9289,antigo
2013,9,58,-327,antigo
2013,9,59,-76,antigo
2013,9,60,-266,antigo
2013,9,61,53,antigo
2013,9,62,1485,antigo
2013,9,63,855,antigo
2013,9,64,1439,antigo
2013,9,65,414,antigo
2013,9,66,72,antigo
2013,9,68,1088,antigo
2013,9,69,1799,antigo
2013,9,70,265,antigo
2013,9,71,5256,antigo
2013,9,72,-105,antigo
2013,9,73,-575,antigo
2013,9,74,305,antigo
2013,9,75,33,antigo
2013,9,77,1454,antigo
2013,9,78,1314,antigo
2013,9,79,381,antigo
2013,9,80,1353,antigo
2013,9,81,4545,antigo
2013,9,82,2778,antigo
2013,9,84,2050,antigo
2013,9,85,10122,antigo
2013,9,86,8513,antigo
2013,9,87,820,antigo
2013,9,88,830,antigo
2013,9,90,-54,antigo
2013,9,91,6,antigo
2013,9,92,8,antigo
2013,9,93,1766,antigo
2013,9,94,2239,antigo
2013,9,95,588,antigo
2013,9,96,1282,antigo
2013,9,97,205,antigo
2013,9,99,118,antigo
2013,10,01,-21367,antigo
2013,10,02,-1383,antigo
2013,10,03,-201,antigo
2013,10,05,9,antigo
2013,10,06,-182,antigo
2013,10,07,290,antigo
2013,10,08,110,antigo
2013,10,09,-273,antigo
2013,10,10,17937,antigo
2013,10,11,2030,antigo
2013,10,12,-679,antigo
2013,10,13,-43,antigo
2013,10,14,1486,antigo
2013,10,15,846,antigo
2013,10,16,385,antigo
2013,10,17,1274,antigo
2013,10,18,375,antigo
2013,10,19,-1617,antigo
2013,10,20,1348,antigo
2013,10,21,469,antigo
2013,10,22,2074,antigo
2013,10,23,2064,antigo
2013,10,24,-11,antigo
2013,10,25,163,antigo
2013,10,26,1254,antigo
2013,10,27,546,antigo
2013,10,28,1866,antigo
2013,10,29,-851,antigo
2013,10,30,271,antigo
2013,10,31,1634,antigo
2013,10,32,274,antigo
2013,10,33,45,antigo
2013,10,35,129,antigo
2013,10,36,103,antigo
2013,10,37,143,antigo
2013,10,38,898,antigo
2013,10,39,9,antigo
2013,10,41,-5759,antigo
2013,10,42,847,antigo
2013,10,43,928,antigo
2013,10,45,1209,antigo
2013,10,46,8458,antigo
2013,10,47,43442,antigo
2013,10,49,2753,antigo
2013,10,50,198,antigo
2013,10,51,284,antigo
2013,10,52,2431,antigo
2013,10,53,-53,antigo
2013,10,55,1024,antigo
2013,10,56,6363,antigo
2013,10,58,-88,antigo
2013,10,59,-29,antigo
2013,10,60,71,antigo
2013,10,61,-425,antigo
2013,10,62,-317,antigo
2013,10,63,-295,antigo
2013,10,64,758,antigo
2013,10,65,288,antigo
2013,10,66,400,antigo
2013,10,68,939,antigo
2013,10,69,1450,antigo
2013,10,70,469,antigo
2013,10,71,1303,antigo
2013,10,72,-228,antigo
2013,10,73,-8,antigo
2013,10,74,-978,antigo
2013,10,75,47,antigo
2013,10,77,-108,antigo
2013,10,78,2332,antigo
2013,10,79,72,antigo
2013,10,80,126,antigo
2013,10,81,36,antigo
2013,10,82,-2050,antigo
2013,10,84,666,antigo
2013,10,85,5611,antigo
2013,10,86,7896,antigo
2013,10,87,701,antigo
2013,10,88,117,antigo
2013,10,90,-7,antigo
2013,10,91,-32,antigo
2013,10,92,-4,antigo
2013,10,93,1061,antigo
2013,10,94,243,antigo
2013,10,95,-89,antigo
2013,10,96,1374,antigo
2013,10,97,12,antigo
2013,10,99,29,antigo
2013,11,01,-31715,antigo
2013,11,02,-986,antigo
2013,11,03,-487,antigo
2013,11,05,-9,antigo
2013,11,06,-127,antigo
2013,11,07,-432,antigo
2013,11,08,-242,antigo
2013,11,09,-633,antigo
2013,11,10,-3301,antigo
2013,11,11,844,antigo
2013,11,12,-1085,antigo
2013,11,13,-2002,antigo
2013,11,14,-4873,antigo
2013,11,15,-5660,antigo
2013,11,16,-529,antigo
2013,11,17,347,antigo
2013,11,18,-354,antigo
2013,11,19,-7382,antigo
2013,11,20,-411,antigo
2013,11,21,-270,antigo
2013,11,22,-1840,antigo
2013,11,23,-276,antigo
2013,11,24,-845,antigo
2013,11,25,-1649,antigo
2013,11,26,1087,antigo
2013,11,27,-100,antigo
2013,11,28,76,antigo
2013,11,29,-4784,antigo
2013,11,30,-987,antigo
2013,11,31,482,antigo
2013,11,32,-1062,antigo
2013,11,33,346,antigo
2013,11,35,-958,antigo
2013,11,36,422,antigo
2013,11,37,22,antigo
2013,11,38,562,antigo
2013,11,39,21,antigo
2013,11,41,-11994,antigo
2013,11,42,-16581,antigo
2013,11,43,-4359,antigo
2013,11,45,464,antigo
2013,11,46,8202,antigo
2013,11,47,94859,antigo
2013,11,49,1766,antigo
2013,11,50,-14,antigo
2013,11,51,312,antigo
2013,11,52,2147,antigo
2013,11,53,116,antigo
2013,11,55,2581,antigo
2013,11,56,12547,antigo
2013,11,58,-407,antigo
2013,11,59,443,antigo
2013,11,60,55,antigo
2013,11,61,400,antigo
2013,11,62,1128,antigo
2013,11,63,1193,antigo
2013,11,64,-466,antigo
2013,11,65,560,antigo
2013,11,66,374,antigo
2013,11,68,885,antigo
2013,11,69,213,antigo
2013,11,70,916,antigo
2013,11,71,1747,antigo
2013,11,72,294,antigo
2013,11,73,622,antigo
2013,11,74,361,antigo
2013,11,75,32,antigo
2013,11,77,-702,antigo
2013,11,78,1949,antigo
2013,11,79,77,antigo
2013,11,80,1009,antigo
2013,11,81,4638,antigo
2013,11,82,3493,antigo
2013,11,84,-654,antigo
2013,11,85,-1164,antigo
2013,11,86,7635,antigo
2013,11,87,419,antigo
2013,11,88,-173,antigo
2013,11,90,-54,antigo
2013,11,91,11,antigo
2013,11,92,4,antigo
2013,11,93,889,antigo
2013,11,94,-151,antigo
2013,11,95,270,antigo
2013,11,96,498,antigo
2013,11,97,-124,antigo
2013,11,99,10,antigo
2013,12,01,-68463,antigo
2013,12,02,-2412,antigo
2013,12,03,-492,antigo
2013,12,05,18,antigo
2013,12,06,198,antigo
2013,12,07,-811,antigo
2013,12,08,-840,antigo
2013,12,09,-340,antigo
2013,12,10,-39320,antigo
2013,12,11,-463,antigo
2013,12,12,-611,antigo
2013,12,13,-7048,antigo
2013,12,14,-19707,antigo
2013,12,15,-20965,antigo
2013,12,16,-3965,antigo
2013,12,17,-1387,antigo
2013,12,18,-1333,antigo
2013,12,19,-11155,antigo
2013,12,20,-2768,antigo
2013,12,21,-644,antigo
2013,12,22,-6158,antigo
2013,12,23,-4584,antigo
2013,12,24,-2434,antigo
2013,12,25,-8307,antigo
2013,12,26,-3474,antigo
2013,12,27,-3069,antigo
2013,12,28,-4418,antigo
2013,12,29,-7253,antigo
2013,12,30,-1827,antigo
2013,12,31,-4789,antigo
2013,12,32,-4020,antigo
2013,12,33,-1262,antigo
2013,12,35,-2429,antigo
2013,12,36,147,antigo
2013,12,37,-29,antigo
2013,12,38,270,antigo
2013,12,39,-21,antigo
2013,12,41,-38636,antigo
2013,12,42,-27201,antigo
2013,12,43,-19002,antigo
2013,12,45,-5174,antigo
2013,12,46,-5079,antigo
2013,12,47,5263,antigo
2013,12,49,-18555,antigo
2013,12,50,172,antigo
2013,12,51,31,antigo
2013,12,52,-1435,antigo
2013,12,53,-269,antigo
2013,12,55,2647,antigo
2013,12,56,-3838,antigo
2013,12,58,-1086,antigo
2013,12,59,-78,antigo
2013,12,60,-69,antigo
2013,12,61,633,antigo
2013,12,62,-520,antigo
2013,12,63,-1026,antigo
2013,12,64,-555,antigo
2013,12,65,-97,antigo
2013,12,66,-128,antigo
2013,12,68,-461,antigo
2013,12,69,-2026,antigo
2013,12,70,-374,antigo
2013,12,71,-3823,antigo
2013,12,72,-5,antigo
2013,12,73,-804,antigo
2013,12,74,-738,antigo
2013,12,75,5,antigo
2013,12,77,-1328,antigo
2013,12,78,-8831,antigo
2013,12,79,-27,antigo
2013,12,80,3888,antigo
2013,12,81,4386,antigo
2013,12,82,-6100,antigo
2013,12,84,-15063,antigo
2013,12,85,-48346,antigo
2013,12,86,-711,antigo
2013,12,87,-1302,antigo
2013,12,88,-2687,antigo
2013,12,90,-219,antigo
2013,12,91,-36,antigo
2013,12,92,0,antigo
2013,12,93,-526,antigo
2013,12,94,-12597,antigo
2013,12,95,-557,antigo
2013,12,96,-693,antigo
2013,12,97,-308,antigo
2013,12,99,6,antigo
2014,1,01,3157,antigo
2014,1,02,-67,antigo
2014,1,03,358,antigo
2014,1,05,23,antigo
2014,1,06,7,antigo
2014,1,07,23,antigo
2014,1,08,217,antigo
2014,1,09,122,antigo
2014,1,10,-1906,antigo
2014,1,11,-583,antigo
2014,1,12,2033,antigo
2014,1,13,2081,antigo
2014,1,14,3860,antigo
2014,1,15,9642,antigo
2014,1,16,1355,antigo
2014,1,17,437,antigo
2014,1,18,-249,antigo
2014,1,19,-2445,antigo
2014,1,20,1049,antigo
2014,1,21,847,antigo
2014,1,22,3147,antigo
2014,1,23,1301,antigo
2014,1,24,1250,antigo
2014,1,25,3436,antigo
2014,1,26,1601,antigo
2014,1,27,1126,antigo
2014,1,28,3810,antigo
2014,1,29,1425,antigo
2014,1,30,-2411,antigo
2014,1,31,1429,antigo
2014,1,32,628,antigo
2014,1,33,4380,antigo
2014,1,35,112,antigo
2014,1,36,165,antigo
2014,1,37,289,antigo
2014,1,38,573,antigo
2014,1,39,103,antigo
2014,1,41,18418,antigo
2014,1,42,9966,antigo
2014,1,43,10961,antigo
2014,1,45,1058,antigo
2014,1,46,5088,antigo
2014,1,47,-83497,antigo
2014,1,49,-3155,antigo
2014,1,50,171,antigo
2014,1,51,-9,antigo
2014,1,52,-731,antigo
2014,1,53,-129,antigo
2014,1,55,164,antigo
2014,1,56,-2827,antigo
2014,1,58,5,antigo
2014,1,59,-124,antigo
2014,1,60,121,antigo
2014,1,61,-357,antigo
2014,1,62,1259,antigo
2014,1,63,858,antigo
2014,1,64,-351,antigo
2014,1,65,68,antigo
2014,1,66,-142,antigo
2014,1,68,1115,antigo
2014,1,69,4371,antigo
2014,1,70,1415,antigo
2014,1,71,1022,antigo
2014,1,72,472,antigo
2014,1,73,-610,antigo
2014,1,74,-7,antigo
2014,1,75,23,antigo
2014,1,77,2390,antigo
2014,1,78,1014,antigo
2014,1,79,-213,antigo
2014,1,80,1134,antigo
2014,1,81,2625,antigo
2014,1,82,29,antigo
2014,1,84,1166,antigo
2014,1,85,4131,antigo
2014,1,86,7415,antigo
2014,1,87,183,antigo
2014,1,88,24,antigo
2014,1,90,40,antigo
2014,1,91,52,antigo
2014,1,92,2,antigo
2014,1,93,1542,antigo
2014,1,94,1274,antigo
2014,1,95,439,antigo
2014,1,96,-598,antigo
2014,1,97,10,antigo
2014,1,99,-5,antigo
2014,2,01,5799,antigo
2014,2,02,-12,antigo
2014,2,03,8,antigo
2014,2,05,40,antigo
2014,2,06,1,antigo
2014,2,07,-75,antigo
2014,2,08,651,antigo
2014,2,09,90,antigo
2014,2,10,8975,antigo
2014,2,11,201,antigo
2014,2,12,4256,antigo
2014,2,13,2540,antigo
2014,2,14,3573,antigo
2014,2,15,8325,antigo
2014,2,16,1075,antigo
2014,2,17,709,antigo
2014,2,18,-269,antigo
2014,2,19,1997,antigo
2014,2,20,1233,antigo
2014,2,21,849,antigo
2014,2,22,3313,antigo
2014,2,23,1306,antigo
2014,2,24,756,antigo
2014,2,25,1862,antigo
2014,2,26,777,antigo
2014,2,27,934,antigo
2014,2,28,2502,antigo
2014,2,29,-630,antigo
2014,2,30,97,antigo
2014,2,31,734,antigo
2014,2,32,689,antigo
2014,2,33,2488,antigo
2014,2,35,-78,antigo
2014,2,36,241,antigo
2014,2,37,-51,antigo
2014,2,38,1820,antigo
2014,2,39,-57,antigo
2014,2,41,15113,antigo
2014,2,42,5440,antigo
2014,2,43,7064,antigo
2014,2,45,4738,antigo
2014,2,46,11373,antigo
2014,2,47,4883,antigo
2014,2,49,9522,antigo
2014,2,50,161,antigo
2014,2,51,550,antigo
2014,2,52,2434,antigo
2014,2,53,213,antigo
2014,2,55,1521,antigo
2014,2,56,9335,antigo
2014,2,58,51,antigo
2014,2,59,-246,antigo
2014,2,60,203,antigo
2014,2,61,2982,antigo
2014,2,62,885,antigo
2014,2,63,521,antigo
2014,2,64,663,antigo
2014,2,65,626,antigo
2014,2,66,387,antigo
2014,2,68,1205,antigo
2014,2,69,1239,antigo
2014,2,70,-438,antigo
2014,2,71,2150,antigo
2014,2,72,130,antigo
2014,2,73,27,antigo
2014,2,74,-218,antigo
2014,2,75,30,antigo
2014,2,77,2155,antigo
2014,2,78,7731,antigo
2014,2,79,268,antigo
2014,2,80,4390,antigo
2014,2,81,11302,antigo
2014,2,82,11223,antigo
2014,2,84,12693,antigo
2014,2,85,49517,antigo
2014,2,86,7860,antigo
2014,2,87,1007,antigo
2014,2,88,2164,antigo
2014,2,90,-67,antigo
2014,2,91,53,antigo
2014,2,92,-7,antigo
2014,2,93,1316,antigo
2014,2,94,8483,antigo
2014,2,95,761,antigo
2014,2,96,599,antigo
2014,2,97,9,antigo
2014,2,99,153,antigo
2014,3,01,-6241,antigo
2014,3,02,-35,antigo
2014,3,03,819,antigo
2014,3,05,35,antigo
2014,3,06,-60,antigo
2014,3,07,51,antigo
2014,3,08,-86,antigo
2014,3,09,-38,antigo
2014,3,10,-6609,antigo
2014,3,11,-426,antigo
2014,3,12,4067,antigo
2014,3,13,1563,antigo
2014,3,14,594,antigo
2014,3,15,4244,antigo
2014,3,16,-1135,antigo
2014,3,17,226,antigo
2014,3,18,-438,antigo
2014,3,19,1945,antigo
2014,3,20,330,antigo
2014,3,21,511,antigo
2014,3,22,434,antigo
2014,3,23,-1236,antigo
2014,3,24,-385,antigo
2014,3,25,-1122,antigo
2014,3,26,508,antigo
2014,3,27,288,antigo
2014,3,28,471,antigo
2014,3,29,-1464,antigo
2014,3,30,1365,antigo
2014,3,31,158,antigo
2014,3,32,136,antigo
2014,3,33,1038,antigo
2014,3,35,12,antigo
2014,3,36,-22,antigo
2014,3,37,190,antigo
2014,3,38,225,antigo
2014,3,39,-5,antigo
2014,3,41,-8527,antigo
2014,3,42,5564,antigo
2014,3,43,-445,antigo
2014,3,45,-1027,antigo
2014,3,46,3389,antigo
2014,3,47,-28707,antigo
2014,3,49,10078,antigo
2014,3,50,49,antigo
2014,3,51,233,antigo
2014,3,52,312,antigo
2014,3,53,-631,antigo
2014,3,55,-2840,antigo
2014,3,56,-5978,antigo
2014,3,58,-232,antigo
2014,3,59,-386,antigo
2014,3,60,114,antigo
2014,3,61,1013,antigo
2014,3,62,503,antigo
2014,3,63,1239,antigo
2014,3,64,869,antigo
2014,3,65,522,antigo
2014,3,66,128,antigo
2014,3,68,447,antigo
2014,3,69,461,antigo
2014,3,70,-803,antigo
2014,3,71,-177,antigo
2014,3,72,237,antigo
2014,3,73,-740,antigo
2014,3,74,29,antigo
2014,3,75,43,antigo
2014,3,77,1458,antigo
2014,3,78,-575,antigo
2014,3,79,-118,antigo
2014,3,80,797,antigo
2014,3,81,2400,antigo
2014,3,82,1435,antigo
2014,3,84,3495,antigo
2014,3,85,18779,antigo
2014,3,86,8238,antigo
2014,3,87,759,antigo
2014,3,88,483,antigo
2014,3,90,9,antigo
2014,3,91,14,antigo
2014,3,92,-3,antigo
2014,3,93,-930,antigo
2014,3,94,2628,antigo
2014,3,95,19,antigo
2014,3,96,-318,antigo
2014,3,97,-80,antigo
2014,3,99,-18,antigo
2014,4,01,13888,antigo
2014,4,02,81,antigo
2014,4,03,-92,antigo
2014,4,05,83,antigo
2014,4,06,-86,antigo
2014,4,07,0,antigo
2014,4,08,437,antigo
2014,4,09,159,antigo
2014,4,10,-7210,antigo
2014,4,11,-1392,antigo
2014,4,12,1946,antigo
2014,4,13,380,antigo
2014,4,14,1867,antigo
2014,4,15,654,antigo
2014,4,16,420,antigo
2014,4,17,106,antigo
2014,4,18,139,antigo
2014,4,19,4856,antigo
2014,4,20,1428,antigo
2014,4,21,265,antigo
2014,4,22,-102,antigo
2014,4,23,46,antigo
2014,4,24,-183,antigo
2014,4,25,-1608,antigo
2014,4,26,-388,antigo
2014,4,27,-282,antigo
2014,4,28,-2539,antigo
2014,4,29,-4148,antigo
2014,4,30,882,antigo
2014,4,31,251,antigo
2014,4,32,1073,antigo
2014,4,33,-2183,antigo
2014,4,35,-23,antigo
2014,4,36,-267,antigo
2014,4,37,320,antigo
2014,4,38,1170,antigo
2014,4,39,27,antigo
2014,4,41,3950,antigo
2014,4,42,-3800,antigo
2014,4,43,4494,antigo
2014,4,45,352,antigo
2014,4,46,3368,antigo
2014,4,47,13495,antigo
2014,4,49,18366,antigo
2014,4,50,239,antigo
2014,4,51,294,antigo
2014,4,52,-838,antigo
2014,4,53,1037,antigo
2014,4,55,-89,antigo
2014,4,56,4607,antigo
2014,4,58,137,antigo
2014,4,59,529,antigo
2014,4,60,236,antigo
2014,4,61,471,antigo
2014,4,62,1690,antigo
2014,4,63,963,antigo
2014,4,64,128,antigo
2014,4,65,395,antigo
2014,4,66,382,antigo
2014,4,68,1154,antigo
2014,4,69,978,antigo
2014,4,70,-1356,antigo
2014,4,71,-282,antigo
2014,4,72,-15,antigo
2014,4,73,780,antigo
2014,4,74,436,antigo
2014,4,75,82,antigo
2014,4,77,609,antigo
2014,4,78,-1430,antigo
2014,4,79,223,antigo
2014,4,80,2719,antigo
2014,4,81,2859,antigo
2014,4,82,4970,antigo
2014,4,84,3479,antigo
2014,4,85,12378,antigo
2014,4,86,10629,antigo
2014,4,87,976,antigo
2014,4,88,583,antigo
2014,4,90,-24,antigo
2014,4,91,21,antigo
2014,4,92,6,antigo
2014,4,93,64,antigo
2014,4,94,4607,antigo
2014,4,95,83,antigo
2014,4,96,271,antigo
2014,4,97,15,antigo
2014,4,99,188,antigo
2014,5,01,43916,antigo
2014,5,02,161,antigo
2014,5,03,-206,antigo
2014,5,05,39,antigo
2014,5,06,-521,antigo
2014,5,07,210,antigo
2014,5,08,276,antigo
2014,5,09,33,antigo
2014,5,10,-3307,antigo
2014,5,11,-1886,antigo
2014,5,12,457,antigo
2014,5,13,332,antigo
2014,5,14,-693,antigo
2014,5,15,-4285,antigo
2014,5,16,-400,antigo
2014,5,17,72,antigo
2014,5,18,-561,antigo
2014,5,19,3523,antigo
2014,5,20,1026,antigo
2014,5,21,431,antigo
2014,5,22,-2053,antigo
2014,5,23,-839,antigo
2014,5,24,-1366,antigo
2014,5,25,-2924,antigo
2014,5,26,-2079,antigo
2014,5,27,-1529,antigo
2014,5,28,-4878,antigo
2014,5,29,-6449,antigo
2014,5,30,247,antigo
2014,5,31,-1456,antigo
2014,5,32,-30,antigo
2014,5,33,115,antigo
2014,5,35,28,antigo
2014,5,36,164,antigo
2014,5,37,-117,antigo
2014,5,38,209,antigo
2014,5,39,15,antigo
2014,5,41,-2429,antigo
2014,5,42,2803,antigo
2014,5,43,1675,antigo
2014,5,45,-777,antigo
2014,5,46,146,antigo
2014,5,47,-237,antigo
2014,5,49,3656,antigo
2014,5,50,-36,antigo
2014,5,51,286,antigo
2014,5,52,728,antigo
2014,5,53,237,antigo
2014,5,55,387,antigo
2014,5,56,1352,antigo
2014,5,58,-327,antigo
2014,5,59,110,antigo
2014,5,60,192,antigo
2014,5,61,1592,antigo
2014,5,62,1943,antigo
2014,5,63,848,antigo
2014,5,64,83,antigo
2014,5,65,793,antigo
2014,5,66,6,antigo
2014,5,68,1359,antigo
2014,5,69,523,antigo
2014,5,70,-1187,antigo
2014,5,71,-1257,antigo
2014,5,72,264,antigo
2014,5,73,-176,antigo
2014,5,74,-513,antigo
2014,5,75,-12,antigo
2014,5,77,-1195,antigo
2014,5,78,2884,antigo
2014,5,79,44,antigo
2014,5,80,253,antigo
2014,5,81,6810,antigo
2014,5,82,-2171,antigo
2014,5,84,2177,antigo
2014,5,85,9464,antigo
2014,5,86,8806,antigo
2014,5,87,645,antigo
2014,5,88,403,antigo
2014,5,90,116,antigo
2014,5,91,-43,antigo
2014,5,92,4,antigo
2014,5,93,-47,antigo
2014,5,94,2642,antigo
2014,5,95,202,antigo
2014,5,96,69,antigo
2014,5,97,76,antigo
2014,5,99,-10,antigo
2014,6,01,40082,antigo
2014,6,02,162,antigo
2014,6,03,504,antigo
2014,6,05,0,antigo
2014,6,06,-531,antigo
2014,6,07,82,antigo
2014,6,08,394,antigo
2014,6,09,-149,antigo
2014,6,10,673,antigo
2014,6,11,-299,antigo
2014,6,12,-851,antigo
2014,6,13,-280,antigo
2014,6,14,-1639,antigo
2014,6,15,-3284,antigo
2014,6,16,-621,antigo
2014,6,17,30,antigo
2014,6,18,-200,antigo
2014,6,19,539,antigo
2014,6,20,-74,antigo
2014,6,21,88,antigo
2014,6,22,-1776,antigo
2014,6,23,-993,antigo
2014,6,24,-1385,antigo
2014,6,25,-2821,antigo
2014,6,26,-1287,antigo
2014,6,27,-1859,antigo
2014,6,28,-2481,antigo
2014,6,29,-5928,antigo
2014,6,30,-358,antigo
2014,6,31,-2084,antigo
2014,6,32,-378,antigo
2014,6,33,-560,antigo
2014,6,35,297,antigo
2014,6,36,192,antigo
2014,6,37,9,antigo
2014,6,38,-666,antigo
2014,6,39,6,antigo
2014,6,41,-7773,antigo
2014,6,42,-3972,antigo
2014,6,43,-1798,antigo
2014,6,45,-1605,antigo
2014,6,46,30,antigo
2014,6,47,-5334,antigo
2014,6,49,753,antigo
2014,6,50,220,antigo
2014,6,51,250,antigo
2014,6,52,460,antigo
2014,6,53,107,antigo
2014,6,55,401,antigo
2014,6,56,1624,antigo
2014,6,58,-286,antigo
2014,6,59,102,antigo
2014,6,60,174,antigo
2014,6,61,126,antigo
2014,6,62,239,antigo
2014,6,63,107,antigo
2014,6,64,1071,antigo
2014,6,65,641,antigo
2014,6,66,325,antigo
2014,6,68,1690,antigo
2014,6,69,691,antigo
2014,6,70,77,antigo
2014,6,71,-166,antigo
2014,6,72,176,antigo
2014,6,73,577,antigo
2014,6,74,389,antigo
2014,6,75,21,antigo
2014,6,77,-353,antigo
2014,6,78,1859,antigo
2014,6,79,-41,antigo
2014,6,80,5013,antigo
2014,6,81,7102,antigo
2014,6,82,2415,antigo
2014,6,84,1578,antigo
2014,6,85,-8142,antigo
2014,6,86,9756,antigo
2014,6,87,527,antigo
2014,6,88,758,antigo
2014,6,90,155,antigo
2014,6,91,6,antigo
2014,6,92,2,antigo
2014,6,93,308,antigo
2014,6,94,2486,antigo
2014,6,95,-117,antigo
2014,6,96,28,antigo
2014,6,97,75,antigo
2014,6,99,77,antigo
2014,7,01,9964,antigo
2014,7,02,-78,antigo
2014,7,03,16,antigo
2014,7,05,-35,antigo
2014,7,06,-123,antigo
2014,7,07,239,antigo
2014,7,08,-3,antigo
2014,7,09,2,antigo
2014,7,10,4176,antigo
2014,7,11,-525,antigo
2014,7,12,-2161,antigo
2014,7,13,-105,antigo
2014,7,14,-365,antigo
2014,7,15,-1381,antigo
2014,7,16,373,antigo
2014,7,17,613,antigo
2014,7,18,-335,antigo
2014,7,19,820,antigo
2014,7,20,348,antigo
2014,7,21,512,antigo
2014,7,22,-1584,antigo
2014,7,23,-1133,antigo
2014,7,24,-1094,antigo
2014,7,25,-2816,antigo
2014,7,26,-1928,antigo
2014,7,27,-779,antigo
2014,7,28,-1774,antigo
2014,7,29,-4825,antigo
2014,7,30,-381,antigo
2014,7,31,-2029,antigo
2014,7,32,-299,antigo
2014,7,33,1556,antigo
2014,7,35,93,antigo
2014,7,36,-128,antigo
2014,7,37,132,antigo
2014,7,38,525,antigo
2014,7,39,10,antigo
2014,7,41,1100,antigo
2014,7,42,-1047,antigo
2014,7,43,2513,antigo
2014,7,45,-2003,antigo
2014,7,46,1370,antigo
2014,7,47,1552,antigo
2014,7,49,3538,antigo
2014,7,50,70,antigo
2014,7,51,222,antigo
2014,7,52,802,antigo
2014,7,53,1904,antigo
2014,7,55,-1435,antigo
2014,7,56,-2230,antigo
2014,7,58,-269,antigo
2014,7,59,117,antigo
2014,7,60,23,antigo
2014,7,61,-275,antigo
2014,7,62,1166,antigo
2014,7,63,-132,antigo
2014,7,64,906,antigo
2014,7,65,418,antigo
2014,7,66,178,antigo
2014,7,68,465,antigo
2014,7,69,2283,antigo
2014,7,70,844,antigo
2014,7,71,247,antigo
2014,7,72,10,antigo
2014,7,73,-975,antigo
2014,7,74,339,antigo
2014,7,75,34,antigo
2014,7,77,-438,antigo
2014,7,78,-1383,antigo
2014,7,79,-275,antigo
2014,7,80,-1592,antigo
2014,7,81,3560,antigo
2014,7,82,-1922,antigo
2014,7,84,1167,antigo
2014,7,85,-2991,antigo
2014,7,86,8079,antigo
2014,7,87,516,antigo
2014,7,88,658,antigo
2014,7,90,-319,antigo
2014,7,91,62,antigo
2014,7,92,-6,antigo
2014,7,93,-31,antigo
2014,7,94,-132,antigo
2014,7,95,-54,antigo
2014,7,96,-216,antigo
2014,7,97,-64,antigo
2014,7,99,-56,antigo
2014,8,01,-9596,antigo
2014,8,02,-549,antigo
2014,8,03,320,antigo
2014,8,05,-24,antigo
2014,8,06,-31,antigo
2014,8,07,86,antigo
2014,8,08,194,antigo
2014,8,09,108,antigo
2014,8,10,12916,antigo
2014,8,11,39,antigo
2014,8,12,-3303,antigo
2014,8,13,-211,antigo
2014,8,14,625,antigo
2014,8,15,-4212,antigo
2014,8,16,420,antigo
2014,8,17,604,antigo
2014,8,18,267,antigo
2014,8,19,1827,antigo
2014,8,20,-90,antigo
2014,8,21,245,antigo
2014,8,22,-1056,antigo
2014,8,23,108,antigo
2014,8,24,-1355,antigo
2014,8,25,-2624,antigo
2014,8,26,-1226,antigo
2014,8,27,-1226,antigo
2014,8,28,-2120,antigo
2014,8,29,-5510,antigo
2014,8,30,-509,antigo
2014,8,31,546,antigo
2014,8,32,110,antigo
2014,8,33,928,antigo
2014,8,35,86,antigo
2014,8,36,545,antigo
2014,8,37,36,antigo
2014,8,38,-511,antigo
2014,8,39,-5,antigo
2014,8,41,-903,antigo
2014,8,42,-597,antigo
2014,8,43,3941,antigo
2014,8,45,1423,antigo
2014,8,46,6046,antigo
2014,8,47,34535,antigo
2014,8,49,3031,antigo
2014,8,50,282,antigo
2014,8,51,-123,antigo
2014,8,52,2331,antigo
2014,8,53,-1212,antigo
2014,8,55,559,antigo
2014,8,56,7619,antigo
2014,8,58,-238,antigo
2014,8,59,-29,antigo
2014,8,60,205,antigo
2014,8,61,1422,antigo
2014,8,62,3640,antigo
2014,8,63,41,antigo
2014,8,64,1408,antigo
2014,8,65,328,antigo
2014,8,66,272,antigo
2014,8,68,545,antigo
2014,8,69,913,antigo
2014,8,70,348,antigo
2014,8,71,340,antigo
2014,8,72,-11,antigo
2014,8,73,260,antigo
2014,8,74,52,antigo
2014,8,75,41,antigo
2014,8,77,1224,antigo
2014,8,78,1821,antigo
2014,8,79,-42,antigo
2014,8,80,661,antigo
2014,8,81,3415,antigo
2014,8,82,107,antigo
2014,8,84,652,antigo
2014,8,85,23108,antigo
2014,8,86,10237,antigo
2014,8,87,761,antigo
2014,8,88,1007,antigo
2014,8,90,-109,antigo
2014,8,91,25,antigo
2014,8,92,-3,antigo
2014,8,93,780,antigo
2014,8,94,3413,antigo
2014,8,95,658,antigo
2014,8,96,1063,antigo
2014,8,97,305,antigo
2014,8,99,21,antigo
2014,9,01,-9492,antigo
2014,9,02,596,antigo
2014,9,03,-24,antigo
2014,9,05,-23,antigo
2014,9,06,-69,antigo
2014,9,07,-44,antigo
2014,9,08,-121,antigo
2014,9,09,-97,antigo
2014,9,10,26289,antigo
2014,9,11,1617,antigo
2014,9,12,-3258,antigo
2014,9,13,201,antigo
2014,9,14,1876,antigo
2014,9,15,-2288,antigo
2014,9,16,499,antigo
2014,9,17,592,antigo
2014,9,18,232,antigo
2014,9,19,-50,antigo
2014,9,20,478,antigo
2014,9,21,368,antigo
2014,9,22,1475,antigo
2014,9,23,1307,antigo
2014,9,24,-1407,antigo
2014,9,25,-615,antigo
2014,9,26,-816,antigo
2014,9,27,-128,antigo
2014,9,28,-1951,antigo
2014,9,29,-3172,antigo
2014,9,30,-185,antigo
2014,9,31,770,antigo
2014,9,32,839,antigo
2014,9,33,2550,antigo
2014,9,35,130,antigo
2014,9,36,69,antigo
2014,9,37,285,antigo
2014,9,38,-69,antigo
2014,9,39,-3,antigo
2014,9,41,685,antigo
2014,9,42,3075,antigo
2014,9,43,5564,antigo
2014,9,45,2334,antigo
2014,9,46,7241,antigo
2014,9,47,28480,antigo
2014,9,49,3702,antigo
2014,9,50,177,antigo
2014,9,51,76,antigo
2014,9,52,1449,antigo
2014,9,53,-1413,antigo
2014,9,55,1277,antigo
2014,9,56,7596,antigo
2014,9,58,-294,antigo
2014,9,59,-178,antigo
2014,9,60,293,antigo
2014,9,61,708,antigo
2014,9,62,7691,antigo
2014,9,63,-1177,antigo
2014,9,64,944,antigo
2014,9,65,538,antigo
2014,9,66,245,antigo
2014,9,68,267,antigo
2014,9,69,1865,antigo
2014,9,70,839,antigo
2014,9,71,617,antigo
2014,9,72,-52,antigo
2014,9,73,144,antigo
2014,9,74,690,antigo
2014,9,75,80,antigo
2014,9,77,492,antigo
2014,9,78,2530,antigo
2014,9,79,306,antigo
2014,9,80,392,antigo
2014,9,81,1461,antigo
2014,9,82,2195,antigo
2014,9,84,626,antigo
2014,9,85,11332,antigo
2014,9,86,6801,antigo
2014,9,87,725,antigo
2014,9,88,793,antigo
2014,9,90,163,antigo
2014,9,91,-35,antigo
2014,9,92,3,antigo
2014,9,93,1540,antigo
2014,9,94,2125,antigo
2014,9,95,1094,antigo
2014,9,96,1099,antigo
2014,9,97,253,antigo
2014,9,99,66,antigo
2014,10,01,-18732,antigo
2014,10,02,-740,antigo
2014,10,03,-361,antigo
2014,10,05,38,antigo
2014,10,06,91,antigo
2014,10,07,-206,antigo
2014,10,08,-181,antigo
2014,10,09,-201,antigo
2014,10,10,1252,antigo
2014,10,11,765,antigo
2014,10,12,-1367,antigo
2014,10,13,-1273,antigo
2014,10,14,-842,antigo
2014,10,15,-2171,antigo
2014,10,16,-3,antigo
2014,10,17,465,antigo
2014,10,18,40,antigo
2014,10,19,-3207,antigo
2014,10,20,466,antigo
2014,10,21,272,antigo
2014,10,22,721,antigo
2014,10,23,-363,antigo
2014,10,24,-1260,antigo
2014,10,25,-669,antigo
2014,10,26,-1048,antigo
2014,10,27,213,antigo
2014,10,28,-2043,antigo
2014,10,29,-3238,antigo
2014,10,30,-556,antigo
2014,10,31,1058,antigo
2014,10,32,-210,antigo
2014,10,33,837,antigo
2014,10,35,67,antigo
2014,10,36,213,antigo
2014,10,37,250,antigo
2014,10,38,-669,antigo
2014,10,39,-4,antigo
2014,10,41,-11283,antigo
2014,10,42,-21901,antigo
2014,10,43,-2404,antigo
2014,10,45,-1227,antigo
2014,10,46,4013,antigo
2014,10,47,30748,antigo
2014,10,49,2031,antigo
2014,10,50,55,antigo
2014,10,51,358,antigo
2014,10,52,1485,antigo
2014,10,53,-2245,antigo
2014,10,55,733,antigo
2014,10,56,3845,antigo
2014,10,58,-251,antigo
2014,10,59,-247,antigo
2014,10,60,126,antigo
2014,10,61,1557,antigo
2014,10,62,-8540,antigo
2014,10,63,-1077,antigo
2014,10,64,362,antigo
2014,10,65,457,antigo
2014,10,66,17,antigo
2014,10,68,-81,antigo
2014,10,69,366,antigo
2014,10,70,693,antigo
2014,10,71,-2508,antigo
2014,10,72,-67,antigo
2014,10,73,493,antigo
2014,10,74,668,antigo
2014,10,75,38,antigo
2014,10,77,-1048,antigo
2014,10,78,2419,antigo
2014,10,79,6,antigo
2014,10,80,347,antigo
2014,10,81,-5607,antigo
2014,10,82,150,antigo
2014,10,84,177,antigo
2014,10,85,1672,antigo
2014,10,86,5669,antigo
2014,10,87,724,antigo
2014,10,88,773,antigo
2014,10,90,93,antigo
2014,10,91,-31,antigo
2014,10,92,-8,antigo
2014,10,93,658,antigo
2014,10,94,26,antigo
2014,10,95,-497,antigo
2014,10,96,502,antigo
2014,10,97,-37,antigo
2014,10,99,111,antigo
2014,11,01,-31157,antigo
2014,11,02,-1176,antigo
2014,11,03,-104,antigo
2014,11,05,-84,antigo
2014,11,06,-152,antigo
2014,11,07,28,antigo
2014,11,08,-450,antigo
2014,11,09,-305,antigo
2014,11,10,-7528,antigo
2014,11,11,611,antigo
2014,11,12,-1796,antigo
2014,11,13,-2787,antigo
2014,11,14,-4267,antigo
2014,11,15,-5773,antigo
2014,11,16,-687,antigo
2014,11,17,-61,antigo
2014,11,18,-117,antigo
2014,11,19,-5890,antigo
2014,11,20,-1168,antigo
2014,11,21,-85,antigo
2014,11,22,-1245,antigo
2014,11,23,-904,antigo
2014,11,24,-1666,antigo
2014,11,25,-2051,antigo
2014,11,26,-964,antigo
2014,11,27,-1267,antigo
2014,11,28,-3098,antigo
2014,11,29,-2917,antigo
2014,11,30,-308,antigo
2014,11,31,518,antigo
2014,11,32,-1171,antigo
2014,11,33,1577,antigo
2014,11,35,93,antigo
2014,11,36,270,antigo
2014,11,37,-116,antigo
2014,11,38,-475,antigo
2014,11,39,30,antigo
2014,11,41,-16676,antigo
2014,11,42,-25034,antigo
2014,11,43,-7684,antigo
2014,11,45,614,antigo
2014,11,46,5372,antigo
2014,11,47,99594,antigo
2014,11,49,-2015,antigo
2014,11,50,73,antigo
2014,11,51,49,antigo
2014,11,52,1539,antigo
2014,11,53,369,antigo
2014,11,55,1946,antigo
2014,11,56,11744,antigo
2014,11,58,-491,antigo
2014,11,59,282,antigo
2014,11,60,-89,antigo
2014,11,61,1073,antigo
2014,11,62,2270,antigo
2014,11,63,1975,antigo
2014,11,64,-475,antigo
2014,11,65,851,antigo
2014,11,66,496,antigo
2014,11,68,-159,antigo
2014,11,69,445,antigo
2014,11,70,44,antigo
2014,11,71,-5358,antigo
2014,11,72,186,antigo
2014,11,73,489,antigo
2014,11,74,156,antigo
2014,11,75,24,antigo
2014,11,77,-4354,antigo
2014,11,78,2590,antigo
2014,11,79,120,antigo
2014,11,80,1642,antigo
2014,11,81,-1527,antigo
2014,11,82,8058,antigo
2014,11,84,-830,antigo
2014,11,85,-2134,antigo
2014,11,86,5914,antigo
2014,11,87,413,antigo
2014,11,88,750,antigo
2014,11,90,-208,antigo
2014,11,91,80,antigo
2014,11,92,-6,antigo
2014,11,93,1142,antigo
2014,11,94,249,antigo
2014,11,95,132,antigo
2014,11,96,1402,antigo
2014,11,97,20,antigo
2014,11,99,-40,antigo
2014,12,01,-60144,antigo
2014,12,02,-2793,antigo
2014,12,03,-633,antigo
2014,12,05,-33,antigo
2014,12,06,62,antigo
2014,12,07,-1201,antigo
2014,12,08,-1398,antigo
2014,12,09,-363,antigo
2014,12,10,-25906,antigo
2014,12,11,-319,antigo
2014,12,12,-743,antigo
2014,12,13,-7493,antigo
2014,12,14,-21901,antigo
2014,12,15,-21330,antigo
2014,12,16,-4893,antigo
2014,12,17,-2444,antigo
2014,12,18,-1668,antigo
2014,12,19,-12092,antigo
2014,12,20,-3999,antigo
2014,12,21,-946,antigo
2014,12,22,-7063,antigo
2014,12,23,-6559,antigo
2014,12,24,-3498,antigo
2014,12,25,-10256,antigo
2014,12,26,-2973,antigo
2014,12,27,-3663,antigo
2014,12,28,-6880,antigo
2014,12,29,-6776,antigo
2014,12,30,-1519,antigo
2014,12,31,-6110,antigo
2014,12,32,-4038,antigo
2014,12,33,-2533,antigo
2014,12,35,-462,antigo
2014,12,36,28,antigo
2014,12,37,-101,antigo
2014,12,38,-1289,antigo
2014,12,39,4,antigo
2014,12,41,-58374,antigo
2014,12,42,-54374,antigo
2014,12,43,-25945,antigo
2014,12,45,-7288,antigo
2014,12,46,-12037,antigo
2014,12,47,2381,antigo
2014,12,49,-19100,antigo
2014,12,50,269,antigo
2014,12,51,4,antigo
2014,12,52,-842,antigo
2014,12,53,-368,antigo
2014,12,55,1619,antigo
2014,12,56,-6423,antigo
2014,12,58,-1589,antigo
2014,12,59,-70,antigo
2014,12,60,-514,antigo
2014,12,61,1012,antigo
2014,12,62,-674,antigo
2014,12,63,-355,antigo
2014,12,64,-1006,antigo
2014,12,65,-233,antigo
2014,12,66,-189,antigo
2014,12,68,-2297,antigo
2014,12,69,-3330,antigo
2014,12,70,-757,antigo
2014,12,71,-8661,antigo
2014,12,72,-436,antigo
2014,12,73,-1251,antigo
2014,12,74,-800,antigo
2014,12,75,23,antigo
2014,12,77,-4144,antigo
2014,12,78,-8817,antigo
2014,12,79,-653,antigo
2014,12,80,4321,antigo
2014,12,81,2124,antigo
2014,12,82,-3883,antigo
2014,12,84,-20402,antigo
2014,12,85,-61446,antigo
2014,12,86,-2677,antigo
2014,12,87,-1104,antigo
2014,12,88,-3185,antigo
2014,12,90,-465,antigo
2014,12,91,-11,antigo
2014,12,92,-2,antigo
2014,12,93,-1107,antigo
2014,12,94,-16226,antigo
2014,12,95,-822,antigo
2014,12,96,-1116,antigo
2014,12,97,-378,antigo
2014,12,99,15,antigo
2015,1,01,10060,antigo
2015,1,02,-921,antigo
2015,1,03,271,antigo
2015,1,05,-79,antigo
2015,1,06,-67,antigo
2015,1,07,-1210,antigo
2015,1,08,-361,antigo
2015,1,09,-95,antigo
2015,1,10,1695,antigo
2015,1,11,-525,antigo
2015,1,12,2060,antigo
2015,1,13,1051,antigo
2015,1,14,2347,antigo
2015,1,15,8105,antigo
2015,1,16,1177,antigo
2015,1,17,14,antigo
2015,1,18,-148,antigo
2015,1,19,-2330,antigo
2015,1,20,53,antigo
2015,1,21,831,antigo
2015,1,22,2391,antigo
2015,1,23,-208,antigo
2015,1,24,-440,antigo
2015,1,25,3097,antigo
2015,1,26,438,antigo
2015,1,27,747,antigo
2015,1,28,1355,antigo
2015,1,29,1196,antigo
2015,1,30,198,antigo
2015,1,31,1900,antigo
2015,1,32,425,antigo
2015,1,33,2512,antigo
2015,1,35,103,antigo
2015,1,36,186,antigo
2015,1,37,153,antigo
2015,1,38,-211,antigo
2015,1,39,9,antigo
2015,1,41,3617,antigo
2015,1,42,-17601,antigo
2015,1,43,4335,antigo
2015,1,45,-907,antigo
2015,1,46,502,antigo
2015,1,47,-97174,antigo
2015,1,49,-9231,antigo
2015,1,50,65,antigo
2015,1,51,-238,antigo
2015,1,52,-1799,antigo
2015,1,53,-137,antigo
2015,1,55,-307,antigo
2015,1,56,-6260,antigo
2015,1,58,-356,antigo
2015,1,59,56,antigo
2015,1,60,-104,antigo
2015,1,61,-390,antigo
2015,1,62,1128,antigo
2015,1,63,176,antigo
2015,1,64,1319,antigo
2015,1,65,-23,antigo
2015,1,66,551,antigo
2015,1,68,444,antigo
2015,1,69,4147,antigo
2015,1,70,232,antigo
2015,1,71,-1951,antigo
2015,1,72,-16,antigo
2015,1,73,269,antigo
2015,1,74,85,antigo
2015,1,75,72,antigo
2015,1,77,-464,antigo
2015,1,78,-2761,antigo
2015,1,79,-127,antigo
2015,1,80,-433,antigo
2015,1,81,1742,antigo
2015,1,82,867,antigo
2015,1,84,-2385,antigo
2015,1,85,1839,antigo
2015,1,86,3671,antigo
2015,1,87,350,antigo
2015,1,88,-265,antigo
2015,1,90,-152,antigo
2015,1,91,38,antigo
2015,1,92,-2,antigo
2015,1,93,972,antigo
2015,1,94,137,antigo
2015,1,95,-386,antigo
2015,1,96,-860,antigo
2015,1,97,-148,antigo
2015,1,99,310,antigo
2015,2,01,-9136,antigo
2015,2,02,-813,antigo
2015,2,03,405,antigo
2015,2,05,-54,antigo
2015,2,06,-139,antigo
2015,2,07,-377,antigo
2015,2,08,-431,antigo
2015,2,09,-464,antigo
2015,2,10,2355,antigo
2015,2,11,-346,antigo
2015,2,12,2859,antigo
2015,2,13,1122,antigo
2015,2,14,-1107,antigo
2015,2,15,5285,antigo
2015,2,16,69,antigo
2015,2,17,583,antigo
2015,2,18,-575,antigo
2015,2,19,-2121,antigo
2015,2,20,-328,antigo
2015,2,21,767,antigo
2015,2,22,1429,antigo
2015,2,23,-476,antigo
2015,2,24,-512,antigo
2015,2,25,-719,antigo
2015,2,26,199,antigo
2015,2,27,-575,antigo
2015,2,28,-1040,antigo
2015,2,29,-3242,antigo
2015,2,30,-595,antigo
2015,2,31,24,antigo
2015,2,32,-206,antigo
2015,2,33,-680,antigo
2015,2,35,366,antigo
2015,2,36,-133,antigo
2015,2,37,-71,antigo
2015,2,38,-575,antigo
2015,2,39,-10,antigo
2015,2,41,-9625,antigo
2015,2,42,-12472,antigo
2015,2,43,-4720,antigo
2015,2,45,-913,antigo
2015,2,46,3452,antigo
2015,2,47,-32545,antigo
2015,2,49,646,antigo
2015,2,50,-204,antigo
2015,2,51,-281,antigo
2015,2,52,172,antigo
2015,2,53,-195,antigo
2015,2,55,-1422,antigo
2015,2,56,-1230,antigo
2015,2,58,-192,antigo
2015,2,59,-61,antigo
2015,2,60,-180,antigo
2015,2,61,449,antigo
2015,2,62,-6,antigo
2015,2,63,-14,antigo
2015,2,64,95,antigo
2015,2,65,30,antigo
2015,2,66,96,antigo
2015,2,68,194,antigo
2015,2,69,140,antigo
2015,2,70,-209,antigo
2015,2,71,-4050,antigo
2015,2,72,-292,antigo
2015,2,73,-127,antigo
2015,2,74,-322,antigo
2015,2,75,90,antigo
2015,2,77,-366,antigo
2015,2,78,-2801,antigo
2015,2,79,-559,antigo
2015,2,80,15,antigo
2015,2,81,3338,antigo
2015,2,82,11101,antigo
2015,2,84,10529,antigo
2015,2,85,39224,antigo
2015,2,86,2714,antigo
2015,2,87,732,antigo
2015,2,88,1131,antigo
2015,2,90,-28,antigo
2015,2,91,7,antigo
2015,2,92,-6,antigo
2015,2,93,278,antigo
2015,2,94,5376,antigo
2015,2,95,-346,antigo
2015,2,96,-249,antigo
2015,2,97,-57,antigo
2015,2,99,510,antigo
2015,3,01,-5448,antigo
2015,3,02,-1338,antigo
2015,3,03,255,antigo
2015,3,05,19,antigo
2015,3,06,-183,antigo
2015,3,07,-871,antigo
2015,3,08,-639,antigo
2015,3,09,-165,antigo
2015,3,10,-3372,antigo
2015,3,11,-1740,antigo
2015,3,12,5053,antigo
2015,3,13,-604,antigo
2015,3,14,1109,antigo
2015,3,15,2391,antigo
2015,3,16,-165,antigo
2015,3,17,-150,antigo
2015,3,18,-525,antigo
2015,3,19,2933,antigo
2015,3,20,-196,antigo
2015,3,21,397,antigo
2015,3,22,-1479,antigo
2015,3,23,-858,antigo
2015,3,24,-745,antigo
2015,3,25,-3129,antigo
2015,3,26,-1657,antigo
2015,3,27,-1433,antigo
2015,3,28,-3300,antigo
2015,3,29,-5367,antigo
2015,3,30,651,antigo
2015,3,31,-22,antigo
2015,3,32,-457,antigo
2015,3,33,-2163,antigo
2015,3,35,495,antigo
2015,3,36,-191,antigo
2015,3,37,-17,antigo
2015,3,38,316,antigo
2015,3,39,35,antigo
2015,3,41,-10523,antigo
2015,3,42,-9768,antigo
2015,3,43,1183,antigo
2015,3,45,-2228,antigo
2015,3,46,3746,antigo
2015,3,47,1497,antigo
2015,3,49,8325,antigo
2015,3,50,85,antigo
2015,3,51,107,antigo
2015,3,52,249,antigo
2015,3,53,-405,antigo
2015,3,55,-1302,antigo
2015,3,56,452,antigo
2015,3,58,-445,antigo
2015,3,59,131,antigo
2015,3,60,-201,antigo
2015,3,61,-344,antigo
2015,3,62,977,antigo
2015,3,63,269,antigo
2015,3,64,-612,antigo
2015,3,65,746,antigo
2015,3,66,825,antigo
2015,3,68,769,antigo
2015,3,69,1931,antigo
2015,3,70,159,antigo
2015,3,71,-3552,antigo
2015,3,72,461,antigo
2015,3,73,128,antigo
2015,3,74,-221,antigo
2015,3,75,121,antigo
2015,3,77,616,antigo
2015,3,78,2261,antigo
2015,3,79,-2,antigo
2015,3,80,-1657,antigo
2015,3,81,1675,antigo
2015,3,82,10443,antigo
2015,3,84,3025,antigo
2015,3,85,18863,antigo
2015,3,86,8179,antigo
2015,3,87,962,antigo
2015,3,88,1238,antigo
2015,3,90,-94,antigo
2015,3,91,-26,antigo
2015,3,92,12,antigo
2015,3,93,679,antigo
2015,3,94,2667,antigo
2015,3,95,168,antigo
2015,3,96,238,antigo
2015,3,97,43,antigo
2015,3,99,-8,antigo
2015,4,01,9111,antigo
2015,4,02,-416,antigo
2015,4,03,-138,antigo
2015,4,05,-20,antigo
2015,4,06,-119,antigo
2015,4,07,-522,antigo
2015,4,08,-144,antigo
2015,4,09,-304,antigo
2015,4,10,-10188,antigo
2015,4,11,-2035,antigo
2015,4,12,1403,antigo
2015,4,13,-1063,antigo
2015,4,14,-3905,antigo
2015,4,15,-2466,antigo
2015,4,16,396,antigo
2015,4,17,-556,antigo
2015,4,18,-723,antigo
2015,4,19,6495,antigo
2015,4,20,-591,antigo
2015,4,21,38,antigo
2015,4,22,-3477,antigo
2015,4,23,-929,antigo
2015,4,24,-1865,antigo
2015,4,25,-6775,antigo
2015,4,26,-2697,antigo
2015,4,27,-2154,antigo
2015,4,28,-5630,antigo
2015,4,29,-7661,antigo
2015,4,30,-1328,antigo
2015,4,31,-1553,antigo
2015,4,32,-741,antigo
2015,4,33,-4279,antigo
2015,4,35,747,antigo
2015,4,36,-151,antigo
2015,4,37,-272,antigo
2015,4,38,-361,antigo
2015,4,39,-5,antigo
2015,4,41,-9102,antigo
2015,4,42,-12114,antigo
2015,4,43,-2799,antigo
2015,4,45,-3810,antigo
2015,4,46,-6301,antigo
2015,4,47,-10916,antigo
2015,4,49,8031,antigo
2015,4,50,-520,antigo
2015,4,51,-210,antigo
2015,4,52,-2359,antigo
2015,4,53,-649,antigo
2015,4,55,-313,antigo
2015,4,56,-4797,antigo
2015,4,58,-663,antigo
2015,4,59,638,antigo
2015,4,60,-322,antigo
2015,4,61,-1396,antigo
2015,4,62,462,antigo
2015,4,63,893,antigo
2015,4,64,-494,antigo
2015,4,65,623,antigo
2015,4,66,413,antigo
2015,4,68,638,antigo
2015,4,69,669,antigo
2015,4,70,205,antigo
2015,4,71,-1659,antigo
2015,4,72,-121,antigo
2015,4,73,481,antigo
2015,4,74,-48,antigo
2015,4,75,95,antigo
2015,4,77,-926,antigo
2015,4,78,-11001,antigo
2015,4,79,-154,antigo
2015,4,80,-2350,antigo
2015,4,81,-4235,antigo
2015,4,82,-5337,antigo
2015,4,84,-48,antigo
2015,4,85,6762,antigo
2015,4,86,5942,antigo
2015,4,87,637,antigo
2015,4,88,1128,antigo
2015,4,90,110,antigo
2015,4,91,37,antigo
2015,4,92,9,antigo
2015,4,93,-167,antigo
2015,4,94,2052,antigo
2015,4,95,153,antigo
2015,4,96,-105,antigo
2015,4,97,-3,antigo
2015,4,99,-9,antigo
2015,5,01,27870,antigo
2015,5,02,593,antigo
2015,5,03,-111,antigo
2015,5,05,-35,antigo
2015,5,06,-370,antigo
2015,5,07,-548,antigo
2015,5,08,-145,antigo
2015,5,09,54,antigo
2015,5,10,-7100,antigo
2015,5,11,-855,antigo
2015,5,12,112,antigo
2015,5,13,-2720,antigo
2015,5,14,-3397,antigo
2015,5,15,-5591,antigo
2015,5,16,-1055,antigo
2015,5,17,-719,antigo
2015,5,18,-779,antigo
2015,5,19,766,antigo
2015,5,20,-451,antigo
2015,5,21,165,antigo
2015,5,22,-3442,antigo
2015,5,23,-1762,antigo
2015,5,24,-2582,antigo
2015,5,25,-5492,antigo
2015,5,26,-3971,antigo
2015,5,27,-2603,antigo
2015,5,28,-5284,antigo
2015,5,29,-6552,antigo
2015,5,30,-1023,antigo
2015,5,31,-3390,antigo
2015,5,32,-264,antigo
2015,5,33,-1872,antigo
2015,5,35,694,antigo
2015,5,36,-177,antigo
2015,5,37,-443,antigo
2015,5,38,-256,antigo
2015,5,39,45,antigo
2015,5,41,-16953,antigo
2015,5,42,-9723,antigo
2015,5,43,-5583,antigo
2015,5,45,-4698,antigo
2015,5,46,-4658,antigo
2015,5,47,-9909,antigo
2015,5,49,-1515,antigo
2015,5,50,-223,antigo
2015,5,51,-72,antigo
2015,5,52,-2075,antigo
2015,5,53,-512,antigo
2015,5,55,-1698,antigo
2015,5,56,-3150,antigo
2015,5,58,-480,antigo
2015,5,59,-585,antigo
2015,5,60,-96,antigo
2015,5,61,-945,antigo
2015,5,62,-1019,antigo
2015,5,63,128,antigo
2015,5,64,-330,antigo
2015,5,65,586,antigo
2015,5,66,237,antigo
2015,5,68,86,antigo
2015,5,69,703,antigo
2015,5,70,-327,antigo
2015,5,71,-4611,antigo
2015,5,72,-400,antigo
2015,5,73,-298,antigo
2015,5,74,270,antigo
2015,5,75,81,antigo
2015,5,77,-1357,antigo
2015,5,78,-5613,antigo
2015,5,79,-678,antigo
2015,5,80,-3177,antigo
2015,5,81,-3353,antigo
2015,5,82,-9281,antigo
2015,5,84,-31,antigo
2015,5,85,3688,antigo
2015,5,86,1241,antigo
2015,5,87,490,antigo
2015,5,88,1028,antigo
2015,5,90,-37,antigo
2015,5,91,26,antigo
2015,5,92,3,antigo
2015,5,93,-289,antigo
2015,5,94,2225,antigo
2015,5,95,-147,antigo
2015,5,96,-45,antigo
2015,5,97,35,antigo
2015,5,99,132,antigo
2015,6,01,44604,antigo
2015,6,02,31,antigo
2015,6,03,30,antigo
2015,6,05,-263,antigo
2015,6,06,-53,antigo
2015,6,07,-338,antigo
2015,6,08,-29,antigo
2015,6,09,-487,antigo
2015,6,10,-1223,antigo
2015,6,11,-489,antigo
2015,6,12,-785,antigo
2015,6,13,-3258,antigo
2015,6,14,-4922,antigo
2015,6,15,-2774,antigo
2015,6,16,-661,antigo
2015,6,17,-749,antigo
2015,6,18,-928,antigo
2015,6,19,1685,antigo
2015,6,20,-1175,antigo
2015,6,21,173,antigo
2015,6,22,-6138,antigo
2015,6,23,-2430,antigo
2015,6,24,-2727,antigo
2015,6,25,-6703,antigo
2015,6,26,-3431,antigo
2015,6,27,-4272,antigo
2015,6,28,-5763,antigo
2015,6,29,-7127,antigo
2015,6,30,-1908,antigo
2015,6,31,-4161,antigo
2015,6,32,-623,antigo
2015,6,33,-1461,antigo
2015,6,35,643,antigo
2015,6,36,-448,antigo
2015,6,37,-11,antigo
2015,6,38,-2058,antigo
2015,6,39,28,antigo
2015,6,41,-18160,antigo
2015,6,42,-4496,antigo
2015,6,43,-4433,antigo
2015,6,45,-3979,antigo
2015,6,46,-5041,antigo
2015,6,47,-16450,antigo
2015,6,49,-6206,antigo
2015,6,50,-289,antigo
2015,6,51,-121,antigo
2015,6,52,-2025,antigo
2015,6,53,-579,antigo
2015,6,55,-929,antigo
2015,6,56,289,antigo
2015,6,58,-863,antigo
2015,6,59,222,antigo
2015,6,60,-15,antigo
2015,6,61,-2777,antigo
2015,6,62,-378,antigo
2015,6,63,231,antigo
2015,6,64,478,antigo
2015,6,65,442,antigo
2015,6,66,346,antigo
2015,6,68,198,antigo
2015,6,69,658,antigo
2015,6,70,-277,antigo
2015,6,71,-2956,antigo
2015,6,72,-214,antigo
2015,6,73,-249,antigo
2015,6,74,448,antigo
2015,6,75,109,antigo
2015,6,77,-349,antigo
2015,6,78,4,antigo
2015,6,79,-407,antigo
2015,6,80,-2039,antigo
2015,6,81,-2374,antigo
2015,6,82,-12694,antigo
2015,6,84,-717,antigo
2015,6,85,-10802,antigo
2015,6,86,6329,antigo
2015,6,87,222,antigo
2015,6,88,-773,antigo
2015,6,90,-135,antigo
2015,6,91,-113,antigo
2015,6,92,17,antigo
2015,6,93,162,antigo
2015,6,94,65,antigo
2015,6,95,-396,antigo
2015,6,96,-283,antigo
2015,6,97,167,antigo
2015,6,99,134,antigo
2015,7,01,25502,antigo
2015,7,02,-127,antigo
2015,7,03,-391,antigo
2015,7,05,12,antigo
2015,7,06,-78,antigo
2015,7,07,-246,antigo
2015,7,08,-452,antigo
2015,7,09,-251,antigo
2015,7,10,-3253,antigo
2015,7,11,-69,antigo
2015,7,12,-2973,antigo
2015,7,13,-3914,antigo
2015,7,14,-4256,antigo
2015,7,15,-926,antigo
2015,7,16,-1402,antigo
2015,7,17,-633,antigo
2015,7,18,-769,antigo
2015,7,19,-325,antigo
2015,7,20,-1105,antigo
2015,7,21,261,antigo
2015,7,22,-4958,antigo
2015,7,23,-2986,antigo
2015,7,24,-2173,antigo
2015,7,25,-5098,antigo
2015,7,26,-3700,antigo
2015,7,27,-4679,antigo
2015,7,28,-4995,antigo
2015,7,29,-5922,antigo
2015,7,30,-275,antigo
2015,7,31,-4268,antigo
2015,7,32,-1058,antigo
2015,7,33,-899,antigo
2015,7,35,546,antigo
2015,7,36,-203,antigo
2015,7,37,-363,antigo
2015,7,38,-1073,antigo
2015,7,39,-3,antigo
2015,7,41,-18378,antigo
2015,7,42,-877,antigo
2015,7,43,-6173,antigo
2015,7,45,-5367,antigo
2015,7,46,-4572,antigo
2015,7,47,-24718,antigo
2015,7,49,-9649,antigo
2015,7,50,-488,antigo
2015,7,51,-135,antigo
2015,7,52,-2643,antigo
2015,7,53,-1545,antigo
2015,7,55,-1675,antigo
2015,7,56,-6085,antigo
2015,7,58,-671,antigo
2015,7,59,222,antigo
2015,7,60,-118,antigo
2015,7,61,-1875,antigo
2015,7,62,741,antigo
2015,7,63,-45,antigo
2015,7,64,-2928,antigo
2015,7,65,609,antigo
2015,7,66,102,antigo
2015,7,68,-449,antigo
2015,7,69,1204,antigo
2015,7,70,-1228,antigo
2015,7,71,-1224,antigo
2015,7,72,-80,antigo
2015,7,73,-595,antigo
2015,7,74,-109,antigo
2015,7,75,98,antigo
2015,7,77,-353,antigo
2015,7,78,-2356,antigo
2015,7,79,-309,antigo
2015,7,80,-3185,antigo
2015,7,81,-2696,antigo
2015,7,82,-11336,antigo
2015,7,84,-2022,antigo
2015,7,85,-15201,antigo
2015,7,86,5722,antigo
2015,7,87,497,antigo
2015,7,88,-331,antigo
2015,7,90,-34,antigo
2015,7,91,-43,antigo
2015,7,92,14,antigo
2015,7,93,138,antigo
2015,7,94,-275,antigo
2015,7,95,-395,antigo
2015,7,96,462,antigo
2015,7,97,-41,antigo
2015,7,99,-8,antigo
2015,8,01,-4681,antigo
2015,8,02,542,antigo
2015,8,03,-71,antigo
2015,8,05,-75,antigo
2015,8,06,-33,antigo
2015,8,07,-560,antigo
2015,8,08,-202,antigo
2015,8,09,-359,antigo
2015,8,10,9407,antigo
2015,8,11,-54,antigo
2015,8,12,-4220,antigo
2015,8,13,-4930,antigo
2015,8,14,-4974,antigo
2015,8,15,-750,antigo
2015,8,16,-723,antigo
2015,8,17,-457,antigo
2015,8,18,-511,antigo
2015,8,19,391,antigo
2015,8,20,-755,antigo
2015,8,21,-172,antigo
2015,8,22,-5008,antigo
2015,8,23,-2386,antigo
2015,8,24,-2671,antigo
2015,8,25,-6017,antigo
2015,8,26,-2854,antigo
2015,8,27,-2760,antigo
2015,8,28,-5427,antigo
2015,8,29,-5663,antigo
2015,8,30,-109,antigo
2015,8,31,-2494,antigo
2015,8,32,-618,antigo
2015,8,33,-1270,antigo
2015,8,35,740,antigo
2015,8,36,119,antigo
2015,8,37,-348,antigo
2015,8,38,-1602,antigo
2015,8,39,18,antigo
2015,8,41,-17644,antigo
2015,8,42,-5895,antigo
2015,8,43,-3987,antigo
2015,8,45,-2636,antigo
2015,8,46,-2216,antigo
2015,8,47,-7892,antigo
2015,8,49,-3134,antigo
2015,8,50,-51,antigo
2015,8,51,-298,antigo
2015,8,52,-720,antigo
2015,8,53,1107,antigo
2015,8,55,-535,antigo
2015,8,56,-2048,antigo
2015,8,58,-981,antigo
2015,8,59,-898,antigo
2015,8,60,-57,antigo
2015,8,61,-1320,antigo
2015,8,62,535,antigo
2015,8,63,-802,antigo
2015,8,64,36,antigo
2015,8,65,586,antigo
2015,8,66,266,antigo
2015,8,68,87,antigo
2015,8,69,-134,antigo
2015,8,70,378,antigo
2015,8,71,-2193,antigo
2015,8,72,-157,antigo
2015,8,73,91,antigo
2015,8,74,310,antigo
2015,8,75,111,antigo
2015,8,77,-700,antigo
2015,8,78,-1190,antigo
2015,8,79,-27,antigo
2015,8,80,-2169,antigo
2015,8,81,-1423,antigo
2015,8,82,-6233,antigo
2015,8,84,759,antigo
2015,8,85,17552,antigo
2015,8,86,4420,antigo
2015,8,87,411,antigo
2015,8,88,1095,antigo
2015,8,90,144,antigo
2015,8,91,-43,antigo
2015,8,92,26,antigo
2015,8,93,289,antigo
2015,8,94,2373,antigo
2015,8,95,-346,antigo
2015,8,96,31,antigo
2015,8,97,-83,antigo
2015,8,99,199,antigo
2015,9,01,-3242,antigo
2015,9,02,75,antigo
2015,9,03,-162,antigo
2015,9,05,19,antigo
2015,9,06,-50,antigo
2015,9,07,-289,antigo
2015,9,08,-198,antigo
2015,9,09,-281,antigo
2015,9,10,25246,antigo
2015,9,11,1413,antigo
2015,9,12,-1377,antigo
2015,9,13,-3703,antigo
2015,9,14,-5537,antigo
2015,9,15,-1231,antigo
2015,9,16,-674,antigo
2015,9,17,-314,antigo
2015,9,18,-246,antigo
2015,9,19,2951,antigo
2015,9,20,-357,antigo
2015,9,21,261,antigo
2015,9,22,-2500,antigo
2015,9,23,-2403,antigo
2015,9,24,-1619,antigo
2015,9,25,-4142,antigo
2015,9,26,-2187,antigo
2015,9,27,-1913,antigo
2015,9,28,-3216,antigo
2015,9,29,-4239,antigo
2015,9,30,100,antigo
2015,9,31,-2226,antigo
2015,9,32,-480,antigo
2015,9,33,66,antigo
2015,9,35,411,antigo
2015,9,36,33,antigo
2015,9,37,-24,antigo
2015,9,38,-1474,antigo
2015,9,39,26,antigo
2015,9,41,-18217,antigo
2015,9,42,-6185,antigo
2015,9,43,-6418,antigo
2015,9,45,-4728,antigo
2015,9,46,-4171,antigo
2015,9,47,-8427,antigo
2015,9,49,-4074,antigo
2015,9,50,-263,antigo
2015,9,51,-859,antigo
2015,9,52,-2480,antigo
2015,9,53,-91,antigo
2015,9,55,290,antigo
2015,9,56,-2629,antigo
2015,9,58,-1332,antigo
2015,9,59,-509,antigo
2015,9,60,-216,antigo
2015,9,61,-2449,antigo
2015,9,62,-1481,antigo
2015,9,63,-242,antigo
2015,9,64,-122,antigo
2015,9,65,375,antigo
2015,9,66,256,antigo
2015,9,68,-243,antigo
2015,9,69,-321,antigo
2015,9,70,58,antigo
2015,9,71,-2681,antigo
2015,9,72,-112,antigo
2015,9,73,107,antigo
2015,9,74,-461,antigo
2015,9,75,65,antigo
2015,9,77,-731,antigo
2015,9,78,-3073,antigo
2015,9,79,-237,antigo
2015,9,80,-4455,antigo
2015,9,81,-5579,antigo
2015,9,82,-5861,antigo
2015,9,84,-1072,antigo
2015,9,85,1406,antigo
2015,9,86,4799,antigo
2015,9,87,201,antigo
2015,9,88,-27,antigo
2015,9,90,91,antigo
2015,9,91,6,antigo
2015,9,92,9,antigo
2015,9,93,887,antigo
2015,9,94,-224,antigo
2015,9,95,-274,antigo
2015,9,96,-377,antigo
2015,9,97,-5,antigo
2015,9,99,-43,antigo
2015,10,01,-15748,antigo
2015,10,02,-1277,antigo
2015,10,03,7,antigo
2015,10,05,-75,antigo
2015,10,06,-80,antigo
2015,10,07,-499,antigo
2015,10,08,-657,antigo
2015,10,09,-444,antigo
2015,10,10,6450,antigo
2015,10,11,1151,antigo
2015,10,12,-1009,antigo
2015,10,13,-4114,antigo
2015,10,14,-6530,antigo
2015,10,15,-3325,antigo
2015,10,16,-1262,antigo
2015,10,17,-203,antigo
2015,10,18,-702,antigo
2015,10,19,-3595,antigo
2015,10,20,-884,antigo
2015,10,21,-226,antigo
2015,10,22,-2892,antigo
2015,10,23,-2911,antigo
2015,10,24,-1556,antigo
2015,10,25,-4332,antigo
2015,10,26,-3173,antigo
2015,10,27,-1906,antigo
2015,10,28,-3395,antigo
2015,10,29,-6588,antigo
2015,10,30,-1212,antigo
2015,10,31,-1880,antigo
2015,10,32,-1196,antigo
2015,10,33,-668,antigo
2015,10,35,237,antigo
2015,10,36,68,antigo
2015,10,37,41,antigo
2015,10,38,-1935,antigo
2015,10,39,-2,antigo
2015,10,41,-20413,antigo
2015,10,42,-25627,antigo
2015,10,43,-6148,antigo
2015,10,45,-5839,antigo
2015,10,46,-3191,antigo
2015,10,47,4323,antigo
2015,10,49,-4836,antigo
2015,10,50,-209,antigo
2015,10,51,-159,antigo
2015,10,52,-556,antigo
2015,10,53,-351,antigo
2015,10,55,231,antigo
2015,10,56,-5509,antigo
2015,10,58,-897,antigo
2015,10,59,-109,antigo
2015,10,60,-412,antigo
2015,10,61,-2436,antigo
2015,10,62,734,antigo
2015,10,63,-37,antigo
2015,10,64,-176,antigo
2015,10,65,199,antigo
2015,10,66,138,antigo
2015,10,68,-903,antigo
2015,10,69,-831,antigo
2015,10,70,85,antigo
2015,10,71,-3203,antigo
2015,10,72,-1,antigo
2015,10,73,-356,antigo
2015,10,74,-129,antigo
2015,10,75,60,antigo
2015,10,77,-554,antigo
2015,10,78,-3108,antigo
2015,10,79,-735,antigo
2015,10,80,-3710,antigo
2015,10,81,-3777,antigo
2015,10,82,-9324,antigo
2015,10,84,-545,antigo
2015,10,85,-1769,antigo
2015,10,86,-1736,antigo
2015,10,87,-191,antigo
2015,10,88,23,antigo
2015,10,90,12,antigo
2015,10,91,-8,antigo
2015,10,92,-1,antigo
2015,10,93,283,antigo
2015,10,94,-498,antigo
2015,10,95,-109,antigo
2015,10,96,-530,antigo
2015,10,97,-107,antigo
2015,10,99,133,antigo
2015,11,01,-19510,antigo
2015,11,02,-1952,antigo
2015,11,03,-467,antigo
2015,11,05,-39,antigo
2015,11,06,-111,antigo
2015,11,07,0,antigo
2015,11,08,-1101,antigo
2015,11,09,-774,antigo
2015,11,10,-2959,antigo
2015,11,11,342,antigo
2015,11,12,-647,antigo
2015,11,13,-4501,antigo
2015,11,14,-10043,antigo
2015,11,15,-7947,antigo
2015,11,16,-2505,antigo
2015,11,17,-741,antigo
2015,11,18,-1001,antigo
2015,11,19,-7585,antigo
2015,11,20,-1741,antigo
2015,11,21,-639,antigo
2015,11,22,-3044,antigo
2015,11,23,-4373,antigo
2015,11,24,-1472,antigo
2015,11,25,-5830,antigo
2015,11,26,-2206,antigo
2015,11,27,-1969,antigo
2015,11,28,-3166,antigo
2015,11,29,-6947,antigo
2015,11,30,-2361,antigo
2015,11,31,-1938,antigo
2015,11,32,-1403,antigo
2015,11,33,-804,antigo
2015,11,35,127,antigo
2015,11,36,-56,antigo
2015,11,37,-278,antigo
2015,11,38,-1582,antigo
2015,11,39,25,antigo
2015,11,41,-21874,antigo
2015,11,42,-21377,antigo
2015,11,43,-14620,antigo
2015,11,45,-5900,antigo
2015,11,46,-1100,antigo
2015,11,47,58980,antigo
2015,11,49,-5954,antigo
2015,11,50,-474,antigo
2015,11,51,-237,antigo
2015,11,52,660,antigo
2015,11,53,420,antigo
2015,11,55,1768,antigo
2015,11,56,1501,antigo
2015,11,58,-720,antigo
2015,11,59,278,antigo
2015,11,60,-930,antigo
2015,11,61,696,antigo
2015,11,62,914,antigo
2015,11,63,1053,antigo
2015,11,64,-1895,antigo
2015,11,65,237,antigo
2015,11,66,114,antigo
2015,11,68,-196,antigo
2015,11,69,-668,antigo
2015,11,70,-468,antigo
2015,11,71,-3585,antigo
2015,11,72,-86,antigo
2015,11,73,-239,antigo
2015,11,74,-26,antigo
2015,11,75,77,antigo
2015,11,77,-906,antigo
2015,11,78,-683,antigo
2015,11,79,-383,antigo
2015,11,80,-3424,antigo
2015,11,81,-2053,antigo
2015,11,82,2527,antigo
2015,11,84,-2143,antigo
2015,11,85,-7497,antigo
2015,11,86,19,antigo
2015,11,87,356,antigo
2015,11,88,-486,antigo
2015,11,90,-73,antigo
2015,11,91,-11,antigo
2015,11,92,8,antigo
2015,11,93,668,antigo
2015,11,94,-752,antigo
2015,11,95,-249,antigo
2015,11,96,-420,antigo
2015,11,97,-96,antigo
2015,11,99,-182,antigo
2015,12,01,-55734,antigo
2015,12,02,-2250,antigo
2015,12,03,-384,antigo
2015,12,05,-2,antigo
2015,12,06,-146,antigo
2015,12,07,-355,antigo
2015,12,08,-1256,antigo
2015,12,09,-725,antigo
2015,12,10,-37522,antigo
2015,12,11,-246,antigo
2015,12,12,-474,antigo
2015,12,13,-7167,antigo
2015,12,14,-21713,antigo
2015,12,15,-20090,antigo
2015,12,16,-5126,antigo
2015,12,17,-2593,antigo
2015,12,18,-2252,antigo
2015,12,19,-10113,antigo
2015,12,20,-3554,antigo
2015,12,21,-1393,antigo
2015,12,22,-8016,antigo
2015,12,23,-7945,antigo
2015,12,24,-3083,antigo
2015,12,25,-10843,antigo
2015,12,26,-6763,antigo
2015,12,27,-4686,antigo
2015,12,28,-7926,antigo
2015,12,29,-7525,antigo
2015,12,30,-5632,antigo
2015,12,31,-5472,antigo
2015,12,32,-3456,antigo
2015,12,33,-2327,antigo
2015,12,35,-682,antigo
2015,12,36,-410,antigo
2015,12,37,-133,antigo
2015,12,38,-1173,antigo
2015,12,39,-10,antigo
2015,12,41,-50560,antigo
2015,12,42,-32623,antigo
2015,12,43,-26246,antigo
2015,12,45,-10794,antigo
2015,12,46,-14179,antigo
2015,12,47,-16525,antigo
2015,12,49,-27275,antigo
2015,12,50,-297,antigo
2015,12,51,-316,antigo
2015,12,52,-3713,antigo
2015,12,53,-292,antigo
2015,12,55,2661,antigo
2015,12,56,-9087,antigo
2015,12,58,-1786,antigo
2015,12,59,-124,antigo
2015,12,60,-460,antigo
2015,12,61,-540,antigo
2015,12,62,-2445,antigo
2015,12,63,-319,antigo
2015,12,64,-2368,antigo
2015,12,65,-180,antigo
2015,12,66,-282,antigo
2015,12,68,-1742,antigo
2015,12,69,-3579,antigo
2015,12,70,-1956,antigo
2015,12,71,-6936,antigo
2015,12,72,-578,antigo
2015,12,73,-1125,antigo
2015,12,74,-992,antigo
2015,12,75,-72,antigo
2015,12,77,-3499,antigo
2015,12,78,-5149,antigo
2015,12,79,-908,antigo
2015,12,80,583,antigo
2015,12,81,-488,antigo
2015,12,82,-11523,antigo
2015,12,84,-18483,antigo
2015,12,85,-64980,antigo
2015,12,86,-2005,antigo
2015,12,87,-1362,antigo
2015,12,88,-3729,antigo
2015,12,90,-142,antigo
2015,12,91,-21,antigo
2015,12,92,-22,antigo
2015,12,93,-1174,antigo
2015,12,94,-15578,antigo
2015,12,95,-941,antigo
2015,12,96,-2195,antigo
2015,12,97,-396,antigo
2015,12,99,-289,antigo
2016,1,01,7991,antigo
2016,1,02,233,antigo
2016,1,03,322,antigo
2016,1,05,-37,antigo
2016,1,06,163,antigo
2016,1,07,-795,antigo
2016,1,08,-500,antigo
2016,1,09,-963,antigo
2016,1,10,-7262,antigo
2016,1,11,-977,antigo
2016,1,12,1566,antigo
2016,1,13,-1340,antigo
2016,1,14,-967,antigo
2016,1,15,4143,antigo
2016,1,16,11,antigo
2016,1,17,76,antigo
2016,1,18,-267,antigo
2016,1,19,-3442,antigo
2016,1,20,227,antigo
2016,1,21,544,antigo
2016,1,22,378,antigo
2016,1,23,-2126,antigo
2016,1,24,-1927,antigo
2016,1,25,-787,antigo
2016,1,26,-487,antigo
2016,1,27,-1485,antigo
2016,1,28,-329,antigo
2016,1,29,-1360,antigo
2016,1,30,-2376,antigo
2016,1,31,85,antigo
2016,1,32,574,antigo
2016,1,33,1460,antigo
2016,1,35,43,antigo
2016,1,36,-555,antigo
2016,1,37,-28,antigo
2016,1,38,-255,antigo
2016,1,39,-8,antigo
2016,1,41,2605,antigo
2016,1,42,-5504,antigo
2016,1,43,239,antigo
2016,1,45,-1304,antigo
2016,1,46,-289,antigo
2016,1,47,-67923,antigo
2016,1,49,-12935,antigo
2016,1,50,-114,antigo
2016,1,51,-178,antigo
2016,1,52,-2695,antigo
2016,1,53,-441,antigo
2016,1,55,712,antigo
2016,1,56,-3173,antigo
2016,1,58,-621,antigo
2016,1,59,526,antigo
2016,1,60,-126,antigo
2016,1,61,-322,antigo
2016,1,62,527,antigo
2016,1,63,172,antigo
2016,1,64,836,antigo
2016,1,65,-138,antigo
2016,1,66,50,antigo
2016,1,68,227,antigo
2016,1,69,3470,antigo
2016,1,70,-417,antigo
2016,1,71,-145,antigo
2016,1,72,-60,antigo
2016,1,73,-206,antigo
2016,1,74,-103,antigo
2016,1,75,127,antigo
2016,1,77,-301,antigo
2016,1,78,-4221,antigo
2016,1,79,-454,antigo
2016,1,80,-1337,antigo
2016,1,81,-435,antigo
2016,1,82,-1913,antigo
2016,1,84,-252,antigo
2016,1,85,1722,antigo
2016,1,86,2533,antigo
2016,1,87,559,antigo
2016,1,88,-153,antigo
2016,1,90,-62,antigo
2016,1,91,3,antigo
2016,1,92,1,antigo
2016,1,93,1226,antigo
2016,1,94,1737,antigo
2016,1,95,-139,antigo
2016,1,96,-622,antigo
2016,1,97,-170,antigo
2016,1,99,244,antigo
2016,2,01,-3745,antigo
2016,2,02,-160,antigo
2016,2,03,140,antigo
2016,2,05,-1,antigo
2016,2,06,-157,antigo
2016,2,07,-18,antigo
2016,2,08,-215,antigo
2016,2,09,-752,antigo
2016,2,10,-11673,antigo
2016,2,11,-1384,antigo
2016,2,12,4097,antigo
2016,2,13,538,antigo
2016,2,14,-2043,antigo
2016,2,15,8139,antigo
2016,2,16,-349,antigo
2016,2,17,229,antigo
2016,2,18,-660,antigo
2016,2,19,-2721,antigo
2016,2,20,-147,antigo
2016,2,21,125,antigo
2016,2,22,-1172,antigo
2016,2,23,-3515,antigo
2016,2,24,-1484,antigo
2016,2,25,-2999,antigo
2016,2,26,-926,antigo
2016,2,27,-732,antigo
2016,2,28,-1833,antigo
2016,2,29,-3482,antigo
2016,2,30,-1898,antigo
2016,2,31,-627,antigo
2016,2,32,-349,antigo
2016,2,33,-1147,antigo
2016,2,35,117,antigo
2016,2,36,-624,antigo
2016,2,37,46,antigo
2016,2,38,-630,antigo
2016,2,39,-7,antigo
2016,2,41,-12043,antigo
2016,2,42,-4324,antigo
2016,2,43,-3184,antigo
2016,2,45,-3532,antigo
2016,2,46,-626,antigo
2016,2,47,-51465,antigo
2016,2,49,-7005,antigo
2016,2,50,-21,antigo
2016,2,51,-454,antigo
2016,2,52,-1054,antigo
2016,2,53,-428,antigo
2016,2,55,-3299,antigo
2016,2,56,-6497,antigo
2016,2,58,-858,antigo
2016,2,59,40,antigo
2016,2,60,-410,antigo
2016,2,61,-981,antigo
2016,2,62,-2359,antigo
2016,2,63,75,antigo
2016,2,64,-940,antigo
2016,2,65,204,antigo
2016,2,66,41,antigo
2016,2,68,-624,antigo
2016,2,69,-329,antigo
2016,2,70,-434,antigo
2016,2,71,-3467,antigo
2016,2,72,-57,antigo
2016,2,73,-452,antigo
2016,2,74,-118,antigo
2016,2,75,42,antigo
2016,2,77,457,antigo
2016,2,78,-409,antigo
2016,2,79,-724,antigo
2016,2,80,-36,antigo
2016,2,81,-123,antigo
2016,2,82,-12043,antigo
2016,2,84,8563,antigo
2016,2,85,32471,antigo
2016,2,86,515,antigo
2016,2,87,805,antigo
2016,2,88,770,antigo
2016,2,90,-210,antigo
2016,2,91,-13,antigo
2016,2,92,3,antigo
2016,2,93,-595,antigo
2016,2,94,3672,antigo
2016,2,95,-527,antigo
2016,2,96,-438,antigo
2016,2,97,-144,antigo
2016,2,99,2,antigo
2016,3,01,-12650,antigo
2016,3,02,-148,antigo
2016,3,03,593,antigo
2016,3,05,-49,antigo
2016,3,06,-131,antigo
2016,3,07,-620,antigo
2016,3,08,-175,antigo
2016,3,09,-826,antigo
2016,3,10,-4180,antigo
2016,3,11,-602,antigo
2016,3,12,4304,antigo
2016,3,13,128,antigo
2016,3,14,-2144,antigo
2016,3,15,4267,antigo
2016,3,16,-837,antigo
2016,3,17,-415,antigo
2016,3,18,-693,antigo
2016,3,19,3770,antigo
2016,3,20,-267,antigo
2016,3,21,314,antigo
2016,3,22,-1784,antigo
2016,3,23,-3934,antigo
2016,3,24,-1141,antigo
2016,3,25,-4835,antigo
2016,3,26,-1980,antigo
2016,3,27,-1075,antigo
2016,3,28,-4349,antigo
2016,3,29,-3893,antigo
2016,3,30,-650,antigo
2016,3,31,-1381,antigo
2016,3,32,-127,antigo
2016,3,33,-2020,antigo
2016,3,35,-292,antigo
2016,3,36,-5,antigo
2016,3,37,-106,antigo
2016,3,38,226,antigo
2016,3,39,17,antigo
2016,3,41,-15504,antigo
2016,3,42,-2047,antigo
2016,3,43,-8685,antigo
2016,3,45,-4477,antigo
2016,3,46,-243,antigo
2016,3,47,-37293,antigo
2016,3,49,2015,antigo
2016,3,50,-260,antigo
2016,3,51,-1048,antigo
2016,3,52,-2478,antigo
2016,3,53,-819,antigo
2016,3,55,-3277,antigo
2016,3,56,-8102,antigo
2016,3,58,-906,antigo
2016,3,59,128,antigo
2016,3,60,-372,antigo
2016,3,61,-283,antigo
2016,3,62,-1206,antigo
2016,3,63,-473,antigo
2016,3,64,-1175,antigo
2016,3,65,250,antigo
2016,3,66,246,antigo
2016,3,68,-1,antigo
2016,3,69,255,antigo
2016,3,70,-632,antigo
2016,3,71,-1618,antigo
2016,3,72,30,antigo
2016,3,73,-226,antigo
2016,3,74,239,antigo
2016,3,75,85,antigo
2016,3,77,-696,antigo
2016,3,78,-4140,antigo
2016,3,79,-534,antigo
2016,3,80,-4807,antigo
2016,3,81,-3326,antigo
2016,3,82,-1978,antigo
2016,3,84,4339,antigo
2016,3,85,12816,antigo
2016,3,86,5190,antigo
2016,3,87,570,antigo
2016,3,88,-256,antigo
2016,3,90,-57,antigo
2016,3,91,-51,antigo
2016,3,92,3,antigo
2016,3,93,-234,antigo
2016,3,94,1459,antigo
2016,3,95,-518,antigo
2016,3,96,-766,antigo
2016,3,97,-189,antigo
2016,3,99,-34,antigo
2016,4,01,7465,antigo
2016,4,02,154,antigo
2016,4,03,102,antigo
2016,4,05,-43,antigo
2016,4,06,-102,antigo
2016,4,07,-190,antigo
2016,4,08,32,antigo
2016,4,09,-515,antigo
2016,4,10,710,antigo
2016,4,11,-1241,antigo
2016,4,12,-471,antigo
2016,4,13,718,antigo
2016,4,14,-1347,antigo
2016,4,15,722,antigo
2016,4,16,-69,antigo
2016,4,17,-486,antigo
2016,4,18,-567,antigo
2016,4,19,6980,antigo
2016,4,20,-222,antigo
2016,4,21,96,antigo
2016,4,22,-610,antigo
2016,4,23,-2848,antigo
2016,4,24,-811,antigo
2016,4,25,-3563,antigo
2016,4,26,-1133,antigo
2016,4,27,-936,antigo
2016,4,28,-3341,antigo
2016,4,29,-2446,antigo
2016,4,30,-972,antigo
2016,4,31,-1370,antigo
2016,4,32,-95,antigo
2016,4,33,-2409,antigo
2016,4,35,-337,antigo
2016,4,36,309,antigo
2016,4,37,-108,antigo
2016,4,38,-138,antigo
2016,4,39,4,antigo
2016,4,41,-7720,antigo
2016,4,42,-7778,antigo
2016,4,43,-1558,antigo
2016,4,45,-2529,antigo
2016,4,46,-5640,antigo
2016,4,47,-22254,antigo
2016,4,49,3559,antigo
2016,4,50,-24,antigo
2016,4,51,-663,antigo
2016,4,52,-2919,antigo
2016,4,53,-130,antigo
2016,4,55,-2875,antigo
2016,4,56,-6551,antigo
2016,4,58,-681,antigo
2016,4,59,184,antigo
2016,4,60,-264,antigo
2016,4,61,-702,antigo
2016,4,62,-392,antigo
2016,4,63,250,antigo
2016,4,64,-1826,antigo
2016,4,65,499,antigo
2016,4,66,15,antigo
2016,4,68,399,antigo
2016,4,69,-240,antigo
2016,4,70,-1025,antigo
2016,4,71,-1150,antigo
2016,4,72,-278,antigo
2016,4,73,-29,antigo
2016,4,74,-435,antigo
2016,4,75,124,antigo
2016,4,77,-428,antigo
2016,4,78,-1001,antigo
2016,4,79,-433,antigo
2016,4,80,-4220,antigo
2016,4,81,2278,antigo
2016,4,82,-3414,antigo
2016,4,84,2281,antigo
2016,4,85,5217,antigo
2016,4,86,7560,antigo
2016,4,87,320,antigo
2016,4,88,383,antigo
2016,4,90,8,antigo
2016,4,91,51,antigo
2016,4,92,10,antigo
2016,4,93,-54,antigo
2016,4,94,1186,antigo
2016,4,95,-381,antigo
2016,4,96,-448,antigo
2016,4,97,-24,antigo
2016,4,99,-24,antigo
2016,5,01,42054,antigo
2016,5,02,697,antigo
2016,5,03,-72,antigo
2016,5,05,-25,antigo
2016,5,06,-340,antigo
2016,5,07,-931,antigo
2016,5,08,122,antigo
2016,5,09,-739,antigo
2016,5,10,906,antigo
2016,5,11,-193,antigo
2016,5,12,-402,antigo
2016,5,13,516,antigo
2016,5,14,-633,antigo
2016,5,15,-2045,antigo
2016,5,16,-250,antigo
2016,5,17,-392,antigo
2016,5,18,-723,antigo
2016,5,19,2190,antigo
2016,5,20,6,antigo
2016,5,21,221,antigo
2016,5,22,-1109,antigo
2016,5,23,-2948,antigo
2016,5,24,-869,antigo
2016,5,25,-3607,antigo
2016,5,26,-58,antigo
2016,5,27,-857,antigo
2016,5,28,-3748,antigo
2016,5,29,-2670,antigo
2016,5,30,-463,antigo
2016,5,31,-2467,antigo
2016,5,32,-94,antigo
2016,5,33,-879,antigo
2016,5,35,-284,antigo
2016,5,36,153,antigo
2016,5,37,67,antigo
2016,5,38,-140,antigo
2016,5,39,52,antigo
2016,5,41,-15492,antigo
2016,5,42,-9071,antigo
2016,5,43,-5830,antigo
2016,5,45,-3355,antigo
2016,5,46,-5519,antigo
2016,5,47,-20166,antigo
2016,5,49,-3256,antigo
2016,5,50,-30,antigo
2016,5,51,-551,antigo
2016,5,52,-1046,antigo
2016,5,53,-685,antigo
2016,5,55,-1939,antigo
2016,5,56,-6682,antigo
2016,5,58,-1144,antigo
2016,5,59,-98,antigo
2016,5,60,-224,antigo
2016,5,61,-2254,antigo
2016,5,62,-773,antigo
2016,5,63,-210,antigo
2016,5,64,-1262,antigo
2016,5,65,347,antigo
2016,5,66,52,antigo
2016,5,68,-170,antigo
2016,5,69,-395,antigo
2016,5,70,-330,antigo
2016,5,71,-3310,antigo
2016,5,72,-86,antigo
2016,5,73,-674,antigo
2016,5,74,-92,antigo
2016,5,75,112,antigo
2016,5,77,-218,antigo
2016,5,78,-1588,antigo
2016,5,79,-329,antigo
2016,5,80,-4196,antigo
2016,5,81,-3351,antigo
2016,5,82,-4616,antigo
2016,5,84,1373,antigo
2016,5,85,851,antigo
2016,5,86,4862,antigo
2016,5,87,844,antigo
2016,5,88,19,antigo
2016,5,90,-37,antigo
2016,5,91,-13,antigo
2016,5,92,-3,antigo
2016,5,93,-386,antigo
2016,5,94,-143,antigo
2016,5,95,-1038,antigo
2016,5,96,-348,antigo
2016,5,97,-79,antigo
2016,5,99,-132,antigo
2016,6,01,38006,antigo
2016,6,02,653,antigo
2016,6,03,-88,antigo
2016,6,05,2,antigo
2016,6,06,-117,antigo
2016,6,07,-417,antigo
2016,6,08,-244,antigo
2016,6,09,-624,antigo
2016,6,10,-4305,antigo
2016,6,11,-603,antigo
2016,6,12,-1709,antigo
2016,6,13,77,antigo
2016,6,14,-880,antigo
2016,6,15,51,antigo
2016,6,16,-412,antigo
2016,6,17,-26,antigo
2016,6,18,-640,antigo
2016,6,19,1713,antigo
2016,6,20,-69,antigo
2016,6,21,-26,antigo
2016,6,22,-1807,antigo
2016,6,23,-2942,antigo
2016,6,24,-1574,antigo
2016,6,25,-3909,antigo
2016,6,26,-720,antigo
2016,6,27,-1213,antigo
2016,6,28,-2979,antigo
2016,6,29,-2051,antigo
2016,6,30,-1070,antigo
2016,6,31,-3121,antigo
2016,6,32,294,antigo
2016,6,33,-1898,antigo
2016,6,35,-376,antigo
2016,6,36,132,antigo
2016,6,37,-167,antigo
2016,6,38,-706,antigo
2016,6,39,17,antigo
2016,6,41,-16059,antigo
2016,6,42,-9282,antigo
2016,6,43,-5303,antigo
2016,6,45,-3945,antigo
2016,6,46,-4613,antigo
2016,6,47,-18379,antigo
2016,6,49,-4969,antigo
2016,6,50,-157,antigo
2016,6,51,-561,antigo
2016,6,52,-1351,antigo
2016,6,53,-1244,antigo
2016,6,55,-1598,antigo
2016,6,56,-3841,antigo
2016,6,58,-630,antigo
2016,6,59,9,antigo
2016,6,60,-249,antigo
2016,6,61,-320,antigo
2016,6,62,-370,antigo
2016,6,63,-584,antigo
2016,6,64,-712,antigo
2016,6,65,299,antigo
2016,6,66,-14,antigo
2016,6,68,-212,antigo
2016,6,69,-422,antigo
2016,6,70,-86,antigo
2016,6,71,-1971,antigo
2016,6,72,-281,antigo
2016,6,73,-161,antigo
2016,6,74,-227,antigo
2016,6,75,83,antigo
2016,6,77,-713,antigo
2016,6,78,-1020,antigo
2016,6,79,-498,antigo
2016,6,80,-5219,antigo
2016,6,81,-881,antigo
2016,6,82,-6841,antigo
2016,6,84,775,antigo
2016,6,85,-9929,antigo
2016,6,86,3911,antigo
2016,6,87,485,antigo
2016,6,88,-355,antigo
2016,6,90,-55,antigo
2016,6,91,44,antigo
2016,6,92,-10,antigo
2016,6,93,834,antigo
2016,6,94,1225,antigo
2016,6,95,-846,antigo
2016,6,96,-972,antigo
2016,6,97,-40,antigo
2016,6,99,-29,antigo
2016,7,01,3231,antigo
2016,7,02,1568,antigo
2016,7,03,-323,antigo
2016,7,05,-43,antigo
2016,7,06,-133,antigo
2016,7,07,-941,antigo
2016,7,08,-80,antigo
2016,7,09,-115,antigo
2016,7,10,399,antigo
2016,7,11,-314,antigo
2016,7,12,-2765,antigo
2016,7,13,692,antigo
2016,7,14,880,antigo
2016,7,15,1867,antigo
2016,7,16,-561,antigo
2016,7,17,-498,antigo
2016,7,18,-372,antigo
2016,7,19,662,antigo
2016,7,20,446,antigo
2016,7,21,92,antigo
2016,7,22,-854,antigo
2016,7,23,-2255,antigo
2016,7,24,-184,antigo
2016,7,25,-2313,antigo
2016,7,26,613,antigo
2016,7,27,-897,antigo
2016,7,28,-1975,antigo
2016,7,29,-1714,antigo
2016,7,30,-1034,antigo
2016,7,31,-2855,antigo
2016,7,32,-256,antigo
2016,7,33,-732,antigo
2016,7,35,190,antigo
2016,7,36,-281,antigo
2016,7,37,77,antigo
2016,7,38,-318,antigo
2016,7,39,-10,antigo
2016,7,41,-13418,antigo
2016,7,42,-9979,antigo
2016,7,43,-6027,antigo
2016,7,45,-2698,antigo
2016,7,46,-1103,antigo
2016,7,47,-12935,antigo
2016,7,49,-2561,antigo
2016,7,50,152,antigo
2016,7,51,-393,antigo
2016,7,52,-229,antigo
2016,7,53,-1000,antigo
2016,7,55,-957,antigo
2016,7,56,-3018,antigo
2016,7,58,-599,antigo
2016,7,59,796,antigo
2016,7,60,-175,antigo
2016,7,61,-874,antigo
2016,7,62,585,antigo
2016,7,63,238,antigo
2016,7,64,-771,antigo
2016,7,65,83,antigo
2016,7,66,150,antigo
2016,7,68,-246,antigo
2016,7,69,44,antigo
2016,7,70,183,antigo
2016,7,71,-1499,antigo
2016,7,72,-421,antigo
2016,7,73,467,antigo
2016,7,74,296,antigo
2016,7,75,3,antigo
2016,7,77,-807,antigo
2016,7,78,-3536,antigo
2016,7,79,-359,antigo
2016,7,80,-3600,antigo
2016,7,81,-2006,antigo
2016,7,82,-3548,antigo
2016,7,84,271,antigo
2016,7,85,-12665,antigo
2016,7,86,506,antigo
2016,7,87,298,antigo
2016,7,88,-932,antigo
2016,7,90,430,antigo
2016,7,91,-13,antigo
2016,7,92,3,antigo
2016,7,93,630,antigo
2016,7,94,-1138,antigo
2016,7,95,-493,antigo
2016,7,96,-686,antigo
2016,7,97,-54,antigo
2016,7,99,-13,antigo
2016,8,01,-15821,antigo
2016,8,02,1169,antigo
2016,8,03,-392,antigo
2016,8,05,-18,antigo
2016,8,06,-49,antigo
2016,8,07,472,antigo
2016,8,08,-65,antigo
2016,8,09,-180,antigo
2016,8,10,10714,antigo
2016,8,11,-213,antigo
2016,8,12,-3234,antigo
2016,8,13,357,antigo
2016,8,14,1825,antigo
2016,8,15,2621,antigo
2016,8,16,-290,antigo
2016,8,17,796,antigo
2016,8,18,-77,antigo
2016,8,19,638,antigo
2016,8,20,849,antigo
2016,8,21,139,antigo
2016,8,22,262,antigo
2016,8,23,-1185,antigo
2016,8,24,-132,antigo
2016,8,25,-873,antigo
2016,8,26,316,antigo
2016,8,27,45,antigo
2016,8,28,-1411,antigo
2016,8,29,-1046,antigo
2016,8,30,-571,antigo
2016,8,31,-845,antigo
2016,8,32,-105,antigo
2016,8,33,-3,antigo
2016,8,35,310,antigo
2016,8,36,439,antigo
2016,8,37,-43,antigo
2016,8,38,-1282,antigo
2016,8,39,3,antigo
2016,8,41,-12406,antigo
2016,8,42,-7587,antigo
2016,8,43,-3749,antigo
2016,8,45,-1271,antigo
2016,8,46,69,antigo
2016,8,47,2783,antigo
2016,8,49,-4654,antigo
2016,8,50,-337,antigo
2016,8,51,-539,antigo
2016,8,52,-977,antigo
2016,8,53,-1162,antigo
2016,8,55,-1511,antigo
2016,8,56,-1454,antigo
2016,8,58,-472,antigo
2016,8,59,-1063,antigo
2016,8,60,-265,antigo
2016,8,61,-1280,antigo
2016,8,62,1367,antigo
2016,8,63,971,antigo
2016,8,64,-941,antigo
2016,8,65,-37,antigo
2016,8,66,113,antigo
2016,8,68,-281,antigo
2016,8,69,-871,antigo
2016,8,70,244,antigo
2016,8,71,-153,antigo
2016,8,72,-181,antigo
2016,8,73,149,antigo
2016,8,74,-78,antigo
2016,8,75,94,antigo
2016,8,77,-228,antigo
2016,8,78,-2405,antigo
2016,8,79,-128,antigo
2016,8,80,-849,antigo
2016,8,81,-1843,antigo
2016,8,82,-3289,antigo
2016,8,84,-431,antigo
2016,8,85,14831,antigo
2016,8,86,4373,antigo
2016,8,87,249,antigo
2016,8,88,155,antigo
2016,8,90,-176,antigo
2016,8,91,27,antigo
2016,8,92,-12,antigo
2016,8,93,-1908,antigo
2016,8,94,615,antigo
2016,8,95,-218,antigo
2016,8,96,-246,antigo
2016,8,97,-43,antigo
2016,8,99,-68,antigo
2016,9,01,-8462,antigo
2016,9,02,394,antigo
2016,9,03,-229,antigo
2016,9,05,-9,antigo
2016,9,06,-48,antigo
2016,9,07,-304,antigo
2016,9,08,-360,antigo
2016,9,09,-315,antigo
2016,9,10,16418,antigo
2016,9,11,-169,antigo
2016,9,12,-1388,antigo
2016,9,13,-388,antigo
2016,9,14,1743,antigo
2016,9,15,1020,antigo
2016,9,16,98,antigo
2016,9,17,4,antigo
2016,9,18,5,antigo
2016,9,19,268,antigo
2016,9,20,670,antigo
2016,9,21,31,antigo
2016,9,22,463,antigo
2016,9,23,-973,antigo
2016,9,24,243,antigo
2016,9,25,-758,antigo
2016,9,26,388,antigo
2016,9,27,-586,antigo
2016,9,28,-1464,antigo
2016,9,29,-4234,antigo
2016,9,30,-408,antigo
2016,9,31,-302,antigo
2016,9,32,430,antigo
2016,9,33,-516,antigo
2016,9,35,-112,antigo
2016,9,36,173,antigo
2016,9,37,-42,antigo
2016,9,38,-436,antigo
2016,9,39,0,antigo
2016,9,41,-11326,antigo
2016,9,42,-11293,antigo
2016,9,43,-6617,antigo
2016,9,45,-957,antigo
2016,9,46,-1079,antigo
2016,9,47,6489,antigo
2016,9,49,-3823,antigo
2016,9,50,-233,antigo
2016,9,51,-495,antigo
2016,9,52,-760,antigo
2016,9,53,419,antigo
2016,9,55,-695,antigo
2016,9,56,475,antigo
2016,9,58,-458,antigo
2016,9,59,-229,antigo
2016,9,60,-332,antigo
2016,9,61,35,antigo
2016,9,62,2939,antigo
2016,9,63,223,antigo
2016,9,64,248,antigo
2016,9,65,-407,antigo
2016,9,66,235,antigo
2016,9,68,-195,antigo
2016,9,69,236,antigo
2016,9,70,-185,antigo
2016,9,71,-1846,antigo
2016,9,72,370,antigo
2016,9,73,-416,antigo
2016,9,74,31,antigo
2016,9,75,70,antigo
2016,9,77,-484,antigo
2016,9,78,-2983,antigo
2016,9,79,69,antigo
2016,9,80,-3035,antigo
2016,9,81,-1994,antigo
2016,9,82,-8096,antigo
2016,9,84,-403,antigo
2016,9,85,3287,antigo
2016,9,86,3974,antigo
2016,9,87,399,antigo
2016,9,88,-267,antigo
2016,9,90,-298,antigo
2016,9,91,20,antigo
2016,9,92,-5,antigo
2016,9,93,-2725,antigo
2016,9,94,2099,antigo
2016,9,95,-165,antigo
2016,9,96,23,antigo
2016,9,97,-51,antigo
2016,9,99,84,antigo
2016,10,01,-11188,antigo
2016,10,02,-720,antigo
2016,10,03,-227,antigo
2016,10,05,-30,antigo
2016,10,06,-386,antigo
2016,10,07,105,antigo
2016,10,08,-737,antigo
2016,10,09,-270,antigo
2016,10,10,5031,antigo
2016,10,11,174,antigo
2016,10,12,-141,antigo
2016,10,13,-229,antigo
2016,10,14,1147,antigo
2016,10,15,1999,antigo
2016,10,16,-453,antigo
2016,10,17,46,antigo
2016,10,18,-136,antigo
2016,10,19,-3715,antigo
2016,10,20,161,antigo
2016,10,21,-190,antigo
2016,10,22,-405,antigo
2016,10,23,-1907,antigo
2016,10,24,-448,antigo
2016,10,25,-1029,antigo
2016,10,26,-190,antigo
2016,10,27,-1023,antigo
2016,10,28,-423,antigo
2016,10,29,-1209,antigo
2016,10,30,-1938,antigo
2016,10,31,14,antigo
2016,10,32,-54,antigo
2016,10,33,816,antigo
2016,10,35,199,antigo
2016,10,36,-87,antigo
2016,10,37,-292,antigo
2016,10,38,-1605,antigo
2016,10,39,-7,antigo
2016,10,41,-15577,antigo
2016,10,42,-14205,antigo
2016,10,43,-5616,antigo
2016,10,45,-2811,antigo
2016,10,46,3256,antigo
2016,10,47,11868,antigo
2016,10,49,-5567,antigo
2016,10,50,-209,antigo
2016,10,51,-80,antigo
2016,10,52,-1818,antigo
2016,10,53,-550,antigo
2016,10,55,-451,antigo
2016,10,56,-1279,antigo
2016,10,58,-443,antigo
2016,10,59,-299,antigo
2016,10,60,-265,antigo
2016,10,61,1266,antigo
2016,10,62,-4483,antigo
2016,10,63,154,antigo
2016,10,64,-600,antigo
2016,10,65,-727,antigo
2016,10,66,-120,antigo
2016,10,68,-108,antigo
2016,10,69,-600,antigo
2016,10,70,-53,antigo
2016,10,71,-1985,antigo
2016,10,72,-61,antigo
2016,10,73,-262,antigo
2016,10,74,-61,antigo
2016,10,75,53,antigo
2016,10,77,-1340,antigo
2016,10,78,-1552,antigo
2016,10,79,-88,antigo
2016,10,80,-2556,antigo
2016,10,81,-3783,antigo
2016,10,82,-697,antigo
2016,10,84,-2535,antigo
2016,10,85,-1010,antigo
2016,10,86,1736,antigo
2016,10,87,241,antigo
2016,10,88,389,antigo
2016,10,90,82,antigo
2016,10,91,-22,antigo
2016,10,92,-1,antigo
2016,10,93,-928,antigo
2016,10,94,-1380,antigo
2016,10,95,-318,antigo
2016,10,96,4,antigo
2016,10,97,-71,antigo
2016,10,99,61,antigo
2016,11,01,-23915,antigo
2016,11,02,-1381,antigo
2016,11,03,-615,antigo
2016,11,05,-32,antigo
2016,11,06,-443,antigo
2016,11,07,-28,antigo
2016,11,08,-1295,antigo
2016,11,09,-282,antigo
2016,11,10,-8086,antigo
2016,11,11,360,antigo
2016,11,12,-46,antigo
2016,11,13,-2698,antigo
2016,11,14,-3641,antigo
2016,11,15,-4641,antigo
2016,11,16,-1681,antigo
2016,11,17,-285,antigo
2016,11,18,-526,antigo
2016,11,19,-8901,antigo
2016,11,20,-1018,antigo
2016,11,21,-305,antigo
2016,11,22,-2012,antigo
2016,11,23,-3864,antigo
2016,11,24,-569,antigo
2016,11,25,-3464,antigo
2016,11,26,-170,antigo
2016,11,27,-1632,antigo
2016,11,28,-1831,antigo
2016,11,29,-2558,antigo
2016,11,30,-832,antigo
2016,11,31,-686,antigo
2016,11,32,-965,antigo
2016,11,33,-222,antigo
2016,11,35,9,antigo
2016,11,36,-149,antigo
2016,11,37,-324,antigo
2016,11,38,-2474,antigo
2016,11,39,14,antigo
2016,11,41,-25528,antigo
2016,11,42,-16677,antigo
2016,11,43,-11626,antigo
2016,11,45,-3843,antigo
2016,11,46,1241,antigo
2016,11,47,60528,antigo
2016,11,49,-10698,antigo
2016,11,50,-138,antigo
2016,11,51,-133,antigo
2016,11,52,2510,antigo
2016,11,53,-940,antigo
2016,11,55,1629,antigo
2016,11,56,4718,antigo
2016,11,58,-587,antigo
2016,11,59,24,antigo
2016,11,60,-350,antigo
2016,11,61,739,antigo
2016,11,62,-491,antigo
2016,11,63,283,antigo
2016,11,64,-1339,antigo
2016,11,65,17,antigo
2016,11,66,193,antigo
2016,11,68,-237,antigo
2016,11,69,-1382,antigo
2016,11,70,-321,antigo
2016,11,71,-3910,antigo
2016,11,72,146,antigo
2016,11,73,-65,antigo
2016,11,74,-356,antigo
2016,11,75,45,antigo
2016,11,77,-1806,antigo
2016,11,78,-1859,antigo
2016,11,79,-13,antigo
2016,11,80,-3762,antigo
2016,11,81,-4544,antigo
2016,11,82,2806,antigo
2016,11,84,-4376,antigo
2016,11,85,-8159,antigo
2016,11,86,-815,antigo
2016,11,87,-118,antigo
2016,11,88,-703,antigo
2016,11,90,16,antigo
2016,11,91,-18,antigo
2016,11,92,8,antigo
2016,11,93,-286,antigo
2016,11,94,-4362,antigo
2016,11,95,-384,antigo
2016,11,96,-443,antigo
2016,11,97,-36,antigo
2016,11,99,-157,antigo
2016,12,01,-44756,antigo
2016,12,02,-2583,antigo
2016,12,03,-402,antigo
2016,12,05,-51,antigo
2016,12,06,-353,antigo
2016,12,07,-941,antigo
2016,12,08,-1235,antigo
2016,12,09,-366,antigo
2016,12,10,-25160,antigo
2016,12,11,-651,antigo
2016,12,12,-91,antigo
2016,12,13,-4539,antigo
2016,12,14,-15900,antigo
2016,12,15,-16067,antigo
2016,12,16,-3255,antigo
2016,12,17,-1842,antigo
2016,12,18,-1156,antigo
2016,12,19,-4902,antigo
2016,12,20,-2670,antigo
2016,12,21,-1001,antigo
2016,12,22,-5548,antigo
2016,12,23,-5989,antigo
2016,12,24,-2366,antigo
2016,12,25,-6680,antigo
2016,12,26,-2036,antigo
2016,12,27,-2568,antigo
2016,12,28,-5499,antigo
2016,12,29,-5622,antigo
2016,12,30,-4055,antigo
2016,12,31,-4133,antigo
2016,12,32,-3032,antigo
2016,12,33,-266,antigo
2016,12,35,-280,antigo
2016,12,36,-502,antigo
2016,12,37,-166,antigo
2016,12,38,-1507,antigo
2016,12,39,1,antigo
2016,12,41,-38007,antigo
2016,12,42,-28478,antigo
2016,12,43,-20283,antigo
2016,12,45,-7426,antigo
2016,12,46,-7466,antigo
2016,12,47,-6141,antigo
2016,12,49,-21977,antigo
2016,12,50,111,antigo
2016,12,51,-199,antigo
2016,12,52,-1776,antigo
2016,12,53,-502,antigo
2016,12,55,2416,antigo
2016,12,56,-2680,antigo
2016,12,58,-1276,antigo
2016,12,59,-44,antigo
2016,12,60,-505,antigo
2016,12,61,454,antigo
2016,12,62,-1064,antigo
2016,12,63,-609,antigo
2016,12,64,-9355,antigo
2016,12,65,-186,antigo
2016,12,66,-179,antigo
2016,12,68,-990,antigo
2016,12,69,-3893,antigo
2016,12,70,-853,antigo
2016,12,71,-5849,antigo
2016,12,72,-386,antigo
2016,12,73,-1197,antigo
2016,12,74,-828,antigo
2016,12,75,50,antigo
2016,12,77,-4369,antigo
2016,12,78,-6680,antigo
2016,12,79,-280,antigo
2016,12,80,1524,antigo
2016,12,81,601,antigo
2016,12,82,-5593,antigo
2016,12,84,-19571,antigo
2016,12,85,-60162,antigo
2016,12,86,-2161,antigo
2016,12,87,-1654,antigo
2016,12,88,-2486,antigo
2016,12,90,-339,antigo
2016,12,91,-60,antigo
2016,12,92,-6,antigo
2016,12,93,-1551,antigo
2016,12,94,-19467,antigo
2016,12,95,-997,antigo
2016,12,96,-1650,antigo
2016,12,97,-102,antigo
2016,12,99,-76,antigo
2017,1,01,10113,antigo
2017,1,02,-175,antigo
2017,1,03,371,antigo
2017,1,05,-26,antigo
2017,1,06,-349,antigo
2017,1,07,636,antigo
2017,1,08,-347,antigo
2017,1,09,131,antigo
2017,1,10,-11463,antigo
2017,1,11,-739,antigo
2017,1,12,1400,antigo
2017,1,13,2064,antigo
2017,1,14,4393,antigo
2017,1,15,8474,antigo
2017,1,16,280,antigo
2017,1,17,259,antigo
2017,1,18,-111,antigo
2017,1,19,-2985,antigo
2017,1,20,396,antigo
2017,1,21,696,antigo
2017,1,22,3666,antigo
2017,1,23,-103,antigo
2017,1,24,993,antigo
2017,1,25,1269,antigo
2017,1,26,1208,antigo
2017,1,27,340,antigo
2017,1,28,1383,antigo
2017,1,29,1981,antigo
2017,1,30,-370,antigo
2017,1,31,1240,antigo
2017,1,32,376,antigo
2017,1,33,3717,antigo
2017,1,35,233,antigo
2017,1,36,70,antigo
2017,1,37,59,antigo
2017,1,38,429,antigo
2017,1,39,80,antigo
2017,1,41,-1579,antigo
2017,1,42,1280,antigo
2017,1,43,-897,antigo
2017,1,45,759,antigo
2017,1,46,1970,antigo
2017,1,47,-61959,antigo
2017,1,49,-10033,antigo
2017,1,50,-141,antigo
2017,1,51,-318,antigo
2017,1,52,-946,antigo
2017,1,53,-596,antigo
2017,1,55,270,antigo
2017,1,56,-2500,antigo
2017,1,58,-420,antigo
2017,1,59,349,antigo
2017,1,60,-116,antigo
2017,1,61,626,antigo
2017,1,62,1386,antigo
2017,1,63,169,antigo
2017,1,64,-482,antigo
2017,1,65,-42,antigo
2017,1,66,288,antigo
2017,1,68,215,antigo
2017,1,69,2328,antigo
2017,1,70,415,antigo
2017,1,71,186,antigo
2017,1,72,-66,antigo
2017,1,73,161,antigo
2017,1,74,62,antigo
2017,1,75,114,antigo
2017,1,77,229,antigo
2017,1,78,-3063,antigo
2017,1,79,219,antigo
2017,1,80,-3400,antigo
2017,1,81,-1082,antigo
2017,1,82,924,antigo
2017,1,84,681,antigo
2017,1,85,2575,antigo
2017,1,86,1850,antigo
2017,1,87,828,antigo
2017,1,88,302,antigo
2017,1,90,-121,antigo
2017,1,91,61,antigo
2017,1,92,9,antigo
2017,1,93,1142,antigo
2017,1,94,-1356,antigo
2017,1,95,204,antigo
2017,1,96,-1017,antigo
2017,1,97,-6,antigo
2017,1,99,85,antigo
2017,2,01,5963,antigo
2017,2,02,-633,antigo
2017,2,03,747,antigo
2017,2,05,-37,antigo
2017,2,06,-262,antigo
2017,2,07,361,antigo
2017,2,08,-422,antigo
2017,2,09,-223,antigo
2017,2,10,-16350,antigo
2017,2,11,-924,antigo
2017,2,12,3892,antigo
2017,2,13,2921,antigo
2017,2,14,3286,antigo
2017,2,15,9094,antigo
2017,2,16,91,antigo
2017,2,17,382,antigo
2017,2,18,-222,antigo
2017,2,19,-1151,antigo
2017,2,20,-71,antigo
2017,2,21,358,antigo
2017,2,22,1775,antigo
2017,2,23,-1728,antigo
2017,2,24,580,antigo
2017,2,25,403,antigo
2017,2,26,601,antigo
2017,2,27,645,antigo
2017,2,28,666,antigo
2017,2,29,223,antigo
2017,2,30,-745,antigo
2017,2,31,-159,antigo
2017,2,32,88,antigo
2017,2,33,-890,antigo
2017,2,35,288,antigo
2017,2,36,83,antigo
2017,2,37,-91,antigo
2017,2,38,1022,antigo
2017,2,39,-7,antigo
2017,2,41,-6990,antigo
2017,2,42,-4422,antigo
2017,2,43,-2349,antigo
2017,2,45,1063,antigo
2017,2,46,2422,antigo
2017,2,47,-24112,antigo
2017,2,49,1569,antigo
2017,2,50,-51,antigo
2017,2,51,-334,antigo
2017,2,52,637,antigo
2017,2,53,507,antigo
2017,2,55,-1223,antigo
2017,2,56,550,antigo
2017,2,58,-519,antigo
2017,2,59,-139,antigo
2017,2,60,-84,antigo
2017,2,61,807,antigo
2017,2,62,-145,antigo
2017,2,63,828,antigo
2017,2,64,-1125,antigo
2017,2,65,-501,antigo
2017,2,66,325,antigo
2017,2,68,241,antigo
2017,2,69,333,antigo
2017,2,70,376,antigo
2017,2,71,-206,antigo
2017,2,72,-85,antigo
2017,2,73,-150,antigo
2017,2,74,-833,antigo
2017,2,75,152,antigo
2017,2,77,1248,antigo
2017,2,78,487,antigo
2017,2,79,210,antigo
2017,2,80,212,antigo
2017,2,81,-153,antigo
2017,2,82,-295,antigo
2017,2,84,8339,antigo
2017,2,85,35966,antigo
2017,2,86,2593,antigo
2017,2,87,1565,antigo
2017,2,88,1687,antigo
2017,2,90,120,antigo
2017,2,91,-5,antigo
2017,2,92,4,antigo
2017,2,93,185,antigo
2017,2,94,7420,antigo
2017,2,95,224,antigo
2017,2,96,-412,antigo
2017,2,97,-17,antigo
2017,2,99,138,antigo
2017,3,01,-3416,antigo
2017,3,02,-310,antigo
2017,3,03,80,antigo
2017,3,05,-24,antigo
2017,3,06,-258,antigo
2017,3,07,315,antigo
2017,3,08,-519,antigo
2017,3,09,-134,antigo
2017,3,10,-139,antigo
2017,3,11,-834,antigo
2017,3,12,4289,antigo
2017,3,13,757,antigo
2017,3,14,-142,antigo
2017,3,15,2563,antigo
2017,3,16,-638,antigo
2017,3,17,196,antigo
2017,3,18,-649,antigo
2017,3,19,2693,antigo
2017,3,20,-572,antigo
2017,3,21,-80,antigo
2017,3,22,-80,antigo
2017,3,23,-2730,antigo
2017,3,24,328,antigo
2017,3,25,-2118,antigo
2017,3,26,324,antigo
2017,3,27,-165,antigo
2017,3,28,-1671,antigo
2017,3,29,261,antigo
2017,3,30,-479,antigo
2017,3,31,-358,antigo
2017,3,32,-19,antigo
2017,3,33,-1639,antigo
2017,3,35,-336,antigo
2017,3,36,13,antigo
2017,3,37,-133,antigo
2017,3,38,-190,antigo
2017,3,39,5,antigo
2017,3,41,-9123,antigo
2017,3,42,1245,antigo
2017,3,43,-2329,antigo
2017,3,45,-2261,antigo
2017,3,46,1889,antigo
2017,3,47,-33692,antigo
2017,3,49,2787,antigo
2017,3,50,-410,antigo
2017,3,51,-170,antigo
2017,3,52,-1558,antigo
2017,3,53,-1253,antigo
2017,3,55,-4141,antigo
2017,3,56,-11182,antigo
2017,3,58,-534,antigo
2017,3,59,-149,antigo
2017,3,60,-393,antigo
2017,3,61,747,antigo
2017,3,62,-1017,antigo
2017,3,63,-125,antigo
2017,3,64,-4291,antigo
2017,3,65,-248,antigo
2017,3,66,-54,antigo
2017,3,68,-104,antigo
2017,3,69,-433,antigo
2017,3,70,185,antigo
2017,3,71,1187,antigo
2017,3,72,329,antigo
2017,3,73,950,antigo
2017,3,74,-264,antigo
2017,3,75,22,antigo
2017,3,77,1042,antigo
2017,3,78,-1096,antigo
2017,3,79,-135,antigo
2017,3,80,-3554,antigo
2017,3,81,-3960,antigo
2017,3,82,-2577,antigo
2017,3,84,4598,antigo
2017,3,85,11037,antigo
2017,3,86,1559,antigo
2017,3,87,542,antigo
2017,3,88,630,antigo
2017,3,90,-138,antigo
2017,3,91,-17,antigo
2017,3,92,-5,antigo
2017,3,93,-1178,antigo
2017,3,94,907,antigo
2017,3,95,-80,antigo
2017,3,96,-1024,antigo
2017,3,97,-63,antigo
2017,3,99,87,antigo
2017,4,01,15193,antigo
2017,4,02,-815,antigo
2017,4,03,6,antigo
2017,4,05,9,antigo
2017,4,06,-272,antigo
2017,4,07,139,antigo
2017,4,08,365,antigo
2017,4,09,37,antigo
2017,4,10,4648,antigo
2017,4,11,-247,antigo
2017,4,12,2548,antigo
2017,4,13,1394,antigo
2017,4,14,1813,antigo
2017,4,15,-88,antigo
2017,4,16,306,antigo
2017,4,17,76,antigo
2017,4,18,-243,antigo
2017,4,19,6170,antigo
2017,4,20,284,antigo
2017,4,21,128,antigo
2017,4,22,669,antigo
2017,4,23,-912,antigo
2017,4,24,-206,antigo
2017,4,25,-1009,antigo
2017,4,26,-247,antigo
2017,4,27,286,antigo
2017,4,28,-1287,antigo
2017,4,29,-206,antigo
2017,4,30,-532,antigo
2017,4,31,-123,antigo
2017,4,32,243,antigo
2017,4,33,-480,antigo
2017,4,35,221,antigo
2017,4,36,-4,antigo
2017,4,37,2,antigo
2017,4,38,472,antigo
2017,4,39,-33,antigo
2017,4,41,-2626,antigo
2017,4,42,887,antigo
2017,4,43,30,antigo
2017,4,45,1307,antigo
2017,4,46,-1077,antigo
2017,4,47,5546,antigo
2017,4,49,7757,antigo
2017,4,50,-252,antigo
2017,4,51,-95,antigo
2017,4,52,-1610,antigo
2017,4,53,-965,antigo
2017,4,55,-946,antigo
2017,4,56,1114,antigo
2017,4,58,-300,antigo
2017,4,59,423,antigo
2017,4,60,-171,antigo
2017,4,61,169,antigo
2017,4,62,749,antigo
2017,4,63,70,antigo
2017,4,64,-928,antigo
2017,4,65,176,antigo
2017,4,66,450,antigo
2017,4,68,423,antigo
2017,4,69,203,antigo
2017,4,70,210,antigo
2017,4,71,228,antigo
2017,4,72,-131,antigo
2017,4,73,274,antigo
2017,4,74,379,antigo
2017,4,75,122,antigo
2017,4,77,790,antigo
2017,4,78,-897,antigo
2017,4,79,58,antigo
2017,4,80,-691,antigo
2017,4,81,1121,antigo
2017,4,82,748,antigo
2017,4,84,2274,antigo
2017,4,85,6478,antigo
2017,4,86,7296,antigo
2017,4,87,1067,antigo
2017,4,88,771,antigo
2017,4,90,-17,antigo
2017,4,91,-31,antigo
2017,4,92,5,antigo
2017,4,93,126,antigo
2017,4,94,1236,antigo
2017,4,95,39,antigo
2017,4,96,25,antigo
2017,4,97,-34,antigo
2017,4,99,-229,antigo
2017,5,01,45784,antigo
2017,5,02,251,antigo
2017,5,03,-119,antigo
2017,5,05,-27,antigo
2017,5,06,-320,antigo
2017,5,07,142,antigo
2017,5,08,-263,antigo
2017,5,09,-45,antigo
2017,5,10,6953,antigo
2017,5,11,-470,antigo
2017,5,12,33,antigo
2017,5,13,1034,antigo
2017,5,14,736,antigo
2017,5,15,-3931,antigo
2017,5,16,85,antigo
2017,5,17,104,antigo
2017,5,18,-444,antigo
2017,5,19,4245,antigo
2017,5,20,708,antigo
2017,5,21,12,antigo
2017,5,22,267,antigo
2017,5,23,-1958,antigo
2017,5,24,-140,antigo
2017,5,25,-1949,antigo
2017,5,26,-699,antigo
2017,5,27,-203,antigo
2017,5,28,-1789,antigo
2017,5,29,1106,antigo
2017,5,30,-549,antigo
2017,5,31,-290,antigo
2017,5,32,149,antigo
2017,5,33,-2018,antigo
2017,5,35,-603,antigo
2017,5,36,-96,antigo
2017,5,37,43,antigo
2017,5,38,219,antigo
2017,5,39,43,antigo
2017,5,41,-5544,antigo
2017,5,42,2806,antigo
2017,5,43,-1731,antigo
2017,5,45,-233,antigo
2017,5,46,-2779,antigo
2017,5,47,-7929,antigo
2017,5,49,-611,antigo
2017,5,50,-187,antigo
2017,5,51,64,antigo
2017,5,52,-120,antigo
2017,5,53,-1166,antigo
2017,5,55,-2304,antigo
2017,5,56,-1276,antigo
2017,5,58,-331,antigo
2017,5,59,-299,antigo
2017,5,60,-199,antigo
2017,5,61,432,antigo
2017,5,62,-288,antigo
2017,5,63,-195,antigo
2017,5,64,-328,antigo
2017,5,65,577,antigo
2017,5,66,266,antigo
2017,5,68,94,antigo
2017,5,69,-325,antigo
2017,5,70,-84,antigo
2017,5,71,-538,antigo
2017,5,72,148,antigo
2017,5,73,212,antigo
2017,5,74,256,antigo
2017,5,75,94,antigo
2017,5,77,50,antigo
2017,5,78,734,antigo
2017,5,79,40,antigo
2017,5,80,-1671,antigo
2017,5,81,142,antigo
2017,5,82,-326,antigo
2017,5,84,958,antigo
2017,5,85,2922,antigo
2017,5,86,4634,antigo
2017,5,87,874,antigo
2017,5,88,710,antigo
2017,5,90,-1,antigo
2017,5,91,218,antigo
2017,5,92,-11,antigo
2017,5,93,-812,antigo
2017,5,94,2083,antigo
2017,5,95,-18,antigo
2017,5,96,-815,antigo
2017,5,97,5,antigo
2017,5,99,54,antigo
2017,6,01,36095,antigo
2017,6,02,389,antigo
2017,6,03,447,antigo
2017,6,05,-17,antigo
2017,6,06,-209,antigo
2017,6,07,164,antigo
2017,6,08,-94,antigo
2017,6,09,-61,antigo
2017,6,10,4435,antigo
2017,6,11,-422,antigo
2017,6,12,-742,antigo
2017,6,13,668,antigo
2017,6,14,671,antigo
2017,6,15,-3053,antigo
2017,6,16,-211,antigo
2017,6,17,-28,antigo
2017,6,18,-615,antigo
2017,6,19,1625,antigo
2017,6,20,-13,antigo
2017,6,21,-176,antigo
2017,6,22,-591,antigo
2017,6,23,-2412,antigo
2017,6,24,75,antigo
2017,6,25,-1607,antigo
2017,6,26,-718,antigo
2017,6,27,-562,antigo
2017,6,28,-1857,antigo
2017,6,29,8,antigo
2017,6,30,-615,antigo
2017,6,31,-1342,antigo
2017,6,32,-103,antigo
2017,6,33,298,antigo
2017,6,35,33,antigo
2017,6,36,-215,antigo
2017,6,37,103,antigo
2017,6,38,-535,antigo
2017,6,39,31,antigo
2017,6,41,-7321,antigo
2017,6,42,733,antigo
2017,6,43,-3655,antigo
2017,6,45,503,antigo
2017,6,46,-551,antigo
2017,6,47,-2442,antigo
2017,6,49,-2342,antigo
2017,6,50,-292,antigo
2017,6,51,338,antigo
2017,6,52,271,antigo
2017,6,53,-3008,antigo
2017,6,55,-1801,antigo
2017,6,56,955,antigo
2017,6,58,-456,antigo
2017,6,59,908,antigo
2017,6,60,-267,antigo
2017,6,61,571,antigo
2017,6,62,-415,antigo
2017,6,63,52,antigo
2017,6,64,-637,antigo
2017,6,65,245,antigo
2017,6,66,464,antigo
2017,6,68,-225,antigo
2017,6,69,226,antigo
2017,6,70,-133,antigo
2017,6,71,474,antigo
2017,6,72,-54,antigo
2017,6,73,53,antigo
2017,6,74,310,antigo
2017,6,75,88,antigo
2017,6,77,-339,antigo
2017,6,78,-593,antigo
2017,6,79,-32,antigo
2017,6,80,-527,antigo
2017,6,81,218,antigo
2017,6,82,801,antigo
2017,6,84,695,antigo
2017,6,85,-8418,antigo
2017,6,86,6722,antigo
2017,6,87,447,antigo
2017,6,88,157,antigo
2017,6,90,46,antigo
2017,6,91,0,antigo
2017,6,92,-7,antigo
2017,6,93,202,antigo
2017,6,94,-392,antigo
2017,6,95,-141,antigo
2017,6,96,-572,antigo
2017,6,97,35,antigo
2017,6,99,83,antigo
2017,7,01,6744,antigo
2017,7,02,431,antigo
2017,7,03,-27,antigo
2017,7,05,-3,antigo
2017,7,06,-178,antigo
2017,7,07,19,antigo
2017,7,08,-31,antigo
2017,7,09,-81,antigo
2017,7,10,9134,antigo
2017,7,11,-211,antigo
2017,7,12,-2785,antigo
2017,7,13,1281,antigo
2017,7,14,293,antigo
2017,7,15,-331,antigo
2017,7,16,584,antigo
2017,7,17,416,antigo
2017,7,18,-222,antigo
2017,7,19,607,antigo
2017,7,20,797,antigo
2017,7,21,190,antigo
2017,7,22,803,antigo
2017,7,23,-551,antigo
2017,7,24,878,antigo
2017,7,25,-19,antigo
2017,7,26,372,antigo
2017,7,27,-362,antigo
2017,7,28,313,antigo
2017,7,29,2331,antigo
2017,7,30,415,antigo
2017,7,31,-130,antigo
2017,7,32,115,antigo
2017,7,33,-19,antigo
2017,7,35,-27,antigo
2017,7,36,-178,antigo
2017,7,37,-162,antigo
2017,7,38,-905,antigo
2017,7,39,30,antigo
2017,7,41,-276,antigo
2017,7,42,-1652,antigo
2017,7,43,1890,antigo
2017,7,45,1467,antigo
2017,7,46,2648,antigo
2017,7,47,6868,antigo
2017,7,49,-549,antigo
2017,7,50,63,antigo
2017,7,51,43,antigo
2017,7,52,1089,antigo
2017,7,53,-93,antigo
2017,7,55,-418,antigo
2017,7,56,-150,antigo
2017,7,58,-185,antigo
2017,7,59,-758,antigo
2017,7,60,36,antigo
2017,7,61,1090,antigo
2017,7,62,973,antigo
2017,7,63,1252,antigo
2017,7,64,836,antigo
2017,7,65,467,antigo
2017,7,66,564,antigo
2017,7,68,322,antigo
2017,7,69,1451,antigo
2017,7,70,1243,antigo
2017,7,71,2125,antigo
2017,7,72,-149,antigo
2017,7,73,332,antigo
2017,7,74,128,antigo
2017,7,75,34,antigo
2017,7,77,-302,antigo
2017,7,78,1521,antigo
2017,7,79,-142,antigo
2017,7,80,-100,antigo
2017,7,81,1020,antigo
2017,7,82,884,antigo
2017,7,84,-1001,antigo
2017,7,85,-9961,antigo
2017,7,86,5025,antigo
2017,7,87,551,antigo
2017,7,88,370,antigo
2017,7,90,-57,antigo
2017,7,91,-5,antigo
2017,7,92,-14,antigo
2017,7,93,395,antigo
2017,7,94,-2047,antigo
2017,7,95,-158,antigo
2017,7,96,-329,antigo
2017,7,97,18,antigo
2017,7,99,10,antigo
2017,8,01,-12646,antigo
2017,8,02,181,antigo
2017,8,03,-48,antigo
2017,8,05,0,antigo
2017,8,06,-30,antigo
2017,8,07,233,antigo
2017,8,08,-345,antigo
2017,8,09,218,antigo
2017,8,10,6957,antigo
2017,8,11,-625,antigo
2017,8,12,-3878,antigo
2017,8,13,174,antigo
2017,8,14,2423,antigo
2017,8,15,294,antigo
2017,8,16,758,antigo
2017,8,17,504,antigo
2017,8,18,-164,antigo
2017,8,19,44,antigo
2017,8,20,265,antigo
2017,8,21,-173,antigo
2017,8,22,727,antigo
2017,8,23,-266,antigo
2017,8,24,1009,antigo
2017,8,25,945,antigo
2017,8,26,-491,antigo
2017,8,27,181,antigo
2017,8,28,-202,antigo
2017,8,29,2465,antigo
2017,8,30,216,antigo
2017,8,31,594,antigo
2017,8,32,409,antigo
2017,8,33,912,antigo
2017,8,35,-375,antigo
2017,8,36,3,antigo
2017,8,37,109,antigo
2017,8,38,-112,antigo
2017,8,39,-22,antigo
2017,8,41,-1764,antigo
2017,8,42,771,antigo
2017,8,43,752,antigo
2017,8,45,2122,antigo
2017,8,46,1605,antigo
2017,8,47,7871,antigo
2017,8,49,1298,antigo
2017,8,50,-22,antigo
2017,8,51,-152,antigo
2017,8,52,-1,antigo
2017,8,53,-336,antigo
2017,8,55,-879,antigo
2017,8,56,1443,antigo
2017,8,58,-409,antigo
2017,8,59,-661,antigo
2017,8,60,-190,antigo
2017,8,61,195,antigo
2017,8,62,728,antigo
2017,8,63,52,antigo
2017,8,64,-3276,antigo
2017,8,65,213,antigo
2017,8,66,254,antigo
2017,8,68,-162,antigo
2017,8,69,-873,antigo
2017,8,70,849,antigo
2017,8,71,2040,antigo
2017,8,72,-174,antigo
2017,8,73,1060,antigo
2017,8,74,618,antigo
2017,8,75,73,antigo
2017,8,77,1480,antigo
2017,8,78,-274,antigo
2017,8,79,85,antigo
2017,8,80,-704,antigo
2017,8,81,-2864,antigo
2017,8,82,-1864,antigo
2017,8,84,529,antigo
2017,8,85,18074,antigo
2017,8,86,5696,antigo
2017,8,87,494,antigo
2017,8,88,633,antigo
2017,8,90,671,antigo
2017,8,91,-2,antigo
2017,8,92,0,antigo
2017,8,93,-704,antigo
2017,8,94,1348,antigo
2017,8,95,219,antigo
2017,8,96,-473,antigo
2017,8,97,6,antigo
2017,8,99,-182,antigo
2017,9,01,-9166,antigo
2017,9,02,475,antigo
2017,9,03,100,antigo
2017,9,05,3,antigo
2017,9,06,-49,antigo
2017,9,07,73,antigo
2017,9,08,-158,antigo
2017,9,09,228,antigo
2017,9,10,16937,antigo
2017,9,11,-14,antigo
2017,9,12,-3914,antigo
2017,9,13,437,antigo
2017,9,14,1815,antigo
2017,9,15,-677,antigo
2017,9,16,649,antigo
2017,9,17,609,antigo
2017,9,18,-66,antigo
2017,9,19,1030,antigo
2017,9,20,1179,antigo
2017,9,21,73,antigo
2017,9,22,1669,antigo
2017,9,23,519,antigo
2017,9,24,696,antigo
2017,9,25,923,antigo
2017,9,26,93,antigo
2017,9,27,427,antigo
2017,9,28,76,antigo
2017,9,29,1483,antigo
2017,9,30,-67,antigo
2017,9,31,1574,antigo
2017,9,32,466,antigo
2017,9,33,-161,antigo
2017,9,35,45,antigo
2017,9,36,-97,antigo
2017,9,37,-49,antigo
2017,9,38,-1072,antigo
2017,9,39,-85,antigo
2017,9,41,-1774,antigo
2017,9,42,212,antigo
2017,9,43,1110,antigo
2017,9,45,1584,antigo
2017,9,46,2060,antigo
2017,9,47,12352,antigo
2017,9,49,102,antigo
2017,9,50,123,antigo
2017,9,51,38,antigo
2017,9,52,187,antigo
2017,9,53,-693,antigo
2017,9,55,574,antigo
2017,9,56,2535,antigo
2017,9,58,-33,antigo
2017,9,59,-376,antigo
2017,9,60,-107,antigo
2017,9,61,832,antigo
2017,9,62,488,antigo
2017,9,63,-569,antigo
2017,9,64,-1475,antigo
2017,9,65,-77,antigo
2017,9,66,549,antigo
2017,9,68,103,antigo
2017,9,69,511,antigo
2017,9,70,1174,antigo
2017,9,71,475,antigo
2017,9,72,410,antigo
2017,9,73,94,antigo
2017,9,74,744,antigo
2017,9,75,89,antigo
2017,9,77,2001,antigo
2017,9,78,-1564,antigo
2017,9,79,141,antigo
2017,9,80,-3716,antigo
2017,9,81,-3217,antigo
2017,9,82,-2455,antigo
2017,9,84,-705,antigo
2017,9,85,4896,antigo
2017,9,86,1660,antigo
2017,9,87,511,antigo
2017,9,88,16,antigo
2017,9,90,-612,antigo
2017,9,91,6,antigo
2017,9,92,3,antigo
2017,9,93,328,antigo
2017,9,94,-214,antigo
2017,9,95,-103,antigo
2017,9,96,230,antigo
2017,9,97,-16,antigo
2017,9,99,-44,antigo
2017,10,01,-3306,antigo
2017,10,02,-212,antigo
2017,10,03,-227,antigo
2017,10,05,-14,antigo
2017,10,06,-88,antigo
2017,10,07,42,antigo
2017,10,08,-412,antigo
2017,10,09,103,antigo
2017,10,10,20469,antigo
2017,10,11,304,antigo
2017,10,12,-362,antigo
2017,10,13,-113,antigo
2017,10,14,2241,antigo
2017,10,15,119,antigo
2017,10,16,388,antigo
2017,10,17,740,antigo
2017,10,18,338,antigo
2017,10,19,-1019,antigo
2017,10,20,134,antigo
2017,10,21,257,antigo
2017,10,22,2643,antigo
2017,10,23,376,antigo
2017,10,24,-13,antigo
2017,10,25,1111,antigo
2017,10,26,418,antigo
2017,10,27,295,antigo
2017,10,28,566,antigo
2017,10,29,2370,antigo
2017,10,30,-844,antigo
2017,10,31,1547,antigo
2017,10,32,366,antigo
2017,10,33,1228,antigo
2017,10,35,-267,antigo
2017,10,36,-248,antigo
2017,10,37,-133,antigo
2017,10,38,90,antigo
2017,10,39,-153,antigo
2017,10,41,-2878,antigo
2017,10,42,-2881,antigo
2017,10,43,362,antigo
2017,10,45,900,antigo
2017,10,46,7590,antigo
2017,10,47,29921,antigo
2017,10,49,1206,antigo
2017,10,50,-132,antigo
2017,10,51,436,antigo
2017,10,52,1036,antigo
2017,10,53,703,antigo
2017,10,55,979,antigo
2017,10,56,2027,antigo
2017,10,58,-90,antigo
2017,10,59,140,antigo
2017,10,60,-125,antigo
2017,10,61,240,antigo
2017,10,62,459,antigo
2017,10,63,-80,antigo
2017,10,64,-134,antigo
2017,10,65,68,antigo
2017,10,66,148,antigo
2017,10,68,25,antigo
2017,10,69,138,antigo
2017,10,70,621,antigo
2017,10,71,939,antigo
2017,10,72,-6,antigo
2017,10,73,339,antigo
2017,10,74,478,antigo
2017,10,75,129,antigo
2017,10,77,-33,antigo
2017,10,78,1615,antigo
2017,10,79,102,antigo
2017,10,80,-1974,antigo
2017,10,81,-437,antigo
2017,10,82,2035,antigo
2017,10,84,-244,antigo
2017,10,85,749,antigo
2017,10,86,4422,antigo
2017,10,87,182,antigo
2017,10,88,563,antigo
2017,10,90,-12,antigo
2017,10,91,29,antigo
2017,10,92,-5,antigo
2017,10,93,41,antigo
2017,10,94,-1502,antigo
2017,10,95,-39,antigo
2017,10,96,19,antigo
2017,10,97,-62,antigo
2017,10,99,-142,antigo
2017,11,01,-20222,antigo
2017,11,02,-1008,antigo
2017,11,03,-292,antigo
2017,11,05,3,antigo
2017,11,06,8,antigo
2017,11,07,-85,antigo
2017,11,08,-1055,antigo
2017,11,09,20,antigo
2017,11,10,-7224,antigo
2017,11,11,806,antigo
2017,11,12,-175,antigo
2017,11,13,-1635,antigo
2017,11,14,-4373,antigo
2017,11,15,-5110,antigo
2017,11,16,-585,antigo
2017,11,17,237,antigo
2017,11,18,-469,antigo
2017,11,19,-7851,antigo
2017,11,20,-558,antigo
2017,11,21,-74,antigo
2017,11,22,-194,antigo
2017,11,23,-1357,antigo
2017,11,24,278,antigo
2017,11,25,-425,antigo
2017,11,26,-119,antigo
2017,11,27,-355,antigo
2017,11,28,-253,antigo
2017,11,29,2058,antigo
2017,11,30,-564,antigo
2017,11,31,294,antigo
2017,11,32,-528,antigo
2017,11,33,-76,antigo
2017,11,35,-596,antigo
2017,11,36,-110,antigo
2017,11,37,145,antigo
2017,11,38,-244,antigo
2017,11,39,-66,antigo
2017,11,41,-12342,antigo
2017,11,42,-8085,antigo
2017,11,43,-4063,antigo
2017,11,45,-1978,antigo
2017,11,46,3078,antigo
2017,11,47,67240,antigo
2017,11,49,-1791,antigo
2017,11,50,-10,antigo
2017,11,51,213,antigo
2017,11,52,3336,antigo
2017,11,53,300,antigo
2017,11,55,1160,antigo
2017,11,56,3039,antigo
2017,11,58,-193,antigo
2017,11,59,-21,antigo
2017,11,60,-265,antigo
2017,11,61,579,antigo
2017,11,62,1301,antigo
2017,11,63,406,antigo
2017,11,64,516,antigo
2017,11,65,377,antigo
2017,11,66,235,antigo
2017,11,68,12,antigo
2017,11,69,-1381,antigo
2017,11,70,672,antigo
2017,11,71,-201,antigo
2017,11,72,-20,antigo
2017,11,73,467,antigo
2017,11,74,-252,antigo
2017,11,75,82,antigo
2017,11,77,-84,antigo
2017,11,78,826,antigo
2017,11,79,-166,antigo
2017,11,80,-1536,antigo
2017,11,81,-7286,antigo
2017,11,82,5493,antigo
2017,11,84,-2345,antigo
2017,11,85,-5206,antigo
2017,11,86,488,antigo
2017,11,87,32,antigo
2017,11,88,-312,antigo
2017,11,90,-89,antigo
2017,11,91,-70,antigo
2017,11,92,5,antigo
2017,11,93,199,antigo
2017,11,94,-2194,antigo
2017,11,95,-211,antigo
2017,11,96,-408,antigo
2017,11,97,-18,antigo
2017,11,99,-67,antigo
2017,12,01,-41931,antigo
2017,12,02,-1839,antigo
2017,12,03,-341,antigo
2017,12,05,-25,antigo
2017,12,06,-63,antigo
2017,12,07,-1165,antigo
2017,12,08,-1073,antigo
2017,12,09,17,antigo
2017,12,10,-22732,antigo
2017,12,11,-181,antigo
2017,12,12,-520,antigo
2017,12,13,-4925,antigo
2017,12,14,-15679,antigo
2017,12,15,-15295,antigo
2017,12,16,-3043,antigo
2017,12,17,-1400,antigo
2017,12,18,-1290,antigo
2017,12,19,-7067,antigo
2017,12,20,-2879,antigo
2017,12,21,-653,antigo
2017,12,22,-4839,antigo
2017,12,23,-4193,antigo
2017,12,24,-1429,antigo
2017,12,25,-4737,antigo
2017,12,26,-2172,antigo
2017,12,27,-1854,antigo
2017,12,28,-3140,antigo
2017,12,29,-988,antigo
2017,12,30,-999,antigo
2017,12,31,-3230,antigo
2017,12,32,-2673,antigo
2017,12,33,479,antigo
2017,12,35,-1649,antigo
2017,12,36,-195,antigo
2017,12,37,-46,antigo
2017,12,38,-137,antigo
2017,12,39,0,antigo
2017,12,41,-24916,antigo
2017,12,42,-16704,antigo
2017,12,43,-13587,antigo
2017,12,45,-4391,antigo
2017,12,46,-5799,antigo
2017,12,47,15111,antigo
2017,12,49,-13671,antigo
2017,12,50,93,antigo
2017,12,51,-81,antigo
2017,12,52,224,antigo
2017,12,53,-346,antigo
2017,12,55,3315,antigo
2017,12,56,291,antigo
2017,12,58,-978,antigo
2017,12,59,-27,antigo
2017,12,60,-65,antigo
2017,12,61,455,antigo
2017,12,62,-1581,antigo
2017,12,63,-425,antigo
2017,12,64,-515,antigo
2017,12,65,219,antigo
2017,12,66,-156,antigo
2017,12,68,-682,antigo
2017,12,69,-3460,antigo
2017,12,70,-156,antigo
2017,12,71,-3644,antigo
2017,12,72,-206,antigo
2017,12,73,-56,antigo
2017,12,74,-331,antigo
2017,12,75,22,antigo
2017,12,77,-2109,antigo
2017,12,78,-2401,antigo
2017,12,79,-38,antigo
2017,12,80,1394,antigo
2017,12,81,5544,antigo
2017,12,82,-2574,antigo
2017,12,84,-16356,antigo
2017,12,85,-61659,antigo
2017,12,86,-2452,antigo
2017,12,87,-2081,antigo
2017,12,88,-2974,antigo
2017,12,90,-89,antigo
2017,12,91,-40,antigo
2017,12,92,1,antigo
2017,12,93,-776,antigo
2017,12,94,-14007,antigo
2017,12,95,-769,antigo
2017,12,96,-1100,antigo
2017,12,97,-84,antigo
2017,12,99,-36,antigo
2018,1,01,14922,antigo
2018,1,02,318,antigo
2018,1,03,356,antigo
2018,1,05,1,antigo
2018,1,06,-7,antigo
2018,1,07,-103,antigo
2018,1,08,-235,antigo
2018,1,09,-12,antigo
2018,1,10,-169,antigo
2018,1,11,183,antigo
2018,1,12,1641,antigo
2018,1,13,2798,antigo
2018,1,14,5477,antigo
2018,1,15,12061,antigo
2018,1,16,1406,antigo
2018,1,17,265,antigo
2018,1,18,343,antigo
2018,1,19,-2756,antigo
2018,1,20,947,antigo
2018,1,21,1287,antigo
2018,1,22,3438,antigo
2018,1,23,1318,antigo
2018,1,24,1840,antigo
2018,1,25,3113,antigo
2018,1,26,1257,antigo
2018,1,27,659,antigo
2018,1,28,3043,antigo
2018,1,29,5647,antigo
2018,1,30,-553,antigo
2018,1,31,1813,antigo
2018,1,32,915,antigo
2018,1,33,2570,antigo
2018,1,35,136,antigo
2018,1,36,-223,antigo
2018,1,37,33,antigo
2018,1,38,1410,antigo
2018,1,39,-8,antigo
2018,1,41,6661,antigo
2018,1,42,4491,antigo
2018,1,43,4861,antigo
2018,1,45,3396,antigo
2018,1,46,4525,antigo
2018,1,47,-55259,antigo
2018,1,49,-4572,antigo
2018,1,50,-97,antigo
2018,1,51,-176,antigo
2018,1,52,1065,antigo
2018,1,53,-1553,antigo
2018,1,55,1299,antigo
2018,1,56,3106,antigo
2018,1,58,-45,antigo
2018,1,59,438,antigo
2018,1,60,-82,antigo
2018,1,61,1427,antigo
2018,1,62,2363,antigo
2018,1,63,824,antigo
2018,1,64,1674,antigo
2018,1,65,321,antigo
2018,1,66,1125,antigo
2018,1,68,637,antigo
2018,1,69,3820,antigo
2018,1,70,-300,antigo
2018,1,71,1470,antigo
2018,1,72,-80,antigo
2018,1,73,498,antigo
2018,1,74,387,antigo
2018,1,75,185,antigo
2018,1,77,1526,antigo
2018,1,78,1950,antigo
2018,1,79,380,antigo
2018,1,80,1033,antigo
2018,1,81,2104,antigo
2018,1,82,5559,antigo
2018,1,84,-817,antigo
2018,1,85,7628,antigo
2018,1,86,8186,antigo
2018,1,87,581,antigo
2018,1,88,310,antigo
2018,1,90,-31,antigo
2018,1,91,-2,antigo
2018,1,92,-3,antigo
2018,1,93,1512,antigo
2018,1,94,375,antigo
2018,1,95,189,antigo
2018,1,96,-154,antigo
2018,1,97,23,antigo
2018,1,99,-67,antigo
2018,2,01,-4859,antigo
2018,2,02,176,antigo
2018,2,03,635,antigo
2018,2,05,13,antigo
2018,2,06,73,antigo
2018,2,07,567,antigo
2018,2,08,-325,antigo
2018,2,09,169,antigo
2018,2,10,-12969,antigo
2018,2,11,232,antigo
2018,2,12,3889,antigo
2018,2,13,2590,antigo
2018,2,14,1996,antigo
2018,2,15,6867,antigo
2018,2,16,1033,antigo
2018,2,17,473,antigo
2018,2,18,-162,antigo
2018,2,19,-514,antigo
2018,2,20,1,antigo
2018,2,21,440,antigo
2018,2,22,1552,antigo
2018,2,23,3,antigo
2018,2,24,1342,antigo
2018,2,25,1904,antigo
2018,2,26,319,antigo
2018,2,27,767,antigo
2018,2,28,1382,antigo
2018,2,29,3227,antigo
2018,2,30,-847,antigo
2018,2,31,1176,antigo
2018,2,32,454,antigo
2018,2,33,-572,antigo
2018,2,35,119,antigo
2018,2,36,-125,antigo
2018,2,37,73,antigo
2018,2,38,758,antigo
2018,2,39,-5,antigo
2018,2,41,-1797,antigo
2018,2,42,-3000,antigo
2018,2,43,1011,antigo
2018,2,45,2112,antigo
2018,2,46,3622,antigo
2018,2,47,-29589,antigo
2018,2,49,2611,antigo
2018,2,50,-116,antigo
2018,2,51,-138,antigo
2018,2,52,1022,antigo
2018,2,53,-526,antigo
2018,2,55,-2296,antigo
2018,2,56,-999,antigo
2018,2,58,-196,antigo
2018,2,59,-190,antigo
2018,2,60,-302,antigo
2018,2,61,1128,antigo
2018,2,62,167,antigo
2018,2,63,295,antigo
2018,2,64,128,antigo
2018,2,65,259,antigo
2018,2,66,424,antigo
2018,2,68,255,antigo
2018,2,69,375,antigo
2018,2,70,858,antigo
2018,2,71,1708,antigo
2018,2,72,44,antigo
2018,2,73,846,antigo
2018,2,74,114,antigo
2018,2,75,180,antigo
2018,2,77,2039,antigo
2018,2,78,1214,antigo
2018,2,79,168,antigo
2018,2,80,-425,antigo
2018,2,81,956,antigo
2018,2,82,771,antigo
2018,2,84,9567,antigo
2018,2,85,44619,antigo
2018,2,86,2928,antigo
2018,2,87,1735,antigo
2018,2,88,1099,antigo
2018,2,90,-163,antigo
2018,2,91,-31,antigo
2018,2,92,0,antigo
2018,2,93,-418,antigo
2018,2,94,7182,antigo
2018,2,95,-39,antigo
2018,2,96,116,antigo
2018,2,97,35,antigo
2018,2,99,-27,antigo
2018,3,01,-17883,antigo
2018,3,02,32,antigo
2018,3,03,-102,antigo
2018,3,05,20,antigo
2018,3,06,-22,antigo
2018,3,07,185,antigo
2018,3,08,178,antigo
2018,3,09,-152,antigo
2018,3,10,-9193,antigo
2018,3,11,-310,antigo
2018,3,12,4101,antigo
2018,3,13,1070,antigo
2018,3,14,674,antigo
2018,3,15,2418,antigo
2018,3,16,113,antigo
2018,3,17,-41,antigo
2018,3,18,-94,antigo
2018,3,19,3328,antigo
2018,3,20,-378,antigo
2018,3,21,641,antigo
2018,3,22,169,antigo
2018,3,23,-599,antigo
2018,3,24,882,antigo
2018,3,25,719,antigo
2018,3,26,-362,antigo
2018,3,27,413,antigo
2018,3,28,319,antigo
2018,3,29,2737,antigo
2018,3,30,-217,antigo
2018,3,31,810,antigo
2018,3,32,770,antigo
2018,3,33,949,antigo
2018,3,35,-73,antigo
2018,3,36,642,antigo
2018,3,37,-139,antigo
2018,3,38,41,antigo
2018,3,39,28,antigo
2018,3,41,1930,antigo
2018,3,42,2961,antigo
2018,3,43,2932,antigo
2018,3,45,1150,antigo
2018,3,46,5690,antigo
2018,3,47,-12012,antigo
2018,3,49,9457,antigo
2018,3,50,57,antigo
2018,3,51,-138,antigo
2018,3,52,-89,antigo
2018,3,53,336,antigo
2018,3,55,-2453,antigo
2018,3,56,-2769,antigo
2018,3,58,-46,antigo
2018,3,59,-9,antigo
2018,3,60,-186,antigo
2018,3,61,1231,antigo
2018,3,62,1597,antigo
2018,3,63,568,antigo
2018,3,64,-638,antigo
2018,3,65,369,antigo
2018,3,66,521,antigo
2018,3,68,638,antigo
2018,3,69,132,antigo
2018,3,70,238,antigo
2018,3,71,1657,antigo
2018,3,72,782,antigo
2018,3,73,461,antigo
2018,3,74,555,antigo
2018,3,75,142,antigo
2018,3,77,1986,antigo
2018,3,78,4936,antigo
2018,3,79,153,antigo
2018,3,80,2054,antigo
2018,3,81,2257,antigo
2018,3,82,3956,antigo
2018,3,84,3714,antigo
2018,3,85,18978,antigo
2018,3,86,8066,antigo
2018,3,87,687,antigo
2018,3,88,121,antigo
2018,3,90,95,antigo
2018,3,91,7,antigo
2018,3,92,-3,antigo
2018,3,93,-469,antigo
2018,3,94,2763,antigo
2018,3,95,22,antigo
2018,3,96,113,antigo
2018,3,97,-34,antigo
2018,3,99,11,antigo
2018,4,01,721,antigo
2018,4,02,610,antigo
2018,4,03,-93,antigo
2018,4,05,-52,antigo
2018,4,06,-41,antigo
2018,4,07,141,antigo
2018,4,08,637,antigo
2018,4,09,-30,antigo
2018,4,10,6238,antigo
2018,4,11,30,antigo
2018,4,12,1759,antigo
2018,4,13,-68,antigo
2018,4,14,-344,antigo
2018,4,15,-201,antigo
2018,4,16,788,antigo
2018,4,17,-14,antigo
2018,4,18,-93,antigo
2018,4,19,6989,antigo
2018,4,20,489,antigo
2018,4,21,596,antigo
2018,4,22,996,antigo
2018,4,23,325,antigo
2018,4,24,445,antigo
2018,4,25,748,antigo
2018,4,26,-1239,antigo
2018,4,27,209,antigo
2018,4,28,818,antigo
2018,4,29,3060,antigo
2018,4,30,-170,antigo
2018,4,31,721,antigo
2018,4,32,788,antigo
2018,4,33,-287,antigo
2018,4,35,214,antigo
2018,4,36,-120,antigo
2018,4,37,218,antigo
2018,4,38,425,antigo
2018,4,39,9,antigo
2018,4,41,7660,antigo
2018,4,42,3080,antigo
2018,4,43,4304,antigo
2018,4,45,2815,antigo
2018,4,46,932,antigo
2018,4,47,6465,antigo
2018,4,49,12172,antigo
2018,4,50,142,antigo
2018,4,51,-24,antigo
2018,4,52,-289,antigo
2018,4,53,526,antigo
2018,4,55,-1320,antigo
2018,4,56,1919,antigo
2018,4,58,-262,antigo
2018,4,59,650,antigo
2018,4,60,-23,antigo
2018,4,61,2029,antigo
2018,4,62,2576,antigo
2018,4,63,17,antigo
2018,4,64,1309,antigo
2018,4,65,94,antigo
2018,4,66,555,antigo
2018,4,68,904,antigo
2018,4,69,837,antigo
2018,4,70,593,antigo
2018,4,71,779,antigo
2018,4,72,197,antigo
2018,4,73,917,antigo
2018,4,74,408,antigo
2018,4,75,172,antigo
2018,4,77,1657,antigo
2018,4,78,343,antigo
2018,4,79,248,antigo
2018,4,80,998,antigo
2018,4,81,3490,antigo
2018,4,82,4735,antigo
2018,4,84,1005,antigo
2018,4,85,10032,antigo
2018,4,86,10634,antigo
2018,4,87,904,antigo
2018,4,88,1183,antigo
2018,4,90,13,antigo
2018,4,91,-8,antigo
2018,4,92,2,antigo
2018,4,93,535,antigo
2018,4,94,4301,antigo
2018,4,95,344,antigo
2018,4,96,53,antigo
2018,4,97,9,antigo
2018,4,99,64,antigo
2018,5,01,28229,antigo
2018,5,02,1384,antigo
2018,5,03,-338,antigo
2018,5,05,13,antigo
2018,5,06,-82,antigo
2018,5,07,189,antigo
2018,5,08,76,antigo
2018,5,09,-208,antigo
2018,5,10,1524,antigo
2018,5,11,52,antigo
2018,5,12,1048,antigo
2018,5,13,-736,antigo
2018,5,14,-3468,antigo
2018,5,15,-4265,antigo
2018,5,16,-301,antigo
2018,5,17,-312,antigo
2018,5,18,-252,antigo
2018,5,19,1266,antigo
2018,5,20,-114,antigo
2018,5,21,629,antigo
2018,5,22,-334,antigo
2018,5,23,-512,antigo
2018,5,24,330,antigo
2018,5,25,-769,antigo
2018,5,26,-751,antigo
2018,5,27,-481,antigo
2018,5,28,-66,antigo
2018,5,29,2498,antigo
2018,5,30,-410,antigo
2018,5,31,-1075,antigo
2018,5,32,392,antigo
2018,5,33,-101,antigo
2018,5,35,-11,antigo
2018,5,36,130,antigo
2018,5,37,66,antigo
2018,5,38,394,antigo
2018,5,39,-17,antigo
2018,5,41,159,antigo
2018,5,42,3049,antigo
2018,5,43,-779,antigo
2018,5,45,289,antigo
2018,5,46,-1837,antigo
2018,5,47,-9986,antigo
2018,5,49,469,antigo
2018,5,50,-42,antigo
2018,5,51,49,antigo
2018,5,52,-220,antigo
2018,5,53,-137,antigo
2018,5,55,-1620,antigo
2018,5,56,-5214,antigo
2018,5,58,-282,antigo
2018,5,59,11,antigo
2018,5,60,-201,antigo
2018,5,61,1817,antigo
2018,5,62,1136,antigo
2018,5,63,566,antigo
2018,5,64,929,antigo
2018,5,65,160,antigo
2018,5,66,524,antigo
2018,5,68,17,antigo
2018,5,69,-418,antigo
2018,5,70,-17,antigo
2018,5,71,1284,antigo
2018,5,72,276,antigo
2018,5,73,445,antigo
2018,5,74,214,antigo
2018,5,75,124,antigo
2018,5,77,-440,antigo
2018,5,78,1061,antigo
2018,5,79,99,antigo
2018,5,80,464,antigo
2018,5,81,1572,antigo
2018,5,82,1883,antigo
2018,5,84,179,antigo
2018,5,85,3066,antigo
2018,5,86,8112,antigo
2018,5,87,335,antigo
2018,5,88,1198,antigo
2018,5,90,8,antigo
2018,5,91,2,antigo
2018,5,92,-8,antigo
2018,5,93,-446,antigo
2018,5,94,2982,antigo
2018,5,95,-65,antigo
2018,5,96,-771,antigo
2018,5,97,-1,antigo
2018,5,99,47,antigo
2018,6,01,40321,antigo
2018,6,02,369,antigo
2018,6,03,349,antigo
2018,6,05,-6,antigo
2018,6,06,-10,antigo
2018,6,07,-169,antigo
2018,6,08,92,antigo
2018,6,09,-70,antigo
2018,6,10,751,antigo
2018,6,11,71,antigo
2018,6,12,-231,antigo
2018,6,13,-787,antigo
2018,6,14,-5407,antigo
2018,6,15,-3704,antigo
2018,6,16,29,antigo
2018,6,17,-429,antigo
2018,6,18,-414,antigo
2018,6,19,3165,antigo
2018,6,20,-311,antigo
2018,6,21,48,antigo
2018,6,22,-2188,antigo
2018,6,23,-1211,antigo
2018,6,24,-764,antigo
2018,6,25,-2369,antigo
2018,6,26,-379,antigo
2018,6,27,-621,antigo
2018,6,28,-687,antigo
2018,6,29,161,antigo
2018,6,30,-402,antigo
2018,6,31,-1477,antigo
2018,6,32,-188,antigo
2018,6,33,-1896,antigo
2018,6,35,121,antigo
2018,6,36,206,antigo
2018,6,37,87,antigo
2018,6,38,713,antigo
2018,6,39,-9,antigo
2018,6,41,-3106,antigo
2018,6,42,1155,antigo
2018,6,43,41,antigo
2018,6,45,-1482,antigo
2018,6,46,-2548,antigo
2018,6,47,-17429,antigo
2018,6,49,448,antigo
2018,6,50,37,antigo
2018,6,51,303,antigo
2018,6,52,1113,antigo
2018,6,53,-385,antigo
2018,6,55,-1355,antigo
2018,6,56,-4914,antigo
2018,6,58,-388,antigo
2018,6,59,-189,antigo
2018,6,60,-81,antigo
2018,6,61,136,antigo
2018,6,62,1517,antigo
2018,6,63,39,antigo
2018,6,64,1185,antigo
2018,6,65,223,antigo
2018,6,66,680,antigo
2018,6,68,-99,antigo
2018,6,69,143,antigo
2018,6,70,458,antigo
2018,6,71,1169,antigo
2018,6,72,53,antigo
2018,6,73,445,antigo
2018,6,74,135,antigo
2018,6,75,16,antigo
2018,6,77,-822,antigo
2018,6,78,1737,antigo
2018,6,79,71,antigo
2018,6,80,-64,antigo
2018,6,81,-975,antigo
2018,6,82,1252,antigo
2018,6,84,-882,antigo
2018,6,85,-8846,antigo
2018,6,86,7561,antigo
2018,6,87,331,antigo
2018,6,88,808,antigo
2018,6,90,-9,antigo
2018,6,91,55,antigo
2018,6,92,1,antigo
2018,6,93,-372,antigo
2018,6,94,678,antigo
2018,6,95,-266,antigo
2018,6,96,-1008,antigo
2018,6,97,15,antigo
2018,6,99,0,antigo
2018,7,01,16598,antigo
2018,7,02,909,antigo
2018,7,03,58,antigo
2018,7,05,-4,antigo
2018,7,06,-38,antigo
2018,7,07,371,antigo
2018,7,08,368,antigo
2018,7,09,-188,antigo
2018,7,10,5747,antigo
2018,7,11,171,antigo
2018,7,12,-2004,antigo
2018,7,13,86,antigo
2018,7,14,-3115,antigo
2018,7,15,-2084,antigo
2018,7,16,742,antigo
2018,7,17,239,antigo
2018,7,18,-276,antigo
2018,7,19,811,antigo
2018,7,20,658,antigo
2018,7,21,608,antigo
2018,7,22,143,antigo
2018,7,23,20,antigo
2018,7,24,1133,antigo
2018,7,25,-752,antigo
2018,7,26,1,antigo
2018,7,27,-13,antigo
2018,7,28,1134,antigo
2018,7,29,2108,antigo
2018,7,30,242,antigo
2018,7,31,-341,antigo
2018,7,32,178,antigo
2018,7,33,995,antigo
2018,7,35,493,antigo
2018,7,36,529,antigo
2018,7,37,-85,antigo
2018,7,38,801,antigo
2018,7,39,-26,antigo
2018,7,41,3769,antigo
2018,7,42,2913,antigo
2018,7,43,3160,antigo
2018,7,45,-225,antigo
2018,7,46,4830,antigo
2018,7,47,-4407,antigo
2018,7,49,1636,antigo
2018,7,50,117,antigo
2018,7,51,-35,antigo
2018,7,52,1568,antigo
2018,7,53,-179,antigo
2018,7,55,-663,antigo
2018,7,56,-5876,antigo
2018,7,58,-219,antigo
2018,7,59,-709,antigo
2018,7,60,-195,antigo
2018,7,61,927,antigo
2018,7,62,3948,antigo
2018,7,63,101,antigo
2018,7,64,2289,antigo
2018,7,65,-199,antigo
2018,7,66,576,antigo
2018,7,68,390,antigo
2018,7,69,1000,antigo
2018,7,70,888,antigo
2018,7,71,3312,antigo
2018,7,72,-229,antigo
2018,7,73,796,antigo
2018,7,74,840,antigo
2018,7,75,93,antigo
2018,7,77,893,antigo
2018,7,78,-412,antigo
2018,7,79,-147,antigo
2018,7,80,-456,antigo
2018,7,81,1385,antigo
2018,7,82,4627,antigo
2018,7,84,-1485,antigo
2018,7,85,-14445,antigo
2018,7,86,7882,antigo
2018,7,87,71,antigo
2018,7,88,348,antigo
2018,7,90,9,antigo
2018,7,91,16,antigo
2018,7,92,-5,antigo
2018,7,93,378,antigo
2018,7,94,2979,antigo
2018,7,95,-21,antigo
2018,7,96,-711,antigo
2018,7,97,-8,antigo
2018,7,99,-13,antigo
2018,8,01,-4849,antigo
2018,8,02,1157,antigo
2018,8,03,105,antigo
2018,8,05,-30,antigo
2018,8,06,-46,antigo
2018,8,07,384,antigo
2018,8,08,219,antigo
2018,8,09,-68,antigo
2018,8,10,15570,antigo
2018,8,11,320,antigo
2018,8,12,-5360,antigo
2018,8,13,-1009,antigo
2018,8,14,-1717,antigo
2018,8,15,-1734,antigo
2018,8,16,1292,antigo
2018,8,17,482,antigo
2018,8,18,-195,antigo
2018,8,19,2158,antigo
2018,8,20,474,antigo
2018,8,21,270,antigo
2018,8,22,611,antigo
2018,8,23,495,antigo
2018,8,24,227,antigo
2018,8,25,-1036,antigo
2018,8,26,119,antigo
2018,8,27,312,antigo
2018,8,28,888,antigo
2018,8,29,846,antigo
2018,8,30,-327,antigo
2018,8,31,192,antigo
2018,8,32,602,antigo
2018,8,33,1581,antigo
2018,8,35,257,antigo
2018,8,36,634,antigo
2018,8,37,6,antigo
2018,8,38,546,antigo
2018,8,39,19,antigo
2018,8,41,2744,antigo
2018,8,42,3452,antigo
2018,8,43,5335,antigo
2018,8,45,1789,antigo
2018,8,46,4341,antigo
2018,8,47,12734,antigo
2018,8,49,5466,antigo
2018,8,50,-43,antigo
2018,8,51,-266,antigo
2018,8,52,2579,antigo
2018,8,53,-648,antigo
2018,8,55,54,antigo
2018,8,56,2619,antigo
2018,8,58,-527,antigo
2018,8,59,-314,antigo
2018,8,60,-128,antigo
2018,8,61,992,antigo
2018,8,62,5749,antigo
2018,8,63,-31,antigo
2018,8,64,1670,antigo
2018,8,65,-269,antigo
2018,8,66,564,antigo
2018,8,68,179,antigo
2018,8,69,-265,antigo
2018,8,70,941,antigo
2018,8,71,2645,antigo
2018,8,72,207,antigo
2018,8,73,901,antigo
2018,8,74,839,antigo
2018,8,75,82,antigo
2018,8,77,1730,antigo
2018,8,78,1405,antigo
2018,8,79,33,antigo
2018,8,80,1623,antigo
2018,8,81,2277,antigo
2018,8,82,-696,antigo
2018,8,84,492,antigo
2018,8,85,20959,antigo
2018,8,86,8189,antigo
2018,8,87,709,antigo
2018,8,88,1684,antigo
2018,8,90,122,antigo
2018,8,91,12,antigo
2018,8,92,16,antigo
2018,8,93,297,antigo
2018,8,94,5037,antigo
2018,8,95,-41,antigo
2018,8,96,-263,antigo
2018,8,97,21,antigo
2018,8,99,39,antigo
2018,9,01,-3902,antigo
2018,9,02,1201,antigo
2018,9,03,-61,antigo
2018,9,05,12,antigo
2018,9,06,-14,antigo
2018,9,07,297,antigo
2018,9,08,103,antigo
2018,9,09,-126,antigo
2018,9,10,27784,antigo
2018,9,11,580,antigo
2018,9,12,-4242,antigo
2018,9,13,-125,antigo
2018,9,14,76,antigo
2018,9,15,562,antigo
2018,9,16,1100,antigo
2018,9,17,721,antigo
2018,9,18,280,antigo
2018,9,19,954,antigo
2018,9,20,774,antigo
2018,9,21,350,antigo
2018,9,22,1209,antigo
2018,9,23,1433,antigo
2018,9,24,511,antigo
2018,9,25,1118,antigo
2018,9,26,468,antigo
2018,9,27,161,antigo
2018,9,28,1185,antigo
2018,9,29,-273,antigo
2018,9,30,-470,antigo
2018,9,31,955,antigo
2018,9,32,606,antigo
2018,9,33,217,antigo
2018,9,35,437,antigo
2018,9,36,190,antigo
2018,9,37,-72,antigo
2018,9,38,798,antigo
2018,9,39,6,antigo
2018,9,41,2544,antigo
2018,9,42,5303,antigo
2018,9,43,4400,antigo
2018,9,45,3003,antigo
2018,9,46,4675,antigo
2018,9,47,20335,antigo
2018,9,49,6305,antigo
2018,9,50,-141,antigo
2018,9,51,-781,antigo
2018,9,52,251,antigo
2018,9,53,-300,antigo
2018,9,55,990,antigo
2018,9,56,7426,antigo
2018,9,58,-88,antigo
2018,9,59,-107,antigo
2018,9,60,64,antigo
2018,9,61,1366,antigo
2018,9,62,5123,antigo
2018,9,63,365,antigo
2018,9,64,2545,antigo
2018,9,65,454,antigo
2018,9,66,777,antigo
2018,9,68,177,antigo
2018,9,69,1530,antigo
2018,9,70,920,antigo
2018,9,71,2991,antigo
2018,9,72,676,antigo
2018,9,73,996,antigo
2018,9,74,1147,antigo
2018,9,75,141,antigo
2018,9,77,1017,antigo
2018,9,78,4531,antigo
2018,9,79,267,antigo
2018,9,80,-494,antigo
2018,9,81,4752,antigo
2018,9,82,3933,antigo
2018,9,84,961,antigo
2018,9,85,6945,antigo
2018,9,86,6209,antigo
2018,9,87,611,antigo
2018,9,88,512,antigo
2018,9,90,-31,antigo
2018,9,91,23,antigo
2018,9,92,7,antigo
2018,9,93,737,antigo
2018,9,94,-670,antigo
2018,9,95,-112,antigo
2018,9,96,207,antigo
2018,9,97,19,antigo
2018,9,99,22,antigo
2018,10,01,-13482,antigo
2018,10,02,534,antigo
2018,10,03,-251,antigo
2018,10,05,-33,antigo
2018,10,06,34,antigo
2018,10,07,389,antigo
2018,10,08,-40,antigo
2018,10,09,149,antigo
2018,10,10,2849,antigo
2018,10,11,467,antigo
2018,10,12,-459,antigo
2018,10,13,-593,antigo
2018,10,14,295,antigo
2018,10,15,1490,antigo
2018,10,16,342,antigo
2018,10,17,-49,antigo
2018,10,18,-8,antigo
2018,10,19,-2496,antigo
2018,10,20,196,antigo
2018,10,21,412,antigo
2018,10,22,643,antigo
2018,10,23,244,antigo
2018,10,24,882,antigo
2018,10,25,1573,antigo
2018,10,26,262,antigo
2018,10,27,1022,antigo
2018,10,28,959,antigo
2018,10,29,-2459,antigo
2018,10,30,-532,antigo
2018,10,31,1019,antigo
2018,10,32,477,antigo
2018,10,33,1107,antigo
2018,10,35,313,antigo
2018,10,36,279,antigo
2018,10,37,-149,antigo
2018,10,38,169,antigo
2018,10,39,8,antigo
2018,10,41,773,antigo
2018,10,42,-1699,antigo
2018,10,43,871,antigo
2018,10,45,1300,antigo
2018,10,46,5327,antigo
2018,10,47,27867,antigo
2018,10,49,1532,antigo
2018,10,50,19,antigo
2018,10,51,271,antigo
2018,10,52,2402,antigo
2018,10,53,-564,antigo
2018,10,55,1177,antigo
2018,10,56,5062,antigo
2018,10,58,-676,antigo
2018,10,59,-97,antigo
2018,10,60,-97,antigo
2018,10,61,1132,antigo
2018,10,62,-1286,antigo
2018,10,63,103,antigo
2018,10,64,1177,antigo
2018,10,65,297,antigo
2018,10,66,406,antigo
2018,10,68,64,antigo
2018,10,69,287,antigo
2018,10,70,1127,antigo
2018,10,71,2639,antigo
2018,10,72,-436,antigo
2018,10,73,633,antigo
2018,10,74,653,antigo
2018,10,75,77,antigo
2018,10,77,362,antigo
2018,10,78,275,antigo
2018,10,79,9,antigo
2018,10,80,1292,antigo
2018,10,81,-2019,antigo
2018,10,82,1220,antigo
2018,10,84,-348,antigo
2018,10,85,1879,antigo
2018,10,86,6382,antigo
2018,10,87,564,antigo
2018,10,88,827,antigo
2018,10,90,-67,antigo
2018,10,91,32,antigo
2018,10,92,-6,antigo
2018,10,93,193,antigo
2018,10,94,563,antigo
2018,10,95,67,antigo
2018,10,96,639,antigo
2018,10,97,-17,antigo
2018,10,99,-18,antigo
2018,11,01,-22825,antigo
2018,11,02,-749,antigo
2018,11,03,80,antigo
2018,11,05,17,antigo
2018,11,06,-94,antigo
2018,11,07,9,antigo
2018,11,08,-653,antigo
2018,11,09,164,antigo
2018,11,10,-7794,antigo
2018,11,11,376,antigo
2018,11,12,-164,antigo
2018,11,13,-1782,antigo
2018,11,14,-3277,antigo
2018,11,15,-2804,antigo
2018,11,16,-1054,antigo
2018,11,17,-139,antigo
2018,11,18,-14,antigo
2018,11,19,-3831,antigo
2018,11,20,-347,antigo
2018,11,21,-162,antigo
2018,11,22,-1093,antigo
2018,11,23,-910,antigo
2018,11,24,476,antigo
2018,11,25,990,antigo
2018,11,26,-701,antigo
2018,11,27,-265,antigo
2018,11,28,-367,antigo
2018,11,29,-1667,antigo
2018,11,30,-519,antigo
2018,11,31,8,antigo
2018,11,32,-497,antigo
2018,11,33,961,antigo
2018,11,35,90,antigo
2018,11,36,46,antigo
2018,11,37,-5,antigo
2018,11,38,-804,antigo
2018,11,39,-33,antigo
2018,11,41,-8501,antigo
2018,11,42,-5422,antigo
2018,11,43,-1207,antigo
2018,11,45,768,antigo
2018,11,46,6129,antigo
2018,11,47,81979,antigo
2018,11,49,1476,antigo
2018,11,50,-409,antigo
2018,11,51,457,antigo
2018,11,52,2006,antigo
2018,11,53,44,antigo
2018,11,55,2032,antigo
2018,11,56,8672,antigo
2018,11,58,-445,antigo
2018,11,59,116,antigo
2018,11,60,-207,antigo
2018,11,61,921,antigo
2018,11,62,591,antigo
2018,11,63,538,antigo
2018,11,64,711,antigo
2018,11,65,291,antigo
2018,11,66,805,antigo
2018,11,68,-49,antigo
2018,11,69,38,antigo
2018,11,70,-147,antigo
2018,11,71,527,antigo
2018,11,72,174,antigo
2018,11,73,915,antigo
2018,11,74,782,antigo
2018,11,75,136,antigo
2018,11,77,605,antigo
2018,11,78,1362,antigo
2018,11,79,64,antigo
2018,11,80,988,antigo
2018,11,81,1970,antigo
2018,11,82,5196,antigo
2018,11,84,-1090,antigo
2018,11,85,-3610,antigo
2018,11,86,7822,antigo
2018,11,87,483,antigo
2018,11,88,20,antigo
2018,11,90,89,antigo
2018,11,91,-21,antigo
2018,11,92,0,antigo
2018,11,93,607,antigo
2018,11,94,-442,antigo
2018,11,95,-28,antigo
2018,11,96,313,antigo
2018,11,97,1,antigo
2018,11,99,-53,antigo
2018,12,01,-43972,antigo
2018,12,02,-2730,antigo
2018,12,03,-383,antigo
2018,12,05,-13,antigo
2018,12,06,-48,antigo
2018,12,07,-253,antigo
2018,12,08,-671,antigo
2018,12,09,-227,antigo
2018,12,10,-22802,antigo
2018,12,11,-108,antigo
2018,12,12,-482,antigo
2018,12,13,-4881,antigo
2018,12,14,-14986,antigo
2018,12,15,-15260,antigo
2018,12,16,-3417,antigo
2018,12,17,-1782,antigo
2018,12,18,-936,antigo
2018,12,19,-6496,antigo
2018,12,20,-2525,antigo
2018,12,21,-756,antigo
2018,12,22,-5199,antigo
2018,12,23,-4315,antigo
2018,12,24,-1483,antigo
2018,12,25,-4778,antigo
2018,12,26,-1053,antigo
2018,12,27,-2183,antigo
2018,12,28,-4978,antigo
2018,12,29,-3766,antigo
2018,12,30,-1654,antigo
2018,12,31,-4271,antigo
2018,12,32,-3509,antigo
2018,12,33,-116,antigo
2018,12,35,-950,antigo
2018,12,36,-227,antigo
2018,12,37,-1,antigo
2018,12,38,-209,antigo
2018,12,39,-12,antigo
2018,12,41,-23791,antigo
2018,12,42,-19653,antigo
2018,12,43,-11329,antigo
2018,12,45,-3147,antigo
2018,12,46,-2438,antigo
2018,12,47,23870,antigo
2018,12,49,-16636,antigo
2018,12,50,-4,antigo
2018,12,51,-43,antigo
2018,12,52,-1699,antigo
2018,12,53,-333,antigo
2018,12,55,4204,antigo
2018,12,56,-1434,antigo
2018,12,58,-910,antigo
2018,12,59,-10,antigo
2018,12,60,-530,antigo
2018,12,61,-881,antigo
2018,12,62,1157,antigo
2018,12,63,-62,antigo
2018,12,64,-1921,antigo
2018,12,65,-126,antigo
2018,12,66,62,antigo
2018,12,68,-537,antigo
2018,12,69,-3145,antigo
2018,12,70,-894,antigo
2018,12,71,-3341,antigo
2018,12,72,-899,antigo
2018,12,73,-719,antigo
2018,12,74,52,antigo
2018,12,75,75,antigo
2018,12,77,-3623,antigo
2018,12,78,-1805,antigo
2018,12,79,55,antigo
2018,12,80,1800,antigo
2018,12,81,5567,antigo
2018,12,82,-1068,antigo
2018,12,84,-16953,antigo
2018,12,85,-62997,antigo
2018,12,86,-4469,antigo
2018,12,87,-1806,antigo
2018,12,88,-2814,antigo
2018,12,90,-300,antigo
2018,12,91,-73,antigo
2018,12,92,2,antigo
2018,12,93,-223,antigo
2018,12,94,-17890,antigo
2018,12,95,-462,antigo
2018,12,96,-700,antigo
2018,12,97,-45,antigo
2018,12,99,-164,antigo
2019,1,01,7353,antigo
2019,1,02,169,antigo
2019,1,03,302,antigo
2019,1,05,-8,antigo
2019,1,06,12,antigo
2019,1,07,237,antigo
2019,1,08,-143,antigo
2019,1,09,88,antigo
2019,1,10,-5662,antigo
2019,1,11,302,antigo
2019,1,12,1302,antigo
2019,1,13,2885,antigo
2019,1,14,6275,antigo
2019,1,15,6270,antigo
2019,1,16,1725,antigo
2019,1,17,859,antigo
2019,1,18,15,antigo
2019,1,19,-2589,antigo
2019,1,20,166,antigo
2019,1,21,683,antigo
2019,1,22,3861,antigo
2019,1,23,1651,antigo
2019,1,24,615,antigo
2019,1,25,3114,antigo
2019,1,26,827,antigo
2019,1,27,1563,antigo
2019,1,28,3574,antigo
2019,1,29,3246,antigo
2019,1,30,15,antigo
2019,1,31,1735,antigo
2019,1,32,947,antigo
2019,1,33,3041,antigo
2019,1,35,-278,antigo
2019,1,36,-154,antigo
2019,1,37,2,antigo
2019,1,38,682,antigo
2019,1,39,-24,antigo
2019,1,41,6871,antigo
2019,1,42,3138,antigo
2019,1,43,5309,antigo
2019,1,45,2543,antigo
2019,1,46,3406,antigo
2019,1,47,-71259,antigo
2019,1,49,-2628,antigo
2019,1,50,-21,antigo
2019,1,51,-325,antigo
2019,1,52,940,antigo
2019,1,53,-161,antigo
2019,1,55,318,antigo
2019,1,56,-1812,antigo
2019,1,58,-264,antigo
2019,1,59,416,antigo
2019,1,60,-191,antigo
2019,1,61,808,antigo
2019,1,62,2629,antigo
2019,1,63,-57,antigo
2019,1,64,989,antigo
2019,1,65,401,antigo
2019,1,66,821,antigo
2019,1,68,495,antigo
2019,1,69,4841,antigo
2019,1,70,263,antigo
2019,1,71,2017,antigo
2019,1,72,-59,antigo
2019,1,73,574,antigo
2019,1,74,609,antigo
2019,1,75,87,antigo
2019,1,77,2186,antigo
2019,1,78,1833,antigo
2019,1,79,106,antigo
2019,1,80,-1162,antigo
2019,1,81,2038,antigo
2019,1,82,3990,antigo
2019,1,84,-649,antigo
2019,1,85,4837,antigo
2019,1,86,14530,antigo
2019,1,87,345,antigo
2019,1,88,513,antigo
2019,1,90,-12,antigo
2019,1,91,2,antigo
2019,1,92,3,antigo
2019,1,93,1649,antigo
2019,1,94,-1114,antigo
2019,1,95,95,antigo
2019,1,96,-249,antigo
2019,1,97,-8,antigo
2019,1,99,24,antigo
2019,2,01,-4242,antigo
2019,2,02,584,antigo
2019,2,03,334,antigo
2019,2,05,38,antigo
2019,2,06,-44,antigo
2019,2,07,773,antigo
2019,2,08,237,antigo
2019,2,09,-59,antigo
2019,2,10,-10141,antigo
2019,2,11,323,antigo
2019,2,12,4395,antigo
2019,2,13,2246,antigo
2019,2,14,3455,antigo
2019,2,15,6964,antigo
2019,2,16,736,antigo
2019,2,17,663,antigo
2019,2,18,13,antigo
2019,2,19,-151,antigo
2019,2,20,742,antigo
2019,2,21,881,antigo
2019,2,22,2610,antigo
2019,2,23,1668,antigo
2019,2,24,1434,antigo
2019,2,25,3427,antigo
2019,2,26,877,antigo
2019,2,27,1870,antigo
2019,2,28,2508,antigo
2019,2,29,1576,antigo
2019,2,30,-69,antigo
2019,2,31,845,antigo
2019,2,32,912,antigo
2019,2,33,732,antigo
2019,2,35,-692,antigo
2019,2,36,239,antigo
2019,2,37,38,antigo
2019,2,38,1523,antigo
2019,2,39,5,antigo
2019,2,41,6793,antigo
2019,2,42,1292,antigo
2019,2,43,3911,antigo
2019,2,45,5341,antigo
2019,2,46,9203,antigo
2019,2,47,-6639,antigo
2019,2,49,8290,antigo
2019,2,50,-65,antigo
2019,2,51,-538,antigo
2019,2,52,892,antigo
2019,2,53,1933,antigo
2019,2,55,265,antigo
2019,2,56,10309,antigo
2019,2,58,-229,antigo
2019,2,59,-514,antigo
2019,2,60,-141,antigo
2019,2,61,1019,antigo
2019,2,62,1672,antigo
2019,2,63,645,antigo
2019,2,64,847,antigo
2019,2,65,305,antigo
2019,2,66,1388,antigo
2019,2,68,763,antigo
2019,2,69,1451,antigo
2019,2,70,611,antigo
2019,2,71,1605,antigo
2019,2,72,149,antigo
2019,2,73,747,antigo
2019,2,74,240,antigo
2019,2,75,118,antigo
2019,2,77,1049,antigo
2019,2,78,2777,antigo
2019,2,79,528,antigo
2019,2,80,499,antigo
2019,2,81,6899,antigo
2019,2,82,4519,antigo
2019,2,84,11401,antigo
2019,2,85,48636,antigo
2019,2,86,6743,antigo
2019,2,87,1314,antigo
2019,2,88,1423,antigo
2019,2,90,-53,antigo
2019,2,91,53,antigo
2019,2,92,-11,antigo
2019,2,93,1200,antigo
2019,2,94,6185,antigo
2019,2,95,342,antigo
2019,2,96,658,antigo
2019,2,97,57,antigo
2019,2,99,7,antigo
2019,3,01,-9576,antigo
2019,3,02,-573,antigo
2019,3,03,24,antigo
2019,3,05,-24,antigo
2019,3,06,-45,antigo
2019,3,07,313,antigo
2019,3,08,285,antigo
2019,3,09,-213,antigo
2019,3,10,-9107,antigo
2019,3,11,-350,antigo
2019,3,12,5145,antigo
2019,3,13,645,antigo
2019,3,14,-841,antigo
2019,3,15,1651,antigo
2019,3,16,-372,antigo
2019,3,17,-123,antigo
2019,3,18,-536,antigo
2019,3,19,1132,antigo
2019,3,20,-331,antigo
2019,3,21,385,antigo
2019,3,22,-256,antigo
2019,3,23,-867,antigo
2019,3,24,1014,antigo
2019,3,25,-598,antigo
2019,3,26,-214,antigo
2019,3,27,741,antigo
2019,3,28,-222,antigo
2019,3,29,-398,antigo
2019,3,30,-249,antigo
2019,3,31,-305,antigo
2019,3,32,420,antigo
2019,3,33,101,antigo
2019,3,35,-90,antigo
2019,3,36,-267,antigo
2019,3,37,18,antigo
2019,3,38,-269,antigo
2019,3,39,11,antigo
2019,3,41,-5020,antigo
2019,3,42,-1101,antigo
2019,3,43,-1533,antigo
2019,3,45,-705,antigo
2019,3,46,1686,antigo
2019,3,47,-29666,antigo
2019,3,49,6848,antigo
2019,3,50,37,antigo
2019,3,51,-230,antigo
2019,3,52,238,antigo
2019,3,53,-183,antigo
2019,3,55,-3451,antigo
2019,3,56,-10698,antigo
2019,3,58,-394,antigo
2019,3,59,105,antigo
2019,3,60,-500,antigo
2019,3,61,767,antigo
2019,3,62,1956,antigo
2019,3,63,215,antigo
2019,3,64,-522,antigo
2019,3,65,65,antigo
2019,3,66,301,antigo
2019,3,68,175,antigo
2019,3,69,-881,antigo
2019,3,70,-82,antigo
2019,3,71,890,antigo
2019,3,72,65,antigo
2019,3,73,-149,antigo
2019,3,74,79,antigo
2019,3,75,137,antigo
2019,3,77,1223,antigo
2019,3,78,-1466,antigo
2019,3,79,-45,antigo
2019,3,80,-1623,antigo
2019,3,81,-3204,antigo
2019,3,82,761,antigo
2019,3,84,1599,antigo
2019,3,85,11889,antigo
2019,3,86,5127,antigo
2019,3,87,309,antigo
2019,3,88,352,antigo
2019,3,90,14,antigo
2019,3,91,-16,antigo
2019,3,92,-3,antigo
2019,3,93,-1053,antigo
2019,3,94,-789,antigo
2019,3,95,-185,antigo
2019,3,96,-639,antigo
2019,3,97,33,antigo
2019,3,99,12,antigo
2019,4,01,13751,antigo
2019,4,02,45,antigo
2019,4,03,-118,antigo
2019,4,05,-36,antigo
2019,4,06,35,antigo
2019,4,07,271,antigo
2019,4,08,140,antigo
2019,4,09,62,antigo
2019,4,10,8355,antigo
2019,4,11,75,antigo
2019,4,12,1357,antigo
2019,4,13,168,antigo
2019,4,14,1607,antigo
2019,4,15,-541,antigo
2019,4,16,236,antigo
2019,4,17,-675,antigo
2019,4,18,-159,antigo
2019,4,19,6413,antigo
2019,4,20,621,antigo
2019,4,21,484,antigo
2019,4,22,115,antigo
2019,4,23,-92,antigo
2019,4,24,313,antigo
2019,4,25,-129,antigo
2019,4,26,-175,antigo
2019,4,27,614,antigo
2019,4,28,5,antigo
2019,4,29,156,antigo
2019,4,30,222,antigo
2019,4,31,260,antigo
2019,4,32,830,antigo
2019,4,33,-556,antigo
2019,4,35,0,antigo
2019,4,36,6,antigo
2019,4,37,60,antigo
2019,4,38,749,antigo
2019,4,39,19,antigo
2019,4,41,6577,antigo
2019,4,42,3259,antigo
2019,4,43,5443,antigo
2019,4,45,2698,antigo
2019,4,46,1668,antigo
2019,4,47,9282,antigo
2019,4,49,10155,antigo
2019,4,50,38,antigo
2019,4,51,36,antigo
2019,4,52,-2173,antigo
2019,4,53,130,antigo
2019,4,55,-1451,antigo
2019,4,56,4006,antigo
2019,4,58,-327,antigo
2019,4,59,1234,antigo
2019,4,60,-52,antigo
2019,4,61,775,antigo
2019,4,62,2923,antigo
2019,4,63,605,antigo
2019,4,64,1088,antigo
2019,4,65,553,antigo
2019,4,66,970,antigo
2019,4,68,819,antigo
2019,4,69,1217,antigo
2019,4,70,-243,antigo
2019,4,71,1621,antigo
2019,4,72,675,antigo
2019,4,73,693,antigo
2019,4,74,403,antigo
2019,4,75,157,antigo
2019,4,77,2205,antigo
2019,4,78,408,antigo
2019,4,79,199,antigo
2019,4,80,1287,antigo
2019,4,81,3679,antigo
2019,4,82,466,antigo
2019,4,84,1224,antigo
2019,4,85,9521,antigo
2019,4,86,19606,antigo
2019,4,87,1068,antigo
2019,4,88,233,antigo
2019,4,90,121,antigo
2019,4,91,108,antigo
2019,4,92,7,antigo
2019,4,93,-170,antigo
2019,4,94,1757,antigo
2019,4,95,315,antigo
2019,4,96,297,antigo
2019,4,97,-11,antigo
2019,4,99,14,antigo
2019,5,01,36783,antigo
2019,5,02,710,antigo
2019,5,03,-158,antigo
2019,5,05,-30,antigo
2019,5,06,15,antigo
2019,5,07,261,antigo
2019,5,08,346,antigo
2019,5,09,101,antigo
2019,5,10,1085,antigo
2019,5,11,-84,antigo
2019,5,12,46,antigo
2019,5,13,-271,antigo
2019,5,14,-1210,antigo
2019,5,15,-5127,antigo
2019,5,16,-565,antigo
2019,5,17,-479,antigo
2019,5,18,-548,antigo
2019,5,19,1981,antigo
2019,5,20,-103,antigo
2019,5,21,170,antigo
2019,5,22,-786,antigo
2019,5,23,-1021,antigo
2019,5,24,-231,antigo
2019,5,25,409,antigo
2019,5,26,-541,antigo
2019,5,27,7,antigo
2019,5,28,82,antigo
2019,5,29,-401,antigo
2019,5,30,-136,antigo
2019,5,31,-1418,antigo
2019,5,32,285,antigo
2019,5,33,1479,antigo
2019,5,35,-111,antigo
2019,5,36,32,antigo
2019,5,37,28,antigo
2019,5,38,-297,antigo
2019,5,39,0,antigo
2019,5,41,-1891,antigo
2019,5,42,7334,antigo
2019,5,43,3032,antigo
2019,5,45,-438,antigo
2019,5,46,-569,antigo
2019,5,47,-10219,antigo
2019,5,49,-1801,antigo
2019,5,50,149,antigo
2019,5,51,132,antigo
2019,5,52,-2185,antigo
2019,5,53,-891,antigo
2019,5,55,-714,antigo
2019,5,56,-1499,antigo
2019,5,58,-271,antigo
2019,5,59,-749,antigo
2019,5,60,-413,antigo
2019,5,61,1306,antigo
2019,5,62,1469,antigo
2019,5,63,-79,antigo
2019,5,64,641,antigo
2019,5,65,118,antigo
2019,5,66,794,antigo
2019,5,68,733,antigo
2019,5,69,-849,antigo
2019,5,70,-8,antigo
2019,5,71,214,antigo
2019,5,72,375,antigo
2019,5,73,230,antigo
2019,5,74,748,antigo
2019,5,75,115,antigo
2019,5,77,1120,antigo
2019,5,78,-1316,antigo
2019,5,79,-77,antigo
2019,5,80,917,antigo
2019,5,81,-4716,antigo
2019,5,82,1228,antigo
2019,5,84,993,antigo
2019,5,85,3637,antigo
2019,5,86,6016,antigo
2019,5,87,489,antigo
2019,5,88,-283,antigo
2019,5,90,71,antigo
2019,5,91,-47,antigo
2019,5,92,4,antigo
2019,5,93,-112,antigo
2019,5,94,-497,antigo
2019,5,95,-50,antigo
2019,5,96,-336,antigo
2019,5,97,-23,antigo
2019,5,99,5,antigo
2019,6,01,22507,antigo
2019,6,02,-158,antigo
2019,6,03,423,antigo
2019,6,05,-76,antigo
2019,6,06,15,antigo
2019,6,07,310,antigo
2019,6,08,288,antigo
2019,6,09,-34,antigo
2019,6,10,305,antigo
2019,6,11,188,antigo
2019,6,12,-747,antigo
2019,6,13,-269,antigo
2019,6,14,-2367,antigo
2019,6,15,-4157,antigo
2019,6,16,-846,antigo
2019,6,17,-358,antigo
2019,6,18,-404,antigo
2019,6,19,2754,antigo
2019,6,20,152,antigo
2019,6,21,76,antigo
2019,6,22,-1255,antigo
2019,6,23,-844,antigo
2019,6,24,-398,antigo
2019,6,25,44,antigo
2019,6,26,-720,antigo
2019,6,27,292,antigo
2019,6,28,-402,antigo
2019,6,29,-1828,antigo
2019,6,30,-111,antigo
2019,6,31,-944,antigo
2019,6,32,-100,antigo
2019,6,33,1145,antigo
2019,6,35,-217,antigo
2019,6,36,-40,antigo
2019,6,37,97,antigo
2019,6,38,2811,antigo
2019,6,39,8,antigo
2019,6,41,-365,antigo
2019,6,42,9516,antigo
2019,6,43,3722,antigo
2019,6,45,1193,antigo
2019,6,46,1041,antigo
2019,6,47,-4374,antigo
2019,6,49,2176,antigo
2019,6,50,225,antigo
2019,6,51,742,antigo
2019,6,52,1509,antigo
2019,6,53,-1884,antigo
2019,6,55,-415,antigo
2019,6,56,290,antigo
2019,6,58,-191,antigo
2019,6,59,780,antigo
2019,6,60,-206,antigo
2019,6,61,575,antigo
2019,6,62,2363,antigo
2019,6,63,-864,antigo
2019,6,64,1009,antigo
2019,6,65,510,antigo
2019,6,66,1114,antigo
2019,6,68,561,antigo
2019,6,69,177,antigo
2019,6,70,697,antigo
2019,6,71,1462,antigo
2019,6,72,29,antigo
2019,6,73,368,antigo
2019,6,74,977,antigo
2019,6,75,167,antigo
2019,6,77,1451,antigo
2019,6,78,2184,antigo
2019,6,79,1133,antigo
2019,6,80,1296,antigo
2019,6,81,944,antigo
2019,6,82,1351,antigo
2019,6,84,469,antigo
2019,6,85,-7818,antigo
2019,6,86,7127,antigo
2019,6,87,551,antigo
2019,6,88,288,antigo
2019,6,90,122,antigo
2019,6,91,-3,antigo
2019,6,92,-3,antigo
2019,6,93,366,antigo
2019,6,94,998,antigo
2019,6,95,-168,antigo
2019,6,96,99,antigo
2019,6,97,7,antigo
2019,6,99,-2,antigo
2019,7,01,3962,antigo
2019,7,02,993,antigo
2019,7,03,-86,antigo
2019,7,05,-16,antigo
2019,7,06,46,antigo
2019,7,07,645,antigo
2019,7,08,315,antigo
2019,7,09,-25,antigo
2019,7,10,5985,antigo
2019,7,11,335,antigo
2019,7,12,-3194,antigo
2019,7,13,-397,antigo
2019,7,14,-603,antigo
2019,7,15,175,antigo
2019,7,16,-1313,antigo
2019,7,17,337,antigo
2019,7,18,-68,antigo
2019,7,19,1329,antigo
2019,7,20,476,antigo
2019,7,21,469,antigo
2019,7,22,-96,antigo
2019,7,23,-652,antigo
2019,7,24,69,antigo
2019,7,25,634,antigo
2019,7,26,-939,antigo
2019,7,27,149,antigo
2019,7,28,526,antigo
2019,7,29,-392,antigo
2019,7,30,412,antigo
2019,7,31,-793,antigo
2019,7,32,170,antigo
2019,7,33,2737,antigo
2019,7,35,29,antigo
2019,7,36,200,antigo
2019,7,37,-101,antigo
2019,7,38,380,antigo
2019,7,39,4,antigo
2019,7,41,3391,antigo
2019,7,42,9818,antigo
2019,7,43,5673,antigo
2019,7,45,244,antigo
2019,7,46,3292,antigo
2019,7,47,2103,antigo
2019,7,49,-245,antigo
2019,7,50,264,antigo
2019,7,51,180,antigo
2019,7,52,35,antigo
2019,7,53,-1548,antigo
2019,7,55,318,antigo
2019,7,56,-316,antigo
2019,7,58,-312,antigo
2019,7,59,-72,antigo
2019,7,60,-324,antigo
2019,7,61,1062,antigo
2019,7,62,3463,antigo
2019,7,63,762,antigo
2019,7,64,1239,antigo
2019,7,65,699,antigo
2019,7,66,908,antigo
2019,7,68,728,antigo
2019,7,69,496,antigo
2019,7,70,948,antigo
2019,7,71,2896,antigo
2019,7,72,31,antigo
2019,7,73,588,antigo
2019,7,74,1048,antigo
2019,7,75,58,antigo
2019,7,77,707,antigo
2019,7,78,2747,antigo
2019,7,79,-314,antigo
2019,7,80,-1104,antigo
2019,7,81,-214,antigo
2019,7,82,402,antigo
2019,7,84,-337,antigo
2019,7,85,-10923,antigo
2019,7,86,2748,antigo
2019,7,87,281,antigo
2019,7,88,-322,antigo
2019,7,90,24,antigo
2019,7,91,20,antigo
2019,7,92,7,antigo
2019,7,93,257,antigo
2019,7,94,719,antigo
2019,7,95,-156,antigo
2019,7,96,90,antigo
2019,7,97,69,antigo
2019,7,99,-10,antigo
2019,8,01,-4493,antigo
2019,8,02,886,antigo
2019,8,03,-81,antigo
2019,8,05,-42,antigo
2019,8,06,-75,antigo
2019,8,07,985,antigo
2019,8,08,331,antigo
2019,8,09,280,antigo
2019,8,10,14013,antigo
2019,8,11,200,antigo
2019,8,12,-4724,antigo
2019,8,13,-600,antigo
2019,8,14,1087,antigo
2019,8,15,547,antigo
2019,8,16,-105,antigo
2019,8,17,221,antigo
2019,8,18,-31,antigo
2019,8,19,2711,antigo
2019,8,20,381,antigo
2019,8,21,443,antigo
2019,8,22,-760,antigo
2019,8,23,705,antigo
2019,8,24,155,antigo
2019,8,25,1303,antigo
2019,8,26,-572,antigo
2019,8,27,538,antigo
2019,8,28,226,antigo
2019,8,29,-586,antigo
2019,8,30,301,antigo
2019,8,31,445,antigo
2019,8,32,450,antigo
2019,8,33,1368,antigo
2019,8,35,-92,antigo
2019,8,36,-49,antigo
2019,8,37,80,antigo
2019,8,38,-10,antigo
2019,8,39,6,antigo
2019,8,41,3354,antigo
2019,8,42,6838,antigo
2019,8,43,6701,antigo
2019,8,45,2712,antigo
2019,8,46,3912,antigo
2019,8,47,18596,antigo
2019,8,49,3899,antigo
2019,8,50,202,antigo
2019,8,51,344,antigo
2019,8,52,183,antigo
2019,8,53,12,antigo
2019,8,55,135,antigo
2019,8,56,5801,antigo
2019,8,58,-298,antigo
2019,8,59,-1072,antigo
2019,8,60,-108,antigo
2019,8,61,910,antigo
2019,8,62,2971,antigo
2019,8,63,639,antigo
2019,8,64,1616,antigo
2019,8,65,349,antigo
2019,8,66,1096,antigo
2019,8,68,1015,antigo
2019,8,69,108,antigo
2019,8,70,909,antigo
2019,8,71,2585,antigo
2019,8,72,-348,antigo
2019,8,73,1041,antigo
2019,8,74,975,antigo
2019,8,75,79,antigo
2019,8,77,1108,antigo
2019,8,78,2641,antigo
2019,8,79,77,antigo
2019,8,80,1901,antigo
2019,8,81,147,antigo
2019,8,82,794,antigo
2019,8,84,1359,antigo
2019,8,85,20449,antigo
2019,8,86,8399,antigo
2019,8,87,708,antigo
2019,8,88,-454,antigo
2019,8,90,39,antigo
2019,8,91,1,antigo
2019,8,92,11,antigo
2019,8,93,364,antigo
2019,8,94,2597,antigo
2019,8,95,111,antigo
2019,8,96,475,antigo
2019,8,97,79,antigo
2019,8,99,-17,antigo
2019,9,01,3252,antigo
2019,9,02,811,antigo
2019,9,03,40,antigo
2019,9,05,-5,antigo
2019,9,06,16,antigo
2019,9,07,492,antigo
2019,9,08,260,antigo
2019,9,09,281,antigo
2019,9,10,29658,antigo
2019,9,11,542,antigo
2019,9,12,-3500,antigo
2019,9,13,229,antigo
2019,9,14,1606,antigo
2019,9,15,2549,antigo
2019,9,16,628,antigo
2019,9,17,689,antigo
2019,9,18,190,antigo
2019,9,19,881,antigo
2019,9,20,529,antigo
2019,9,21,218,antigo
2019,9,22,1827,antigo
2019,9,23,1282,antigo
2019,9,24,-99,antigo
2019,9,25,743,antigo
2019,9,26,-620,antigo
2019,9,27,246,antigo
2019,9,28,125,antigo
2019,9,29,-1242,antigo
2019,9,30,392,antigo
2019,9,31,1440,antigo
2019,9,32,867,antigo
2019,9,33,1198,antigo
2019,9,35,98,antigo
2019,9,36,-100,antigo
2019,9,37,-27,antigo
2019,9,38,-265,antigo
2019,9,39,11,antigo
2019,9,41,5244,antigo
2019,9,42,6884,antigo
2019,9,43,6228,antigo
2019,9,45,3408,antigo
2019,9,46,4450,antigo
2019,9,47,21080,antigo
2019,9,49,5124,antigo
2019,9,50,-81,antigo
2019,9,51,538,antigo
2019,9,52,483,antigo
2019,9,53,6,antigo
2019,9,55,969,antigo
2019,9,56,9109,antigo
2019,9,58,-278,antigo
2019,9,59,-168,antigo
2019,9,60,-91,antigo
2019,9,61,687,antigo
2019,9,62,3356,antigo
2019,9,63,906,antigo
2019,9,64,-973,antigo
2019,9,65,62,antigo
2019,9,66,652,antigo
2019,9,68,480,antigo
2019,9,69,1402,antigo
2019,9,70,951,antigo
2019,9,71,3453,antigo
2019,9,72,-465,antigo
2019,9,73,2005,antigo
2019,9,74,-99,antigo
2019,9,75,212,antigo
2019,9,77,1819,antigo
2019,9,78,3304,antigo
2019,9,79,603,antigo
2019,9,80,37,antigo
2019,9,81,2777,antigo
2019,9,82,11032,antigo
2019,9,84,522,antigo
2019,9,85,4638,antigo
2019,9,86,7518,antigo
2019,9,87,778,antigo
2019,9,88,-597,antigo
2019,9,90,632,antigo
2019,9,91,4,antigo
2019,9,92,3,antigo
2019,9,93,1395,antigo
2019,9,94,122,antigo
2019,9,95,477,antigo
2019,9,96,1316,antigo
2019,9,97,51,antigo
2019,9,99,6,antigo
2019,10,01,-7255,antigo
2019,10,02,-490,antigo
2019,10,03,-138,antigo
2019,10,05,15,antigo
2019,10,06,-11,antigo
2019,10,07,399,antigo
2019,10,08,-75,antigo
2019,10,09,505,antigo
2019,10,10,2195,antigo
2019,10,11,743,antigo
2019,10,12,-332,antigo
2019,10,13,-3,antigo
2019,10,14,509,antigo
2019,10,15,1832,antigo
2019,10,16,9,antigo
2019,10,17,568,antigo
2019,10,18,244,antigo
2019,10,19,-1755,antigo
2019,10,20,486,antigo
2019,10,21,377,antigo
2019,10,22,917,antigo
2019,10,23,714,antigo
2019,10,24,-194,antigo
2019,10,25,1577,antigo
2019,10,26,-430,antigo
2019,10,27,114,antigo
2019,10,28,231,antigo
2019,10,29,-1285,antigo
2019,10,30,504,antigo
2019,10,31,1147,antigo
2019,10,32,46,antigo
2019,10,33,1109,antigo
2019,10,35,-89,antigo
2019,10,36,253,antigo
2019,10,37,-15,antigo
2019,10,38,-1116,antigo
2019,10,39,17,antigo
2019,10,41,-154,antigo
2019,10,42,1268,antigo
2019,10,43,5623,antigo
2019,10,45,1421,antigo
2019,10,46,7620,antigo
2019,10,47,35704,antigo
2019,10,49,3284,antigo
2019,10,50,-11,antigo
2019,10,51,376,antigo
2019,10,52,1631,antigo
2019,10,53,-689,antigo
2019,10,55,556,antigo
2019,10,56,3718,antigo
2019,10,58,-183,antigo
2019,10,59,-236,antigo
2019,10,60,-167,antigo
2019,10,61,1286,antigo
2019,10,62,2495,antigo
2019,10,63,685,antigo
2019,10,64,-2257,antigo
2019,10,65,33,antigo
2019,10,66,723,antigo
2019,10,68,48,antigo
2019,10,69,47,antigo
2019,10,70,931,antigo
2019,10,71,1282,antigo
2019,10,72,-541,antigo
2019,10,73,-186,antigo
2019,10,74,607,antigo
2019,10,75,60,antigo
2019,10,77,458,antigo
2019,10,78,964,antigo
2019,10,79,294,antigo
2019,10,80,-2967,antigo
2019,10,81,-741,antigo
2019,10,82,3364,antigo
2019,10,84,-394,antigo
2019,10,85,58,antigo
2019,10,86,3741,antigo
2019,10,87,199,antigo
2019,10,88,264,antigo
2019,10,90,-614,antigo
2019,10,91,-30,antigo
2019,10,92,0,antigo
2019,10,93,186,antigo
2019,10,94,-572,antigo
2019,10,95,-170,antigo
2019,10,96,519,antigo
2019,10,97,-14,antigo
2019,10,99,10,antigo
2019,11,01,-18005,antigo
2019,11,02,-948,antigo
2019,11,03,-175,antigo
2019,11,05,-23,antigo
2019,11,06,-40,antigo
2019,11,07,250,antigo
2019,11,08,-488,antigo
2019,11,09,463,antigo
2019,11,10,-8214,antigo
2019,11,11,524,antigo
2019,11,12,-15,antigo
2019,11,13,-2317,antigo
2019,11,14,-2975,antigo
2019,11,15,-2535,antigo
2019,11,16,-1250,antigo
2019,11,17,284,antigo
2019,11,18,-18,antigo
2019,11,19,-6503,antigo
2019,11,20,-282,antigo
2019,11,21,-151,antigo
2019,11,22,-622,antigo
2019,11,23,-356,antigo
2019,11,24,-332,antigo
2019,11,25,1721,antigo
2019,11,26,-232,antigo
2019,11,27,552,antigo
2019,11,28,272,antigo
2019,11,29,-2486,antigo
2019,11,30,-55,antigo
2019,11,31,85,antigo
2019,11,32,-740,antigo
2019,11,33,623,antigo
2019,11,35,158,antigo
2019,11,36,0,antigo
2019,11,37,31,antigo
2019,11,38,192,antigo
2019,11,39,23,antigo
2019,11,41,-5774,antigo
2019,11,42,-4053,antigo
2019,11,43,1460,antigo
2019,11,45,1993,antigo
2019,11,46,6820,antigo
2019,11,47,98597,antigo
2019,11,49,-2179,antigo
2019,11,50,53,antigo
2019,11,51,457,antigo
2019,11,52,4135,antigo
2019,11,53,-675,antigo
2019,11,55,2894,antigo
2019,11,56,12294,antigo
2019,11,58,-331,antigo
2019,11,59,-12,antigo
2019,11,60,-435,antigo
2019,11,61,686,antigo
2019,11,62,1668,antigo
2019,11,63,803,antigo
2019,11,64,-1750,antigo
2019,11,65,257,antigo
2019,11,66,930,antigo
2019,11,68,311,antigo
2019,11,69,75,antigo
2019,11,70,840,antigo
2019,11,71,2648,antigo
2019,11,72,-975,antigo
2019,11,73,1260,antigo
2019,11,74,553,antigo
2019,11,75,225,antigo
2019,11,77,994,antigo
2019,11,78,3916,antigo
2019,11,79,451,antigo
2019,11,80,-528,antigo
2019,11,81,1694,antigo
2019,11,82,10306,antigo
2019,11,84,-610,antigo
2019,11,85,-3149,antigo
2019,11,86,4330,antigo
2019,11,87,504,antigo
2019,11,88,-228,antigo
2019,11,90,16,antigo
2019,11,91,-1,antigo
2019,11,92,4,antigo
2019,11,93,1177,antigo
2019,11,94,455,antigo
2019,11,95,-30,antigo
2019,11,96,737,antigo
2019,11,97,3,antigo
2019,11,99,0,antigo
2019,12,01,-39697,antigo
2019,12,02,-2991,antigo
2019,12,03,-728,antigo
2019,12,05,-23,antigo
2019,12,06,-21,antigo
2019,12,07,-535,antigo
2019,12,08,-759,antigo
2019,12,09,-21,antigo
2019,12,10,-14582,antigo
2019,12,11,-200,antigo
2019,12,12,-484,antigo
2019,12,13,-5819,antigo
2019,12,14,-14175,antigo
2019,12,15,-13784,antigo
2019,12,16,-2942,antigo
2019,12,17,-1584,antigo
2019,12,18,-946,antigo
2019,12,19,-5545,antigo
2019,12,20,-1917,antigo
2019,12,21,-910,antigo
2019,12,22,-4972,antigo
2019,12,23,-3674,antigo
2019,12,24,-1666,antigo
2019,12,25,-5956,antigo
2019,12,26,-1544,antigo
2019,12,27,-1869,antigo
2019,12,28,-3516,antigo
2019,12,29,-4717,antigo
2019,12,30,-1066,antigo
2019,12,31,-4207,antigo
2019,12,32,-2731,antigo
2019,12,33,-1227,antigo
2019,12,35,-1298,antigo
2019,12,36,-236,antigo
2019,12,37,69,antigo
2019,12,38,763,antigo
2019,12,39,-24,antigo
2019,12,41,-22011,antigo
2019,12,42,-17267,antigo
2019,12,43,-10184,antigo
2019,12,45,-3150,antigo
2019,12,46,-5177,antigo
2019,12,47,26175,antigo
2019,12,49,-13831,antigo
2019,12,50,191,antigo
2019,12,51,156,antigo
2019,12,52,-1168,antigo
2019,12,53,-220,antigo
2019,12,55,4032,antigo
2019,12,56,2757,antigo
2019,12,58,-693,antigo
2019,12,59,422,antigo
2019,12,60,-372,antigo
2019,12,61,177,antigo
2019,12,62,-1906,antigo
2019,12,63,-56,antigo
2019,12,64,-729,antigo
2019,12,65,-363,antigo
2019,12,66,-254,antigo
2019,12,68,-688,antigo
2019,12,69,-2382,antigo
2019,12,70,-682,antigo
2019,12,71,-2393,antigo
2019,12,72,-473,antigo
2019,12,73,-56,antigo
2019,12,74,-700,antigo
2019,12,75,85,antigo
2019,12,77,-2101,antigo
2019,12,78,-3836,antigo
2019,12,79,35,antigo
2019,12,80,1739,antigo
2019,12,81,5216,antigo
2019,12,82,-705,antigo
2019,12,84,-15378,antigo
2019,12,85,-74021,antigo
2019,12,86,-909,antigo
2019,12,87,-1397,antigo
2019,12,88,-2871,antigo
2019,12,90,-268,antigo
2019,12,91,-7,antigo
2019,12,92,-5,antigo
2019,12,93,-220,antigo
2019,12,94,-15318,antigo
2019,12,95,-528,antigo
2019,12,96,-413,antigo
2019,12,97,-17,antigo
2019,12,99,-13,antigo
2020,1,01,16131,novo
2020,1,02,3,novo
2020,1,03,272,novo
2020,1,05,-23,novo
2020,1,06,11,novo
2020,1,07,53,novo
2020,1,08,16,novo
2020,1,09,147,novo
2020,1,10,-195,novo
2020,1,11,163,novo
2020,1,12,2207,novo
2020,1,13,3220,novo
2020,1,14,8102,novo
2020,1,15,7449,novo
2020,1,16,2073,novo
2020,1,17,1399,novo
2020,1,18,-139,novo
2020,1,19,428,novo
2020,1,20,1359,novo
2020,1,21,542,novo
2020,1,22,4071,novo
2020,1,23,2027,novo
2020,1,24,560,novo
2020,1,25,3990,novo
2020,1,26,1372,novo
2020,1,27,3122,novo
2020,1,28,3468,novo
2020,1,29,3893,novo
2020,1,30,-311,novo
2020,1,31,3137,novo
2020,1,32,869,novo
2020,1,33,2271,novo
2020,1,35,-287,novo
2020,1,36,-135,novo
2020,1,37,100,novo
2020,1,38,561,novo
2020,1,39,18,novo
2020,1,41,14996,novo
2020,1,42,7204,novo
2020,1,43,8548,novo
2020,1,45,2098,novo
2020,1,46,4430,novo
2020,1,47,-60420,novo
2020,1,49,-2778,novo
2020,1,50,73,novo
2020,1,51,127,novo
2020,1,52,1438,novo
2020,1,53,-97,novo
2020,1,55,25,novo
2020,1,56,2494,novo
2020,1,58,53,novo
2020,1,59,159,novo
2020,1,60,-121,novo
2020,1,61,1152,novo
2020,1,62,3400,novo
2020,1,63,584,novo
2020,1,64,1401,novo
2020,1,65,-74,novo
2020,1,66,599,novo
2020,1,68,1042,novo
2020,1,69,4065,novo
2020,1,70,966,novo
2020,1,71,2572,novo
2020,1,72,58,novo
2020,1,73,1177,novo
2020,1,74,608,novo
2020,1,75,149,novo
2020,1,77,892,novo
2020,1,78,2753,novo
2020,1,79,43,novo
2020,1,80,-1052,novo
2020,1,81,3115,novo
2020,1,82,3013,novo
2020,1,84,-483,novo
2020,1,85,6929,novo
2020,1,86,4483,novo
2020,1,87,620,novo
2020,1,88,349,novo
2020,1,90,-33,novo
2020,1,91,11,novo
2020,1,92,2,novo
2020,1,93,1951,novo
2020,1,94,1997,novo
2020,1,95,371,novo
2020,1,96,-157,novo
2020,1,97,-7,novo
2020,1,99,9,novo
2020,2,01,4311,novo
2020,2,02,475,novo
2020,2,03,156,novo
2020,2,05,14,novo
2020,2,06,26,novo
2020,2,07,869,novo
2020,2,08,395,novo
2020,2,09,35,novo
2020,2,10,-10426,novo
2020,2,11,354,novo
2020,2,12,4243,novo
2020,2,13,2338,novo
2020,2,14,3526,novo
2020,2,15,8773,novo
2020,2,16,1131,novo
2020,2,17,1417,novo
2020,2,18,201,novo
2020,2,19,-1927,novo
2020,2,20,1857,novo
2020,2,21,542,novo
2020,2,22,2991,novo
2020,2,23,2288,novo
2020,2,24,1414,novo
2020,2,25,3574,novo
2020,2,26,465,novo
2020,2,27,1238,novo
2020,2,28,2344,novo
2020,2,29,2491,novo
2020,2,30,183,novo
2020,2,31,2531,novo
2020,2,32,927,novo
2020,2,33,748,novo
2020,2,35,291,novo
2020,2,36,-121,novo
2020,2,37,83,novo
2020,2,38,1413,novo
2020,2,39,4,novo
2020,2,41,7938,novo
2020,2,42,7418,novo
2020,2,43,8111,novo
2020,2,45,5367,novo
2020,2,46,6704,novo
2020,2,47,-5828,novo
2020,2,49,8778,novo
2020,2,50,-90,novo
2020,2,51,238,novo
2020,2,52,1113,novo
2020,2,53,-1790,novo
2020,2,55,-144,novo
2020,2,56,11834,novo
2020,2,58,171,novo
2020,2,59,-630,novo
2020,2,60,51,novo
2020,2,61,2018,novo
2020,2,62,1525,novo
2020,2,63,938,novo
2020,2,64,1123,novo
2020,2,65,-319,novo
2020,2,66,1095,novo
2020,2,68,1096,novo
2020,2,69,1706,novo
2020,2,70,161,novo
2020,2,71,2814,novo
2020,2,72,44,novo
2020,2,73,1157,novo
2020,2,74,1035,novo
2020,2,75,218,novo
2020,2,77,2576,novo
2020,2,78,0,novo
2020,2,79,15,novo
2020,2,80,2217,novo
2020,2,81,7340,novo
2020,2,82,3371,novo
2020,2,84,11251,novo
2020,2,85,49489,novo
2020,2,86,6339,novo
2020,2,87,2104,novo
2020,2,88,1270,novo
2020,2,90,-78,novo
2020,2,91,-12,novo
2020,2,92,4,novo
2020,2,93,1557,novo
2020,2,94,4590,novo
2020,2,95,396,novo
2020,2,96,902,novo
2020,2,97,4,novo
2020,2,99,7,novo
2020,3,01,-5184,novo
2020,3,02,-335,novo
2020,3,03,73,novo
2020,3,05,-16,novo
2020,3,06,-79,novo
2020,3,07,-154,novo
2020,3,08,95,novo
2020,3,09,-32,novo
2020,3,10,-6160,novo
2020,3,11,-619,novo
2020,3,12,2370,novo
2020,3,13,-828,novo
2020,3,14,-8112,novo
2020,3,15,-7867,novo
2020,3,16,165,novo
2020,3,17,193,novo
2020,3,18,-868,novo
2020,3,19,1762,novo
2020,3,20,486,novo
2020,3,21,832,novo
2020,3,22,-2634,novo
2020,3,23,-1041,novo
2020,3,24,-303,novo
2020,3,25,-2505,novo
2020,3,26,-600,novo
2020,3,27,-770,novo
2020,3,28,-1333,novo
2020,3,29,-901,novo
2020,3,30,-597,novo
2020,3,31,-1945,novo
2020,3,32,-924,novo
2020,3,33,-2481,novo
2020,3,35,146,novo
2020,3,36,12,novo
2020,3,37,406,novo
2020,3,38,286,novo
2020,3,39,18,novo
2020,3,41,-8861,novo
2020,3,42,-1646,novo
2020,3,43,-3300,novo
2020,3,45,-4494,novo
2020,3,46,-2228,novo
2020,3,47,-65129,novo
2020,3,49,675,novo
2020,3,50,-433,novo
2020,3,51,62,novo
2020,3,52,-5316,novo
2020,3,53,-127,novo
2020,3,55,-16519,novo
2020,3,56,-64783,novo
2020,3,58,-382,novo
2020,3,59,-1066,novo
2020,3,60,-226,novo
2020,3,61,525,novo
2020,3,62,1688,novo
2020,3,63,96,novo
2020,3,64,661,novo
2020,3,65,525,novo
2020,3,66,619,novo
2020,3,68,-81,novo
2020,3,69,-350,novo
2020,3,70,967,novo
2020,3,71,-1080,novo
2020,3,72,141,novo
2020,3,73,-1371,novo
2020,3,74,-453,novo
2020,3,75,77,novo
2020,3,77,-1313,novo
2020,3,78,-15354,novo
2020,3,79,-3478,novo
2020,3,80,-1097,novo
2020,3,81,-2394,novo
2020,3,82,-12214,novo
2020,3,84,3473,novo
2020,3,85,10206,novo
2020,3,86,8177,novo
2020,3,87,179,novo
2020,3,88,962,novo
2020,3,90,-406,novo
2020,3,91,-112,novo
2020,3,92,-8,novo
2020,3,93,-4748,novo
2020,3,94,470,novo
2020,3,95,-743,novo
2020,3,96,-2676,novo
2020,3,97,7,novo
2020,3,99,6,novo
2020,4,01,-4754,novo
2020,4,02,-1697,novo
2020,4,03,-416,novo
2020,4,05,-26,novo
2020,4,06,-135,novo
2020,4,07,-43,novo
2020,4,08,-698,novo
2020,4,09,-362,novo
2020,4,10,-5836,novo
2020,4,11,-1879,novo
2020,4,12,925,novo
2020,4,13,-13490,novo
2020,4,14,-37927,novo
2020,4,15,-31730,novo
2020,4,16,-3868,novo
2020,4,17,-2968,novo
2020,4,18,-4162,novo
2020,4,19,2469,novo
2020,4,20,-2218,novo
2020,4,21,1277,novo
2020,4,22,-13874,novo
2020,4,23,-9906,novo
2020,4,24,-3866,novo
2020,4,25,-15296,novo
2020,4,26,-3323,novo
2020,4,27,-5476,novo
2020,4,28,-8769,novo
2020,4,29,-10196,novo
2020,4,30,-2065,novo
2020,4,31,-13523,novo
2020,4,32,-5531,novo
2020,4,33,-8223,novo
2020,4,35,54,novo
2020,4,36,-285,novo
2020,4,37,-264,novo
2020,4,38,-2395,novo
2020,4,39,-5,novo
2020,4,41,-25740,novo
2020,4,42,-22801,novo
2020,4,43,-20119,novo
2020,4,45,-33542,novo
2020,4,46,-39966,novo
2020,4,47,-169446,novo
2020,4,49,-33809,novo
2020,4,50,-523,novo
2020,4,51,-510,novo
2020,4,52,-16988,novo
2020,4,53,-1307,novo
2020,4,55,-31372,novo
2020,4,56,-104812,novo
2020,4,58,-2007,novo
2020,4,59,-1440,novo
2020,4,60,-1091,novo
2020,4,61,-1342,novo
2020,4,62,-5790,novo
2020,4,63,-2026,novo
2020,4,64,-2119,novo
2020,4,65,-779,novo
2020,4,66,-2690,novo
2020,4,68,-3657,novo
2020,4,69,-6638,novo
2020,4,70,-879,novo
2020,4,71,-7374,novo
2020,4,72,-173,novo
2020,4,73,-4073,novo
2020,4,74,-3550,novo
2020,4,75,-223,novo
2020,4,77,-7968,novo
2020,4,78,-14444,novo
2020,4,79,-5676,novo
2020,4,80,-4661,novo
2020,4,81,-21506,novo
2020,4,82,-37201,novo
2020,4,84,-34,novo
2020,4,85,-23838,novo
2020,4,86,6840,novo
2020,4,87,-207,novo
2020,4,88,-3142,novo
2020,4,90,-1025,novo
2020,4,91,-254,novo
2020,4,92,-13,novo
2020,4,93,-13144,novo
2020,4,94,-7935,novo
2020,4,95,-2204,novo
2020,4,96,-8596,novo
2020,4,97,-36,novo
2020,4,99,-6,novo
2020,5,01,16902,novo
2020,5,02,-680,novo
2020,5,03,-367,novo
2020,5,05,-8,novo
2020,5,06,-152,novo
2020,5,07,214,novo
2020,5,08,-65,novo
2020,5,09,-469,novo
2020,5,10,-1845,novo
2020,5,11,-1498,novo
2020,5,12,1331,novo
2020,5,13,-5040,novo
2020,5,14,-16998,novo
2020,5,15,-18099,novo
2020,5,16,-1855,novo
2020,5,17,-2299,novo
2020,5,18,-2507,novo
2020,5,19,1673,novo
2020,5,20,-1761,novo
2020,5,21,868,novo
2020,5,22,-6510,novo
2020,5,23,-4251,novo
2020,5,24,-1924,novo
2020,5,25,-6826,novo
2020,5,26,-1804,novo
2020,5,27,-1724,novo
2020,5,28,-4762,novo
2020,5,29,-9815,novo
2020,5,30,-764,novo
2020,5,31,-5459,novo
2020,5,32,-2444,novo
2020,5,33,-3418,novo
2020,5,35,43,novo
2020,5,36,-361,novo
2020,5,37,-268,novo
2020,5,38,-1519,novo
2020,5,39,5,novo
2020,5,41,-7860,novo
2020,5,42,-3909,novo
2020,5,43,-8847,novo
2020,5,45,-18078,novo
2020,5,46,-16728,novo
2020,5,47,-59406,novo
2020,5,49,-21017,novo
2020,5,50,-441,novo
2020,5,51,-232,novo
2020,5,52,-6094,novo
2020,5,53,-525,novo
2020,5,55,-15966,novo
2020,5,56,-41850,novo
2020,5,58,-1263,novo
2020,5,59,-478,novo
2020,5,60,-1157,novo
2020,5,61,1226,novo
2020,5,62,-2464,novo
2020,5,63,-686,novo
2020,5,64,-1023,novo
2020,5,65,-395,novo
2020,5,66,-1887,novo
2020,5,68,-1629,novo
2020,5,69,-3573,novo
2020,5,70,-690,novo
2020,5,71,-3861,novo
2020,5,72,-12,novo
2020,5,73,-1892,novo
2020,5,74,-860,novo
2020,5,75,-83,novo
2020,5,77,-4501,novo
2020,5,78,6305,novo
2020,5,79,-3412,novo
2020,5,80,-878,novo
2020,5,81,-13676,novo
2020,5,82,-4765,novo
2020,5,84,546,novo
2020,5,85,-19237,novo
2020,5,86,9454,novo
2020,5,87,125,novo
2020,5,88,-2126,novo
2020,5,90,-553,novo
2020,5,91,-175,novo
2020,5,92,-5,novo
2020,5,93,-4786,novo
2020,5,94,-4945,novo
2020,5,95,-1109,novo
2020,5,96,-2895,novo
2020,5,97,-20,novo
2020,5,99,-1,novo
2020,6,01,36310,novo
2020,6,02,269,novo
2020,6,03,382,novo
2020,6,05,-31,novo
2020,6,06,-166,novo
2020,6,07,916,novo
2020,6,08,300,novo
2020,6,09,-419,novo
2020,6,10,10958,novo
2020,6,11,-910,novo
2020,6,12,248,novo
2020,6,13,-42,novo
2020,6,14,-8183,novo
2020,6,15,-6061,novo
2020,6,16,393,novo
2020,6,17,-555,novo
2020,6,18,-1117,novo
2020,6,19,1623,novo
2020,6,20,633,novo
2020,6,21,563,novo
2020,6,22,-70,novo
2020,6,23,867,novo
2020,6,24,-562,novo
2020,6,25,-216,novo
2020,6,26,-387,novo
2020,6,27,1501,novo
2020,6,28,-503,novo
2020,6,29,-5459,novo
2020,6,30,226,novo
2020,6,31,2101,novo
2020,6,32,-288,novo
2020,6,33,350,novo
2020,6,35,-320,novo
2020,6,36,-161,novo
2020,6,37,-107,novo
2020,6,38,-1021,novo
2020,6,39,1,novo
2020,6,41,4601,novo
2020,6,42,9319,novo
2020,6,43,2176,novo
2020,6,45,-6057,novo
2020,6,46,157,novo
2020,6,47,-13563,novo
2020,6,49,-7309,novo
2020,6,50,-99,novo
2020,6,51,-221,novo
2020,6,52,-1630,novo
2020,6,53,138,novo
2020,6,55,-7280,novo
2020,6,56,-30497,novo
2020,6,58,-452,novo
2020,6,59,-234,novo
2020,6,60,-727,novo
2020,6,61,2538,novo
2020,6,62,174,novo
2020,6,63,305,novo
2020,6,64,-1376,novo
2020,6,65,-167,novo
2020,6,66,-105,novo
2020,6,68,-407,novo
2020,6,69,-689,novo
2020,6,70,-2393,novo
2020,6,71,487,novo
2020,6,72,-22,novo
2020,6,73,-392,novo
2020,6,74,-833,novo
2020,6,75,63,novo
2020,6,77,-1054,novo
2020,6,78,14322,novo
2020,6,79,-1714,novo
2020,6,80,-1902,novo
2020,6,81,-5031,novo
2020,6,82,11483,novo
2020,6,84,-385,novo
2020,6,85,-20552,novo
2020,6,86,14775,novo
2020,6,87,315,novo
2020,6,88,-1494,novo
2020,6,90,-468,novo
2020,6,91,-27,novo
2020,6,92,-1,novo
2020,6,93,-3937,novo
2020,6,94,-2645,novo
2020,6,95,-189,novo
2020,6,96,-1170,novo
2020,6,97,8,novo
2020,6,99,-13,novo
2020,7,01,20349,novo
2020,7,02,1510,novo
2020,7,03,74,novo
2020,7,05,-3,novo
2020,7,06,-236,novo
2020,7,07,765,novo
2020,7,08,567,novo
2020,7,09,-241,novo
2020,7,10,15261,novo
2020,7,11,-216,novo
2020,7,12,-1139,novo
2020,7,13,4014,novo
2020,7,14,-3261,novo
2020,7,15,963,novo
2020,7,16,2006,novo
2020,7,17,660,novo
2020,7,18,-389,novo
2020,7,19,1800,novo
2020,7,20,2209,novo
2020,7,21,362,novo
2020,7,22,6059,novo
2020,7,23,3975,novo
2020,7,24,34,novo
2020,7,25,5117,novo
2020,7,26,1082,novo
2020,7,27,3631,novo
2020,7,28,2713,novo
2020,7,29,-2904,novo
2020,7,30,831,novo
2020,7,31,5605,novo
2020,7,32,1492,novo
2020,7,33,2479,novo
2020,7,35,6,novo
2020,7,36,-235,novo
2020,7,37,181,novo
2020,7,38,-30,novo
2020,7,39,21,novo
2020,7,41,15076,novo
2020,7,42,16487,novo
2020,7,43,9275,novo
2020,7,45,717,novo
2020,7,46,8356,novo
2020,7,47,16941,novo
2020,7,49,128,novo
2020,7,50,-126,novo
2020,7,51,-5088,novo
2020,7,52,1403,novo
2020,7,53,348,novo
2020,7,55,-4886,novo
2020,7,56,-21838,novo
2020,7,58,-323,novo
2020,7,59,-121,novo
2020,7,60,-698,novo
2020,7,61,2933,novo
2020,7,62,1319,novo
2020,7,63,702,novo
2020,7,64,-942,novo
2020,7,65,205,novo
2020,7,66,486,novo
2020,7,68,639,novo
2020,7,69,642,novo
2020,7,70,625,novo
2020,7,71,3047,novo
2020,7,72,188,novo
2020,7,73,547,novo
2020,7,74,886,novo
2020,7,75,234,novo
2020,7,77,435,novo
2020,7,78,3070,novo
2020,7,79,-1676,novo
2020,7,80,-684,novo
2020,7,81,1544,novo
2020,7,82,9275,novo
2020,7,84,-414,novo
2020,7,85,-19690,novo
2020,7,86,14589,novo
2020,7,87,438,novo
2020,7,88,-1531,novo
2020,7,90,-209,novo
2020,7,91,12,novo
2020,7,92,2,novo
2020,7,93,-2565,novo
2020,7,94,-1669,novo
2020,7,95,242,novo
2020,7,96,-156,novo
2020,7,97,6,novo
2020,7,99,4,novo
2020,8,01,9613,novo
2020,8,02,581,novo
2020,8,03,90,novo
2020,8,05,-4,novo
2020,8,06,-271,novo
2020,8,07,781,novo
2020,8,08,462,novo
2020,8,09,-89,novo
2020,8,10,18189,novo
2020,8,11,372,novo
2020,8,12,-3884,novo
2020,8,13,4786,novo
2020,8,14,1915,novo
2020,8,15,7038,novo
2020,8,16,2544,novo
2020,8,17,2243,novo
2020,8,18,310,novo
2020,8,19,2920,novo
2020,8,20,3208,novo
2020,8,21,342,novo
2020,8,22,8221,novo
2020,8,23,5353,novo
2020,8,24,841,novo
2020,8,25,8440,novo
2020,8,26,2044,novo
2020,8,27,4561,novo
2020,8,28,4672,novo
2020,8,29,2793,novo
2020,8,30,1089,novo
2020,8,31,5975,novo
2020,8,32,2358,novo
2020,8,33,3684,novo
2020,8,35,88,novo
2020,8,36,-86,novo
2020,8,37,96,novo
2020,8,38,1588,novo
2020,8,39,34,novo
2020,8,41,18089,novo
2020,8,42,20206,novo
2020,8,43,12179,novo
2020,8,45,5424,novo
2020,8,46,12461,novo
2020,8,47,30083,novo
2020,8,49,-173,novo
2020,8,50,105,novo
2020,8,51,-2840,novo
2020,8,52,2254,novo
2020,8,53,269,novo
2020,8,55,-1428,novo
2020,8,56,-14643,novo
2020,8,58,-141,novo
2020,8,59,-177,novo
2020,8,60,-377,novo
2020,8,61,1997,novo
2020,8,62,3492,novo
2020,8,63,1135,novo
2020,8,64,-150,novo
2020,8,65,70,novo
2020,8,66,1178,novo
2020,8,68,1029,novo
2020,8,69,1886,novo
2020,8,70,672,novo
2020,8,71,6806,novo
2020,8,72,325,novo
2020,8,73,872,novo
2020,8,74,1450,novo
2020,8,75,299,novo
2020,8,77,2340,novo
2020,8,78,21539,novo
2020,8,79,-1269,novo
2020,8,80,-96,novo
2020,8,81,2824,novo
2020,8,82,9775,novo
2020,8,84,-245,novo
2020,8,85,-8198,novo
2020,8,86,8534,novo
2020,8,87,135,novo
2020,8,88,-528,novo
2020,8,90,-121,novo
2020,8,91,14,novo
2020,8,92,-2,novo
2020,8,93,-1575,novo
2020,8,94,-1112,novo
2020,8,95,550,novo
2020,8,96,266,novo
2020,8,97,41,novo
2020,8,99,4,novo
2020,9,01,7384,novo
2020,9,02,431,novo
2020,9,03,89,novo
2020,9,05,-9,novo
2020,9,06,-326,novo
2020,9,07,757,novo
2020,9,08,490,novo
2020,9,09,-29,novo
2020,9,10,29216,novo
2020,9,11,652,novo
2020,9,12,-3604,novo
2020,9,13,5954,novo
2020,9,14,8954,novo
2020,9,15,12434,novo
2020,9,16,2987,novo
2020,9,17,1769,novo
2020,9,18,532,novo
2020,9,19,896,novo
2020,9,20,3162,novo
2020,9,21,241,novo
2020,9,22,7364,novo
2020,9,23,5296,novo
2020,9,24,2154,novo
2020,9,25,6791,novo
2020,9,26,1505,novo
2020,9,27,2864,novo
2020,9,28,5221,novo
2020,9,29,3030,novo
2020,9,30,-136,novo
2020,9,31,5074,novo
2020,9,32,2059,novo
2020,9,33,3960,novo
2020,9,35,123,novo
2020,9,36,-373,novo
2020,9,37,109,novo
2020,9,38,1604,novo
2020,9,39,41,novo
2020,9,41,13410,novo
2020,9,42,18548,novo
2020,9,43,13978,novo
2020,9,45,6157,novo
2020,9,46,14364,novo
2020,9,47,48593,novo
2020,9,49,4562,novo
2020,9,50,139,novo
2020,9,51,-184,novo
2020,9,52,5199,novo
2020,9,53,511,novo
2020,9,55,2338,novo
2020,9,56,2060,novo
2020,9,58,26,novo
2020,9,59,0,novo
2020,9,60,-182,novo
2020,9,61,1849,novo
2020,9,62,6026,novo
2020,9,63,1315,novo
2020,9,64,-333,novo
2020,9,65,37,novo
2020,9,66,1487,novo
2020,9,68,398,novo
2020,9,69,2348,novo
2020,9,70,1127,novo
2020,9,71,5825,novo
2020,9,72,371,novo
2020,9,73,1178,novo
2020,9,74,1632,novo
2020,9,75,257,novo
2020,9,77,2233,novo
2020,9,78,21827,novo
2020,9,79,-589,novo
2020,9,80,794,novo
2020,9,81,5533,novo
2020,9,82,13476,novo
2020,9,84,-150,novo
2020,9,85,-8942,novo
2020,9,86,6276,novo
2020,9,87,5,novo
2020,9,88,-912,novo
2020,9,90,-144,novo
2020,9,91,-21,novo
2020,9,92,0,novo
2020,9,93,562,novo
2020,9,94,44,novo
2020,9,95,749,novo
2020,9,96,1114,novo
2020,9,97,18,novo
2020,9,99,-11,novo
2020,10,01,-855,novo
2020,10,02,569,novo
2020,10,03,120,novo
2020,10,05,-5,novo
2020,10,06,-191,novo
2020,10,07,780,novo
2020,10,08,602,novo
2020,10,09,47,novo
2020,10,10,3992,novo
2020,10,11,1529,novo
2020,10,12,-1619,novo
2020,10,13,4026,novo
2020,10,14,11269,novo
2020,10,15,10227,novo
2020,10,16,2468,novo
2020,10,17,1668,novo
2020,10,18,949,novo
2020,10,19,-751,novo
2020,10,20,2415,novo
2020,10,21,-16,novo
2020,10,22,6597,novo
2020,10,23,5132,novo
2020,10,24,1914,novo
2020,10,25,6584,novo
2020,10,26,936,novo
2020,10,27,2565,novo
2020,10,28,5038,novo
2020,10,29,3004,novo
2020,10,30,949,novo
2020,10,31,4741,novo
2020,10,32,2244,novo
2020,10,33,5337,novo
2020,10,35,377,novo
2020,10,36,-335,novo
2020,10,37,255,novo
2020,10,38,2353,novo
2020,10,39,15,novo
2020,10,41,11973,novo
2020,10,42,12838,novo
2020,10,43,12380,novo
2020,10,45,8233,novo
2020,10,46,18885,novo
2020,10,47,87215,novo
2020,10,49,8147,novo
2020,10,50,245,novo
2020,10,51,-227,novo
2020,10,52,8347,novo
2020,10,53,553,novo
2020,10,55,6328,novo
2020,10,56,19345,novo
2020,10,58,-49,novo
2020,10,59,-63,novo
2020,10,60,-157,novo
2020,10,61,2878,novo
2020,10,62,9553,novo
2020,10,63,1636,novo
2020,10,64,-4974,novo
2020,10,65,-197,novo
2020,10,66,1775,novo
2020,10,68,1561,novo
2020,10,69,2592,novo
2020,10,70,3478,novo
2020,10,71,5162,novo
2020,10,72,91,novo
2020,10,73,2591,novo
2020,10,74,1889,novo
2020,10,75,502,novo
2020,10,77,3183,novo
2020,10,78,37335,novo
2020,10,79,96,novo
2020,10,80,-51,novo
2020,10,81,8703,novo
2020,10,82,22371,novo
2020,10,84,-573,novo
2020,10,85,2298,novo
2020,10,86,6157,novo
2020,10,87,181,novo
2020,10,88,-844,novo
2020,10,90,-61,novo
2020,10,91,56,novo
2020,10,92,-2,novo
2020,10,93,2739,novo
2020,10,94,-3280,novo
2020,10,95,777,novo
2020,10,96,2352,novo
2020,10,97,38,novo
2020,10,99,3,novo
2020,11,01,-15331,novo
2020,11,02,611,novo
2020,11,03,492,novo
2020,11,05,-18,novo
2020,11,06,-187,novo
2020,11,07,956,novo
2020,11,08,242,novo
2020,11,09,75,novo
2020,11,10,-4920,novo
2020,11,11,1213,novo
2020,11,12,-122,novo
2020,11,13,2499,novo
2020,11,14,7284,novo
2020,11,15,4248,novo
2020,11,16,2021,novo
2020,11,17,1478,novo
2020,11,18,657,novo
2020,11,19,-7893,novo
2020,11,20,1152,novo
2020,11,21,-206,novo
2020,11,22,4110,novo
2020,11,23,3982,novo
2020,11,24,1542,novo
2020,11,25,5784,novo
2020,11,26,641,novo
2020,11,27,1573,novo
2020,11,28,5295,novo
2020,11,29,2703,novo
2020,11,30,710,novo
2020,11,31,3666,novo
2020,11,32,1777,novo
2020,11,33,7472,novo
2020,11,35,331,novo
2020,11,36,-71,novo
2020,11,37,149,novo
2020,11,38,903,novo
2020,11,39,45,novo
2020,11,41,9040,novo
2020,11,42,3580,novo
2020,11,43,9042,novo
2020,11,45,9492,novo
2020,11,46,21609,novo
2020,11,47,145510,novo
2020,11,49,8099,novo
2020,11,50,154,novo
2020,11,51,-91,novo
2020,11,52,8928,novo
2020,11,53,483,novo
2020,11,55,7420,novo
2020,11,56,28113,novo
2020,11,58,-30,novo
2020,11,59,-62,novo
2020,11,60,-102,novo
2020,11,61,1598,novo
2020,11,62,-1967,novo
2020,11,63,1866,novo
2020,11,64,-1304,novo
2020,11,65,1063,novo
2020,11,66,1578,novo
2020,11,68,1722,novo
2020,11,69,2820,novo
2020,11,70,2195,novo
2020,11,71,4762,novo
2020,11,72,239,novo
2020,11,73,2254,novo
2020,11,74,1605,novo
2020,11,75,439,novo
2020,11,77,2545,novo
2020,11,78,43506,novo
2020,11,79,499,novo
2020,11,80,1046,novo
2020,11,81,9955,novo
2020,11,82,27384,novo
2020,11,84,-2372,novo
2020,11,85,-1586,novo
2020,11,86,14879,novo
2020,11,87,458,novo
2020,11,88,-291,novo
2020,11,90,-8,novo
2020,11,91,70,novo
2020,11,92,-8,novo
2020,11,93,2539,novo
2020,11,94,800,novo
2020,11,95,1251,novo
2020,11,96,3324,novo
2020,11,97,42,novo
2020,11,99,-3,novo
2020,12,01,-21765,novo
2020,12,02,-718,novo
2020,12,03,-273,novo
2020,12,05,-2,novo
2020,12,06,-162,novo
2020,12,07,-20,novo
2020,12,08,-344,novo
2020,12,09,4,novo
2020,12,10,-4078,novo
2020,12,11,404,novo
2020,12,12,-905,novo
2020,12,13,-2695,novo
2020,12,14,-7619,novo
2020,12,15,-8048,novo
2020,12,16,-1679,novo
2020,12,17,-690,novo
2020,12,18,-517,novo
2020,12,19,-4623,novo
2020,12,20,-1440,novo
2020,12,21,-554,novo
2020,12,22,-2277,novo
2020,12,23,-913,novo
2020,12,24,437,novo
2020,12,25,-1875,novo
2020,12,26,-868,novo
2020,12,27,-909,novo
2020,12,28,-608,novo
2020,12,29,127,novo
2020,12,30,-107,novo
2020,12,31,-1627,novo
2020,12,32,-2072,novo
2020,12,33,1297,novo
2020,12,35,-306,novo
2020,12,36,-503,novo
2020,12,37,-39,novo
2020,12,38,-612,novo
2020,12,39,-37,novo
2020,12,41,-16776,novo
2020,12,42,-18710,novo
2020,12,43,-6969,novo
2020,12,45,2460,novo
2020,12,46,5850,novo
2020,12,47,50043,novo
2020,12,49,-4641,novo
2020,12,50,264,novo
2020,12,51,409,novo
2020,12,52,392,novo
2020,12,53,403,novo
2020,12,55,8493,novo
2020,12,56,14336,novo
2020,12,58,-511,novo
2020,12,59,-228,novo
2020,12,60,-412,novo
2020,12,61,1926,novo
2020,12,62,1600,novo
2020,12,63,358,novo
2020,12,64,549,novo
2020,12,65,245,novo
2020,12,66,1049,novo
2020,12,68,513,novo
2020,12,69,-950,novo
2020,12,70,-1282,novo
2020,12,71,-2940,novo
2020,12,72,-170,novo
2020,12,73,476,novo
2020,12,74,1418,novo
2020,12,75,244,novo
2020,12,77,-288,novo
2020,12,78,-16522,novo
2020,12,79,212,novo
2020,12,80,3911,novo
2020,12,81,9047,novo
2020,12,82,9118,novo
2020,12,84,-15416,novo
2020,12,85,-44794,novo
2020,12,86,10957,novo
2020,12,87,-402,novo
2020,12,88,-2704,novo
2020,12,90,-94,novo
2020,12,91,42,novo
2020,12,92,-8,novo
2020,12,93,-762,novo
2020,12,94,-6286,novo
2020,12,95,274,novo
2020,12,96,748,novo
2020,12,97,25,novo
2020,12,99,1,novo
2021,1,01,30930,novo
2021,1,02,1527,novo
2021,1,03,429,novo
2021,1,05,-32,novo
2021,1,06,-52,novo
2021,1,07,874,novo
2021,1,08,558,novo
2021,1,09,143,novo
2021,1,10,-2458,novo
2021,1,11,271,novo
2021,1,12,1894,novo
2021,1,13,5201,novo
2021,1,14,13407,novo
2021,1,15,11584,novo
2021,1,16,3528,novo
2021,1,17,1639,novo
2021,1,18,-67,novo
2021,1,19,-193,novo
2021,1,20,1477,novo
2021,1,21,481,novo
2021,1,22,5306,novo
2021,1,23,5593,novo
2021,1,24,2379,novo
2021,1,25,7030,novo
2021,1,26,1988,novo
2021,1,27,3130,novo
2021,1,28,6227,novo
2021,1,29,5297,novo
2021,1,30,476,novo
2021,1,31,4891,novo
2021,1,32,2396,novo
2021,1,33,5529,novo
2021,1,35,494,novo
2021,1,36,28,novo
2021,1,37,27,novo
2021,1,38,1245,novo
2021,1,39,7,novo
2021,1,41,19481,novo
2021,1,42,12258,novo
2021,1,43,13401,novo
2021,1,45,10178,novo
2021,1,46,13789,novo
2021,1,47,-16966,novo
2021,1,49,-741,novo
2021,1,50,8,novo
2021,1,51,409,novo
2021,1,52,608,novo
2021,1,53,330,novo
2021,1,55,3434,novo
2021,1,56,1334,novo
2021,1,58,315,novo
2021,1,59,106,novo
2021,1,60,-234,novo
2021,1,61,1919,novo
2021,1,62,5122,novo
2021,1,63,-625,novo
2021,1,64,1462,novo
2021,1,65,424,novo
2021,1,66,2491,novo
2021,1,68,1955,novo
2021,1,69,7620,novo
2021,1,70,1672,novo
2021,1,71,4031,novo
2021,1,72,304,novo
2021,1,73,2219,novo
2021,1,74,1672,novo
2021,1,75,398,novo
2021,1,77,2039,novo
2021,1,78,-1580,novo
2021,1,79,-349,novo
2021,1,80,2379,novo
2021,1,81,4209,novo
2021,1,82,17410,novo
2021,1,84,2044,novo
2021,1,85,-4967,novo
2021,1,86,21894,novo
2021,1,87,238,novo
2021,1,88,-524,novo
2021,1,90,-160,novo
2021,1,91,82,novo
2021,1,92,-27,novo
2021,1,93,-7,novo
2021,1,94,424,novo
2021,1,95,907,novo
2021,1,96,1485,novo
2021,1,97,5,novo
2021,1,99,-1,novo
2021,2,01,20877,novo
2021,2,02,1839,novo
2021,2,03,243,novo
2021,2,05,19,novo
2021,2,06,-130,novo
2021,2,07,1200,novo
2021,2,08,1094,novo
2021,2,09,161,novo
2021,2,10,-2972,novo
2021,2,11,61,novo
2021,2,12,4358,novo
2021,2,13,4686,novo
2021,2,14,13232,novo
2021,2,15,9059,novo
2021,2,16,2866,novo
2021,2,17,1604,novo
2021,2,18,1184,novo
2021,2,19,-2550,novo
2021,2,20,2257,novo
2021,2,21,766,novo
2021,2,22,5963,novo
2021,2,23,6287,novo
2021,2,24,2855,novo
2021,2,25,7771,novo
2021,2,26,1155,novo
2021,2,27,2467,novo
2021,2,28,6499,novo
2021,2,29,5986,novo
2021,2,30,696,novo
2021,2,31,3807,novo
2021,2,32,3400,novo
2021,2,33,5960,novo
2021,2,35,404,novo
2021,2,36,421,novo
2021,2,37,203,novo
2021,2,38,2063,novo
2021,2,39,50,novo
2021,2,41,14686,novo
2021,2,42,14376,novo
2021,2,43,15457,novo
2021,2,45,11257,novo
2021,2,46,20188,novo
2021,2,47,34474,novo
2021,2,49,9318,novo
2021,2,50,100,novo
2021,2,51,220,novo
2021,2,52,4424,novo
2021,2,53,-3437,novo
2021,2,55,2816,novo
2021,2,56,13975,novo
2021,2,58,241,novo
2021,2,59,-240,novo
2021,2,60,-58,novo
2021,2,61,2955,novo
2021,2,62,5697,novo
2021,2,63,1475,novo
2021,2,64,1247,novo
2021,2,65,594,novo
2021,2,66,1532,novo
2021,2,68,1735,novo
2021,2,69,4807,novo
2021,2,70,1667,novo
2021,2,71,4568,novo
2021,2,72,100,novo
2021,2,73,2307,novo
2021,2,74,1228,novo
2021,2,75,633,novo
2021,2,77,3242,novo
2021,2,78,4275,novo
2021,2,79,-265,novo
2021,2,80,2094,novo
2021,2,81,11734,novo
2021,2,82,20813,novo
2021,2,84,6511,novo
2021,2,85,27607,novo
2021,2,86,23517,novo
2021,2,87,1224,novo
2021,2,88,1183,novo
2021,2,90,-58,novo
2021,2,91,39,novo
2021,2,92,-17,novo
2021,2,93,2067,novo
2021,2,94,5813,novo
2021,2,95,1231,novo
2021,2,96,2675,novo
2021,2,97,48,novo
2021,2,99,-1,novo
2021,3,01,1447,novo
2021,3,02,1500,novo
2021,3,03,451,novo
2021,3,05,-25,novo
2021,3,06,-342,novo
2021,3,07,460,novo
2021,3,08,982,novo
2021,3,09,327,novo
2021,3,10,-3332,novo
2021,3,11,-1046,novo
2021,3,12,4305,novo
2021,3,13,2307,novo
2021,3,14,4406,novo
2021,3,15,-2712,novo
2021,3,16,1818,novo
2021,3,17,288,novo
2021,3,18,238,novo
2021,3,19,2434,novo
2021,3,20,565,novo
2021,3,21,747,novo
2021,3,22,1465,novo
2021,3,23,4019,novo
2021,3,24,2699,novo
2021,3,25,5367,novo
2021,3,26,995,novo
2021,3,27,1268,novo
2021,3,28,4078,novo
2021,3,29,2026,novo
2021,3,30,349,novo
2021,3,31,970,novo
2021,3,32,1323,novo
2021,3,33,3493,novo
2021,3,35,-323,novo
2021,3,36,-241,novo
2021,3,37,142,novo
2021,3,38,1552,novo
2021,3,39,59,novo
2021,3,41,6785,novo
2021,3,42,7521,novo
2021,3,43,11023,novo
2021,3,45,5440,novo
2021,3,46,12091,novo
2021,3,47,-3355,novo
2021,3,49,11739,novo
2021,3,50,77,novo
2021,3,51,177,novo
2021,3,52,940,novo
2021,3,53,355,novo
2021,3,55,-3892,novo
2021,3,56,-27238,novo
2021,3,58,-150,novo
2021,3,59,-291,novo
2021,3,60,-74,novo
2021,3,61,2729,novo
2021,3,62,7317,novo
2021,3,63,2588,novo
2021,3,64,-738,novo
2021,3,65,876,novo
2021,3,66,2368,novo
2021,3,68,1620,novo
2021,3,69,2420,novo
2021,3,70,3108,novo
2021,3,71,6303,novo
2021,3,72,203,novo
2021,3,73,1610,novo
2021,3,74,1641,novo
2021,3,75,542,novo
2021,3,77,3125,novo
2021,3,78,2186,novo
2021,3,79,-531,novo
2021,3,80,1130,novo
2021,3,81,7148,novo
2021,3,82,7656,novo
2021,3,84,3317,novo
2021,3,85,12638,novo
2021,3,86,39070,novo
2021,3,87,238,novo
2021,3,88,449,novo
2021,3,90,-141,novo
2021,3,91,12,novo
2021,3,92,-30,novo
2021,3,93,-2169,novo
2021,3,94,3601,novo
2021,3,95,547,novo
2021,3,96,257,novo
2021,3,97,26,novo
2021,3,99,7,novo
2021,4,01,9740,novo
2021,4,02,1264,novo
2021,4,03,-9,novo
2021,4,05,-3,novo
2021,4,06,60,novo
2021,4,07,1020,novo
2021,4,08,942,novo
2021,4,09,363,novo
2021,4,10,460,novo
2021,4,11,-650,novo
2021,4,12,1603,novo
2021,4,13,-66,novo
2021,4,14,-2179,novo
2021,4,15,-7702,novo
2021,4,16,2087,novo
2021,4,17,320,novo
2021,4,18,-44,novo
2021,4,19,6609,novo
2021,4,20,84,novo
2021,4,21,739,novo
2021,4,22,11,novo
2021,4,23,3108,novo
2021,4,24,2124,novo
2021,4,25,3139,novo
2021,4,26,-165,novo
2021,4,27,1115,novo
2021,4,28,2474,novo
2021,4,29,1719,novo
2021,4,30,384,novo
2021,4,31,-803,novo
2021,4,32,770,novo
2021,4,33,1332,novo
2021,4,35,436,novo
2021,4,36,-121,novo
2021,4,37,35,novo
2021,4,38,-493,novo
2021,4,39,5,novo
2021,4,41,9128,novo
2021,4,42,5703,novo
2021,4,43,8190,novo
2021,4,45,2421,novo
2021,4,46,2461,novo
2021,4,47,2290,novo
2021,4,49,7290,novo
2021,4,50,80,novo
2021,4,51,89,novo
2021,4,52,-1519,novo
2021,4,53,-1569,novo
2021,4,55,-4810,novo
2021,4,56,-19840,novo
2021,4,58,-16,novo
2021,4,59,-146,novo
2021,4,60,-179,novo
2021,4,61,3007,novo
2021,4,62,6068,novo
2021,4,63,1456,novo
2021,4,64,3477,novo
2021,4,65,583,novo
2021,4,66,2481,novo
2021,4,68,1449,novo
2021,4,69,2875,novo
2021,4,70,1762,novo
2021,4,71,4749,novo
2021,4,72,440,novo
2021,4,73,162,novo
2021,4,74,1809,novo
2021,4,75,387,novo
2021,4,77,1756,novo
2021,4,78,-10225,novo
2021,4,79,-675,novo
2021,4,80,1431,novo
2021,4,81,1925,novo
2021,4,82,9500,novo
2021,4,84,1734,novo
2021,4,85,4777,novo
2021,4,86,29135,novo
2021,4,87,829,novo
2021,4,88,194,novo
2021,4,90,-82,novo
2021,4,91,-4,novo
2021,4,92,-26,novo
2021,4,93,-1722,novo
2021,4,94,4722,novo
2021,4,95,617,novo
2021,4,96,-59,novo
2021,4,97,98,novo
2021,4,99,11,novo
2021,5,01,41003,novo
2021,5,02,1530,novo
2021,5,03,-144,novo
2021,5,05,8,novo
2021,5,06,21,novo
2021,5,07,867,novo
2021,5,08,957,novo
2021,5,09,704,novo
2021,5,10,8569,novo
2021,5,11,195,novo
2021,5,12,293,novo
2021,5,13,429,novo
2021,5,14,2345,novo
2021,5,15,-1505,novo
2021,5,16,1974,novo
2021,5,17,526,novo
2021,5,18,-213,novo
2021,5,19,3508,novo
2021,5,20,813,novo
2021,5,21,658,novo
2021,5,22,1067,novo
2021,5,23,3131,novo
2021,5,24,1718,novo
2021,5,25,3307,novo
2021,5,26,325,novo
2021,5,27,583,novo
2021,5,28,4079,novo
2021,5,29,1447,novo
2021,5,30,916,novo
2021,5,31,602,novo
2021,5,32,1273,novo
2021,5,33,2888,novo
2021,5,35,213,novo
2021,5,36,-94,novo
2021,5,37,119,novo
2021,5,38,2167,novo
2021,5,39,7,novo
2021,5,41,9717,novo
2021,5,42,5869,novo
2021,5,43,8399,novo
2021,5,45,5090,novo
2021,5,46,8142,novo
2021,5,47,46145,novo
2021,5,49,5141,novo
2021,5,50,279,novo
2021,5,51,-907,novo
2021,5,52,2095,novo
2021,5,53,537,novo
2021,5,55,-502,novo
2021,5,56,6521,novo
2021,5,58,30,novo
2021,5,59,-46,novo
2021,5,60,-176,novo
2021,5,61,2704,novo
2021,5,62,6588,novo
2021,5,63,1712,novo
2021,5,64,2165,novo
2021,5,65,599,novo
2021,5,66,2603,novo
2021,5,68,1352,novo
2021,5,69,2631,novo
2021,5,70,2021,novo
2021,5,71,4264,novo
2021,5,72,389,novo
2021,5,73,3188,novo
2021,5,74,1908,novo
2021,5,75,377,novo
2021,5,77,2579,novo
2021,5,78,1128,novo
2021,5,79,-368,novo
2021,5,80,-2579,novo
2021,5,81,11155,novo
2021,5,82,13995,novo
2021,5,84,1680,novo
2021,5,85,9786,novo
2021,5,86,14264,novo
2021,5,87,967,novo
2021,5,88,1161,novo
2021,5,90,-15,novo
2021,5,91,193,novo
2021,5,92,-18,novo
2021,5,93,372,novo
2021,5,94,6705,novo
2021,5,95,582,novo
2021,5,96,1960,novo
2021,5,97,27,novo
2021,5,99,10,novo
2021,6,01,35920,novo
2021,6,02,1672,novo
2021,6,03,751,novo
2021,6,05,27,novo
2021,6,06,-20,novo
2021,6,07,846,novo
2021,6,08,910,novo
2021,6,09,560,novo
2021,6,10,9625,novo
2021,6,11,216,novo
2021,6,12,-1260,novo
2021,6,13,1762,novo
2021,6,14,4887,novo
2021,6,15,2611,novo
2021,6,16,2375,novo
2021,6,17,548,novo
2021,6,18,232,novo
2021,6,19,2794,novo
2021,6,20,1186,novo
2021,6,21,582,novo
2021,6,22,-446,novo
2021,6,23,3862,novo
2021,6,24,1550,novo
2021,6,25,4047,novo
2021,6,26,520,novo
2021,6,27,1061,novo
2021,6,28,3208,novo
2021,6,29,-455,novo
2021,6,30,890,novo
2021,6,31,1456,novo
2021,6,32,1068,novo
2021,6,33,2682,novo
2021,6,35,760,novo
2021,6,36,203,novo
2021,6,37,44,novo
2021,6,38,1848,novo
2021,6,39,-19,novo
2021,6,41,9105,novo
2021,6,42,5026,novo
2021,6,43,9101,novo
2021,6,45,6167,novo
2021,6,46,11505,novo
2021,6,47,54889,novo
2021,6,49,7902,novo
2021,6,50,336,novo
2021,6,51,-189,novo
2021,6,52,4166,novo
2021,6,53,521,novo
2021,6,55,1978,novo
2021,6,56,16306,novo
2021,6,58,-182,novo
2021,6,59,226,novo
2021,6,60,-105,novo
2021,6,61,2287,novo
2021,6,62,7637,novo
2021,6,63,2317,novo
2021,6,64,2087,novo
2021,6,65,474,novo
2021,6,66,3414,novo
2021,6,68,1554,novo
2021,6,69,2854,novo
2021,6,70,2029,novo
2021,6,71,4866,novo
2021,6,72,387,novo
2021,6,73,2428,novo
2021,6,74,2221,novo
2021,6,75,384,novo
2021,6,77,3318,novo
2021,6,78,8520,novo
2021,6,79,81,novo
2021,6,80,1058,novo
2021,6,81,6546,novo
2021,6,82,13386,novo
2021,6,84,637,novo
2021,6,85,1943,novo
2021,6,86,15949,novo
2021,6,87,605,novo
2021,6,88,1098,novo
2021,6,90,-308,novo
2021,6,91,128,novo
2021,6,92,-11,novo
2021,6,93,1602,novo
2021,6,94,2183,novo
2021,6,95,833,novo
2021,6,96,2238,novo
2021,6,97,30,novo
2021,6,99,6,novo
2021,7,01,24168,novo
2021,7,02,1281,novo
2021,7,03,51,novo
2021,7,05,65,novo
2021,7,06,72,novo
2021,7,07,734,novo
2021,7,08,857,novo
2021,7,09,443,novo
2021,7,10,10247,novo
2021,7,11,343,novo
2021,7,12,-2977,novo
2021,7,13,3235,novo
2021,7,14,6212,novo
2021,7,15,6676,novo
2021,7,16,1821,novo
2021,7,17,702,novo
2021,7,18,551,novo
2021,7,19,1333,novo
2021,7,20,1939,novo
2021,7,21,532,novo
2021,7,22,1321,novo
2021,7,23,3059,novo
2021,7,24,1362,novo
2021,7,25,3751,novo
2021,7,26,1262,novo
2021,7,27,80,novo
2021,7,28,3711,novo
2021,7,29,1786,novo
2021,7,30,121,novo
2021,7,31,2811,novo
2021,7,32,1039,novo
2021,7,33,3388,novo
2021,7,35,424,novo
2021,7,36,-157,novo
2021,7,37,53,novo
2021,7,38,1932,novo
2021,7,39,-5,novo
2021,7,41,12485,novo
2021,7,42,6365,novo
2021,7,43,11804,novo
2021,7,45,6698,novo
2021,7,46,13532,novo
2021,7,47,54094,novo
2021,7,49,10551,novo
2021,7,50,267,novo
2021,7,51,566,novo
2021,7,52,2632,novo
2021,7,53,279,novo
2021,7,55,4666,novo
2021,7,56,23599,novo
2021,7,58,50,novo
2021,7,59,243,novo
2021,7,60,49,novo
2021,7,61,2140,novo
2021,7,62,6764,novo
2021,7,63,2269,novo
2021,7,64,2169,novo
2021,7,65,964,novo
2021,7,66,2520,novo
2021,7,68,1677,novo
2021,7,69,2872,novo
2021,7,70,1625,novo
2021,7,71,3179,novo
2021,7,72,447,novo
2021,7,73,3172,novo
2021,7,74,2278,novo
2021,7,75,425,novo
2021,7,77,3492,novo
2021,7,78,4757,novo
2021,7,79,364,novo
2021,7,80,4410,novo
2021,7,81,6952,novo
2021,7,82,17202,novo
2021,7,84,543,novo
2021,7,85,-4354,novo
2021,7,86,8822,novo
2021,7,87,305,novo
2021,7,88,952,novo
2021,7,90,95,novo
2021,7,91,109,novo
2021,7,92,5,novo
2021,7,93,2339,novo
2021,7,94,2949,novo
2021,7,95,865,novo
2021,7,96,2250,novo
2021,7,97,48,novo
2021,7,99,16,novo
2021,8,01,8212,novo
2021,8,02,728,novo
2021,8,03,129,novo
2021,8,05,-15,novo
2021,8,06,132,novo
2021,8,07,653,novo
2021,8,08,653,novo
2021,8,09,264,novo
2021,8,10,18059,novo
2021,8,11,737,novo
2021,8,12,-4661,novo
2021,8,13,2596,novo
2021,8,14,7872,novo
2021,8,15,8748,novo
2021,8,16,2086,novo
2021,8,17,999,novo
2021,8,18,834,novo
2021,8,19,2469,novo
2021,8,20,1700,novo
2021,8,21,677,novo
2021,8,22,2434,novo
2021,8,23,4461,novo
2021,8,24,1835,novo
2021,8,25,4054,novo
2021,8,26,966,novo
2021,8,27,180,novo
2021,8,28,3554,novo
2021,8,29,2007,novo
2021,8,30,-697,novo
2021,8,31,3299,novo
2021,8,32,1454,novo
2021,8,33,3567,novo
2021,8,35,378,novo
2021,8,36,144,novo
2021,8,37,62,novo
2021,8,38,1150,novo
2021,8,39,5,novo
2021,8,41,14724,novo
2021,8,42,4600,novo
2021,8,43,13948,novo
2021,8,45,7866,novo
2021,8,46,14680,novo
2021,8,47,55296,novo
2021,8,49,14636,novo
2021,8,50,176,novo
2021,8,51,315,novo
2021,8,52,3672,novo
2021,8,53,130,novo
2021,8,55,4741,novo
2021,8,56,28918,novo
2021,8,58,133,novo
2021,8,59,-314,novo
2021,8,60,159,novo
2021,8,61,1441,novo
2021,8,62,7602,novo
2021,8,63,2551,novo
2021,8,64,2695,novo
2021,8,65,498,novo
2021,8,66,2786,novo
2021,8,68,1728,novo
2021,8,69,2870,novo
2021,8,70,1909,novo
2021,8,71,5486,novo
2021,8,72,372,novo
2021,8,73,2048,novo
2021,8,74,2354,novo
2021,8,75,332,novo
2021,8,77,3896,novo
2021,8,78,6246,novo
2021,8,79,671,novo
2021,8,80,2225,novo
2021,8,81,14433,novo
2021,8,82,17768,novo
2021,8,84,1325,novo
2021,8,85,24556,novo
2021,8,86,3962,novo
2021,8,87,1299,novo
2021,8,88,3458,novo
2021,8,90,97,novo
2021,8,91,169,novo
2021,8,92,5,novo
2021,8,93,4181,novo
2021,8,94,5401,novo
2021,8,95,954,novo
2021,8,96,2561,novo
2021,8,97,61,novo
2021,8,99,-1,novo
2021,9,01,7539,novo
2021,9,02,1278,novo
2021,9,03,39,novo
2021,9,05,32,novo
2021,9,06,64,novo
2021,9,07,837,novo
2021,9,08,503,novo
2021,9,09,208,novo
2021,9,10,24349,novo
2021,9,11,809,novo
2021,9,12,-1907,novo
2021,9,13,1989,novo
2021,9,14,7448,novo
2021,9,15,9619,novo
2021,9,16,1370,novo
2021,9,17,1107,novo
2021,9,18,786,novo
2021,9,19,1704,novo
2021,9,20,1695,novo
2021,9,21,116,novo
2021,9,22,1945,novo
2021,9,23,3658,novo
2021,9,24,1285,novo
2021,9,25,3999,novo
2021,9,26,1459,novo
2021,9,27,914,novo
2021,9,28,3225,novo
2021,9,29,819,novo
2021,9,30,5,novo
2021,9,31,2332,novo
2021,9,32,530,novo
2021,9,33,3342,novo
2021,9,35,322,novo
2021,9,36,203,novo
2021,9,37,-70,novo
2021,9,38,1200,novo
2021,9,39,-23,novo
2021,9,41,11540,novo
2021,9,42,2871,novo
2021,9,43,11771,novo
2021,9,45,6326,novo
2021,9,46,12908,novo
2021,9,47,41429,novo
2021,9,49,13557,novo
2021,9,50,366,novo
2021,9,51,363,novo
2021,9,52,3625,novo
2021,9,53,119,novo
2021,9,55,6158,novo
2021,9,56,25338,novo
2021,9,58,-43,novo
2021,9,59,-155,novo
2021,9,60,391,novo
2021,9,61,819,novo
2021,9,62,6890,novo
2021,9,63,2154,novo
2021,9,64,3373,novo
2021,9,65,80,novo
2021,9,66,2707,novo
2021,9,68,1405,novo
2021,9,69,2331,novo
2021,9,70,2288,novo
2021,9,71,3836,novo
2021,9,72,217,novo
2021,9,73,2273,novo
2021,9,74,2369,novo
2021,9,75,266,novo
2021,9,77,3559,novo
2021,9,78,9593,novo
2021,9,79,808,novo
2021,9,80,-55,novo
2021,9,81,9262,novo
2021,9,82,10399,novo
2021,9,84,1199,novo
2021,9,85,15903,novo
2021,9,86,-986,novo
2021,9,87,651,novo
2021,9,88,2524,novo
2021,9,90,146,novo
2021,9,91,91,novo
2021,9,92,-6,novo
2021,9,93,3718,novo
2021,9,94,4781,novo
2021,9,95,624,novo
2021,9,96,2446,novo
2021,9,97,35,novo
2021,9,99,-1,novo
2021,10,01,-7013,novo
2021,10,02,1467,novo
2021,10,03,-210,novo
2021,10,05,17,novo
2021,10,06,195,novo
2021,10,07,157,novo
2021,10,08,531,novo
2021,10,09,223,novo
2021,10,10,-841,novo
2021,10,11,1165,novo
2021,10,12,-272,novo
2021,10,13,47,novo
2021,10,14,6513,novo
2021,10,15,4040,novo
2021,10,16,1163,novo
2021,10,17,610,novo
2021,10,18,588,novo
2021,10,19,-3894,novo
2021,10,20,1420,novo
2021,10,21,-26,novo
2021,10,22,1694,novo
2021,10,23,2044,novo
2021,10,24,1049,novo
2021,10,25,2138,novo
2021,10,26,745,novo
2021,10,27,-225,novo
2021,10,28,2534,novo
2021,10,29,-666,novo
2021,10,30,-108,novo
2021,10,31,1051,novo
2021,10,32,441,novo
2021,10,33,2347,novo
2021,10,35,334,novo
2021,10,36,416,novo
2021,10,37,39,novo
2021,10,38,1075,novo
2021,10,39,-15,novo
2021,10,41,9876,novo
2021,10,42,176,novo
2021,10,43,6875,novo
2021,10,45,4379,novo
2021,10,46,14048,novo
2021,10,47,52134,novo
2021,10,49,8302,novo
2021,10,50,263,novo
2021,10,51,302,novo
2021,10,52,5029,novo
2021,10,53,-203,novo
2021,10,55,6792,novo
2021,10,56,26016,novo
2021,10,58,215,novo
2021,10,59,147,novo
2021,10,60,99,novo
2021,10,61,1572,novo
2021,10,62,5929,novo
2021,10,63,3351,novo
2021,10,64,3188,novo
2021,10,65,-219,novo
2021,10,66,2238,novo
2021,10,68,1107,novo
2021,10,69,1851,novo
2021,10,70,4466,novo
2021,10,71,528,novo
2021,10,72,304,novo
2021,10,73,1251,novo
2021,10,74,2063,novo
2021,10,75,365,novo
2021,10,77,2556,novo
2021,10,78,15408,novo
2021,10,79,932,novo
2021,10,80,2584,novo
2021,10,81,7319,novo
2021,10,82,14177,novo
2021,10,84,1238,novo
2021,10,85,9006,novo
2021,10,86,2728,novo
2021,10,87,183,novo
2021,10,88,1349,novo
2021,10,90,205,novo
2021,10,91,53,novo
2021,10,92,9,novo
2021,10,93,3293,novo
2021,10,94,5912,novo
2021,10,95,522,novo
2021,10,96,2443,novo
2021,10,97,-56,novo
2021,10,99,5,novo
2021,11,01,-16772,novo
2021,11,02,-67,novo
2021,11,03,77,novo
2021,11,05,-7,novo
2021,11,06,94,novo
2021,11,07,140,novo
2021,11,08,-11,novo
2021,11,09,244,novo
2021,11,10,-1623,novo
2021,11,11,616,novo
2021,11,12,76,novo
2021,11,13,-1125,novo
2021,11,14,1874,novo
2021,11,15,-160,novo
2021,11,16,-193,novo
2021,11,17,252,novo
2021,11,18,532,novo
2021,11,19,-5441,novo
2021,11,20,592,novo
2021,11,21,9,novo
2021,11,22,270,novo
2021,11,23,1125,novo
2021,11,24,476,novo
2021,11,25,1346,novo
2021,11,26,1005,novo
2021,11,27,-131,novo
2021,11,28,2285,novo
2021,11,29,39,novo
2021,11,30,-1230,novo
2021,11,31,526,novo
2021,11,32,-155,novo
2021,11,33,4875,novo
2021,11,35,-145,novo
2021,11,36,-607,novo
2021,11,37,126,novo
2021,11,38,2390,novo
2021,11,39,-27,novo
2021,11,41,5844,novo
2021,11,42,708,novo
2021,11,43,4883,novo
2021,11,45,5276,novo
2021,11,46,13965,novo
2021,11,47,120252,novo
2021,11,49,10456,novo
2021,11,50,445,novo
2021,11,51,349,novo
2021,11,52,6023,novo
2021,11,53,521,novo
2021,11,55,7293,novo
2021,11,56,28961,novo
2021,11,58,-29,novo
2021,11,59,428,novo
2021,11,60,-109,novo
2021,11,61,1474,novo
2021,11,62,7504,novo
2021,11,63,2787,novo
2021,11,64,3602,novo
2021,11,65,190,novo
2021,11,66,1738,novo
2021,11,68,1831,novo
2021,11,69,2458,novo
2021,11,70,2523,novo
2021,11,71,2853,novo
2021,11,72,259,novo
2021,11,73,2713,novo
2021,11,74,2528,novo
2021,11,75,496,novo
2021,11,77,2119,novo
2021,11,78,38869,novo
2021,11,79,1323,novo
2021,11,80,2687,novo
2021,11,81,11539,novo
2021,11,82,17271,novo
2021,11,84,117,novo
2021,11,85,2517,novo
2021,11,86,4577,novo
2021,11,87,480,novo
2021,11,88,2233,novo
2021,11,90,284,novo
2021,11,91,-180,novo
2021,11,92,10,novo
2021,11,93,2429,novo
2021,11,94,5035,novo
2021,11,95,535,novo
2021,11,96,2749,novo
2021,11,97,15,novo
2021,11,99,6,novo
2021,12,01,-23932,novo
2021,12,02,-1503,novo
2021,12,03,-759,novo
2021,12,05,-6,novo
2021,12,06,127,novo
2021,12,07,-953,novo
2021,12,08,-475,novo
2021,12,09,170,novo
2021,12,10,-13262,novo
2021,12,11,-7,novo
2021,12,12,-808,novo
2021,12,13,-5364,novo
2021,12,14,-12655,novo
2021,12,15,-10991,novo
2021,12,16,-3541,novo
2021,12,17,-1286,novo
2021,12,18,-1003,novo
2021,12,19,-4448,novo
2021,12,20,-1847,novo
2021,12,21,-671,novo
2021,12,22,-4842,novo
2021,12,23,-4162,novo
2021,12,24,-732,novo
2021,12,25,-5141,novo
2021,12,26,-959,novo
2021,12,27,-2534,novo
2021,12,28,-2347,novo
2021,12,29,-3816,novo
2021,12,30,-560,novo
2021,12,31,-4804,novo
2021,12,32,-2924,novo
2021,12,33,171,novo
2021,12,35,-578,novo
2021,12,36,401,novo
2021,12,37,65,novo
2021,12,38,-2650,novo
2021,12,39,20,novo
2021,12,41,-17828,novo
2021,12,42,-22616,novo
2021,12,43,-11269,novo
2021,12,45,-2617,novo
2021,12,46,482,novo
2021,12,47,11077,novo
2021,12,49,-12113,novo
2021,12,50,266,novo
2021,12,51,316,novo
2021,12,52,-493,novo
2021,12,53,-1,novo
2021,12,55,7131,novo
2021,12,56,12882,novo
2021,12,58,-412,novo
2021,12,59,1549,novo
2021,12,60,-8,novo
2021,12,61,137,novo
2021,12,62,3283,novo
2021,12,63,60,novo
2021,12,64,1711,novo
2021,12,65,-276,novo
2021,12,66,-56,novo
2021,12,68,-40,novo
2021,12,69,-3215,novo
2021,12,70,-1969,novo
2021,12,71,-1736,novo
2021,12,72,-592,novo
2021,12,73,-1240,novo
2021,12,74,926,novo
2021,12,75,110,novo
2021,12,77,140,novo
2021,12,78,-30843,novo
2021,12,79,574,novo
2021,12,80,4769,novo
2021,12,81,8413,novo
2021,12,82,1107,novo
2021,12,84,-18027,novo
2021,12,85,-62284,novo
2021,12,86,-2473,novo
2021,12,87,-544,novo
2021,12,88,-1104,novo
2021,12,90,159,novo
2021,12,91,39,novo
2021,12,92,8,novo
2021,12,93,670,novo
2021,12,94,-10931,novo
2021,12,95,-301,novo
2021,12,96,-27,novo
2021,12,97,6,novo
2021,12,99,-5,novo
2022,1,01,24175,novo
2022,1,02,798,novo
2022,1,03,203,novo
2022,1,05,45,novo
2022,1,06,56,novo
2022,1,07,-93,novo
2022,1,08,156,novo
2022,1,09,366,novo
2022,1,10,3892,novo
2022,1,11,-41,novo
2022,1,12,1981,novo
2022,1,13,2132,novo
2022,1,14,4212,novo
2022,1,15,6426,novo
2022,1,16,2176,novo
2022,1,17,1114,novo
2022,1,18,293,novo
2022,1,19,-2923,novo
2022,1,20,1389,novo
2022,1,21,1187,novo
2022,1,22,3405,novo
2022,1,23,1702,novo
2022,1,24,1587,novo
2022,1,25,2979,novo
2022,1,26,804,novo
2022,1,27,751,novo
2022,1,28,3594,novo
2022,1,29,3494,novo
2022,1,30,289,novo
2022,1,31,208,novo
2022,1,32,2153,novo
2022,1,33,6008,novo
2022,1,35,24,novo
2022,1,36,45,novo
2022,1,37,139,novo
2022,1,38,1766,novo
2022,1,39,25,novo
2022,1,41,16168,novo
2022,1,42,7966,novo
2022,1,43,12847,novo
2022,1,45,2969,novo
2022,1,46,7406,novo
2022,1,47,-70551,novo
2022,1,49,522,novo
2022,1,50,231,novo
2022,1,51,157,novo
2022,1,52,5275,novo
2022,1,53,-260,novo
2022,1,55,1319,novo
2022,1,56,473,novo
2022,1,58,218,novo
2022,1,59,-973,novo
2022,1,60,111,novo
2022,1,61,-232,novo
2022,1,62,6569,novo
2022,1,63,1675,novo
2022,1,64,2823,novo
2022,1,65,17,novo
2022,1,66,454,novo
2022,1,68,1034,novo
2022,1,69,5084,novo
2022,1,70,1504,novo
2022,1,71,4941,novo
2022,1,72,442,novo
2022,1,73,-225,novo
2022,1,74,860,novo
2022,1,75,167,novo
2022,1,77,2096,novo
2022,1,78,12874,novo
2022,1,79,504,novo
2022,1,80,3367,novo
2022,1,81,8827,novo
2022,1,82,6596,novo
2022,1,84,1260,novo
2022,1,85,11193,novo
2022,1,86,15247,novo
2022,1,87,619,novo
2022,1,88,1412,novo
2022,1,90,67,novo
2022,1,91,118,novo
2022,1,92,7,novo
2022,1,93,2648,novo
2022,1,94,2199,novo
2022,1,95,252,novo
2022,1,96,343,novo
2022,1,97,44,novo
2022,1,99,-3,novo
2022,2,01,15441,novo
2022,2,02,1985,novo
2022,2,03,28,novo
2022,2,05,16,novo
2022,2,06,83,novo
2022,2,07,171,novo
2022,2,08,829,novo
2022,2,09,808,novo
2022,2,10,-73,novo
2022,2,11,-548,novo
2022,2,12,4171,novo
2022,2,13,861,novo
2022,2,14,3707,novo
2022,2,15,7218,novo
2022,2,16,1125,novo
2022,2,17,1001,novo
2022,2,18,335,novo
2022,2,19,-543,novo
2022,2,20,1249,novo
2022,2,21,953,novo
2022,2,22,1720,novo
2022,2,23,2143,novo
2022,2,24,1657,novo
2022,2,25,2966,novo
2022,2,26,1047,novo
2022,2,27,301,novo
2022,2,28,2808,novo
2022,2,29,3605,novo
2022,2,30,388,novo
2022,2,31,-88,novo
2022,2,32,2031,novo
2022,2,33,691,novo
2022,2,35,-139,novo
2022,2,36,170,novo
2022,2,37,154,novo
2022,2,38,2324,novo
2022,2,39,28,novo
2022,2,41,19834,novo
2022,2,42,7212,novo
2022,2,43,12824,novo
2022,2,45,7354,novo
2022,2,46,11849,novo
2022,2,47,-6305,novo
2022,2,49,11780,novo
2022,2,50,246,novo
2022,2,51,450,novo
2022,2,52,1410,novo
2022,2,53,267,novo
2022,2,55,2234,novo
2022,2,56,18270,novo
2022,2,58,202,novo
2022,2,59,358,novo
2022,2,60,130,novo
2022,2,61,1114,novo
2022,2,62,4923,novo
2022,2,63,1252,novo
2022,2,64,2852,novo
2022,2,65,129,novo
2022,2,66,726,novo
2022,2,68,1369,novo
2022,2,69,2355,novo
2022,2,70,1432,novo
2022,2,71,6027,novo
2022,2,72,298,novo
2022,2,73,591,novo
2022,2,74,2706,novo
2022,2,75,253,novo
2022,2,77,3005,novo
2022,2,78,5404,novo
2022,2,79,870,novo
2022,2,80,-330,novo
2022,2,81,13118,novo
2022,2,82,8543,novo
2022,2,84,11520,novo
2022,2,85,66942,novo
2022,2,86,17726,novo
2022,2,87,2439,novo
2022,2,88,3370,novo
2022,2,90,215,novo
2022,2,91,19,novo
2022,2,92,0,novo
2022,2,93,2650,novo
2022,2,94,16394,novo
2022,2,95,362,novo
2022,2,96,1485,novo
2022,2,97,0,novo
2022,2,99,10,novo
2022,3,01,-17273,novo
2022,3,02,1169,novo
2022,3,03,150,novo
2022,3,05,19,novo
2022,3,06,148,novo
2022,3,07,-190,novo
2022,3,08,682,novo
2022,3,09,268,novo
2022,3,10,-10787,novo
2022,3,11,-604,novo
2022,3,12,4464,novo
2022,3,13,-918,novo
2022,3,14,406,novo
2022,3,15,4833,novo
2022,3,16,837,novo
2022,3,17,93,novo
2022,3,18,-514,novo
2022,3,19,2750,novo
2022,3,20,886,novo
2022,3,21,539,novo
2022,3,22,37,novo
2022,3,23,818,novo
2022,3,24,1290,novo
2022,3,25,653,novo
2022,3,26,-79,novo
2022,3,27,-193,novo
2022,3,28,1331,novo
2022,3,29,1831,novo
2022,3,30,211,novo
2022,3,31,83,novo
2022,3,32,257,novo
2022,3,33,3703,novo
2022,3,35,203,novo
2022,3,36,-271,novo
2022,3,37,242,novo
2022,3,38,1843,novo
2022,3,39,6,novo
2022,3,41,11986,novo
2022,3,42,3444,novo
2022,3,43,9596,novo
2022,3,45,3883,novo
2022,3,46,8054,novo
2022,3,47,-11470,novo
2022,3,49,13872,novo
2022,3,50,64,novo
2022,3,51,310,novo
2022,3,52,1790,novo
2022,3,53,293,novo
2022,3,55,-312,novo
2022,3,56,6799,novo
2022,3,58,50,novo
2022,3,59,367,novo
2022,3,60,269,novo
2022,3,61,874,novo
2022,3,62,5875,novo
2022,3,63,2442,novo
2022,3,64,1927,novo
2022,3,65,238,novo
2022,3,66,914,novo
2022,3,68,1329,novo
2022,3,69,1052,novo
2022,3,70,3115,novo
2022,3,71,6507,novo
2022,3,72,25,novo
2022,3,73,675,novo
2022,3,74,1650,novo
2022,3,75,220,novo
2022,3,77,3715,novo
2022,3,78,-2356,novo
2022,3,79,291,novo
2022,3,80,3808,novo
2022,3,81,3979,novo
2022,3,82,3080,novo
2022,3,84,5544,novo
2022,3,85,28440,novo
2022,3,86,2308,novo
2022,3,87,570,novo
2022,3,88,1272,novo
2022,3,90,496,novo
2022,3,91,62,novo
2022,3,92,-9,novo
2022,3,93,681,novo
2022,3,94,9049,novo
2022,3,95,134,novo
2022,3,96,351,novo
2022,3,97,-19,novo
2022,3,99,32,novo
2022,4,01,-2237,novo
2022,4,02,1121,novo
2022,4,03,25,novo
2022,4,05,10,novo
2022,4,06,118,novo
2022,4,07,283,novo
2022,4,08,668,novo
2022,4,09,414,novo
2022,4,10,3387,novo
2022,4,11,439,novo
2022,4,12,406,novo
2022,4,13,-588,novo
2022,4,14,1266,novo
2022,4,15,2555,novo
2022,4,16,199,novo
2022,4,17,449,novo
2022,4,18,173,novo
2022,4,19,6360,novo
2022,4,20,1347,novo
2022,4,21,333,novo
2022,4,22,305,novo
2022,4,23,623,novo
2022,4,24,650,novo
2022,4,25,1515,novo
2022,4,26,-304,novo
2022,4,27,28,novo
2022,4,28,518,novo
2022,4,29,739,novo
2022,4,30,1118,novo
2022,4,31,-274,novo
2022,4,32,155,novo
2022,4,33,1109,novo
2022,4,35,-163,novo
2022,4,36,491,novo
2022,4,37,114,novo
2022,4,38,2019,novo
2022,4,39,76,novo
2022,4,41,12744,novo
2022,4,42,2520,novo
2022,4,43,10302,novo
2022,4,45,5617,novo
2022,4,46,6904,novo
2022,4,47,16980,novo
2022,4,49,14833,novo
2022,4,50,304,novo
2022,4,51,277,novo
2022,4,52,-499,novo
2022,4,53,1134,novo
2022,4,55,1952,novo
2022,4,56,17133,novo
2022,4,58,57,novo
2022,4,59,427,novo
2022,4,60,73,novo
2022,4,61,994,novo
2022,4,62,3903,novo
2022,4,63,2948,novo
2022,4,64,2020,novo
2022,4,65,426,novo
2022,4,66,1399,novo
2022,4,68,1018,novo
2022,4,69,608,novo
2022,4,70,2233,novo
2022,4,71,3685,novo
2022,4,72,311,novo
2022,4,73,1987,novo
2022,4,74,1577,novo
2022,4,75,315,novo
2022,4,77,3406,novo
2022,4,78,1984,novo
2022,4,79,739,novo
2022,4,80,2284,novo
2022,4,81,3464,novo
2022,4,82,4152,novo
2022,4,84,2655,novo
2022,4,85,17265,novo
2022,4,86,7082,novo
2022,4,87,743,novo
2022,4,88,2299,novo
2022,4,90,384,novo
2022,4,91,49,novo
2022,4,92,-4,novo
2022,4,93,2783,novo
2022,4,94,6402,novo
2022,4,95,493,novo
2022,4,96,1126,novo
2022,4,97,23,novo
2022,4,99,8,novo
2022,5,01,24798,novo
2022,5,02,2165,novo
2022,5,03,-163,novo
2022,5,05,65,novo
2022,5,06,55,novo
2022,5,07,245,novo
2022,5,08,716,novo
2022,5,09,457,novo
2022,5,10,12054,novo
2022,5,11,1040,novo
2022,5,12,-994,novo
2022,5,13,244,novo
2022,5,14,1616,novo
2022,5,15,3644,novo
2022,5,16,920,novo
2022,5,17,987,novo
2022,5,18,631,novo
2022,5,19,3413,novo
2022,5,20,1859,novo
2022,5,21,247,novo
2022,5,22,2675,novo
2022,5,23,1204,novo
2022,5,24,377,novo
2022,5,25,3581,novo
2022,5,26,-741,novo
2022,5,27,950,novo
2022,5,28,1404,novo
2022,5,29,1501,novo
2022,5,30,929,novo
2022,5,31,85,novo
2022,5,32,1499,novo
2022,5,33,2916,novo
2022,5,35,-110,novo
2022,5,36,667,novo
2022,5,37,168,novo
2022,5,38,2818,novo
2022,5,39,-14,novo
2022,5,41,15942,novo
2022,5,42,8224,novo
2022,5,43,10840,novo
2022,5,45,6216,novo
2022,5,46,10611,novo
2022,5,47,30664,novo
2022,5,49,11391,novo
2022,5,50,415,novo
2022,5,51,495,novo
2022,5,52,2172,novo
2022,5,53,353,novo
2022,5,55,2117,novo
2022,5,56,18977,novo
2022,5,58,67,novo
2022,5,59,733,novo
2022,5,60,17,novo
2022,5,61,781,novo
2022,5,62,5793,novo
2022,5,63,1103,novo
2022,5,64,1505,novo
2022,5,65,221,novo
2022,5,66,1200,novo
2022,5,68,708,novo
2022,5,69,1115,novo
2022,5,70,1634,novo
2022,5,71,4598,novo
2022,5,72,466,novo
2022,5,73,2662,novo
2022,5,74,1684,novo
2022,5,75,264,novo
2022,5,77,2909,novo
2022,5,78,4932,novo
2022,5,79,909,novo
2022,5,80,1570,novo
2022,5,81,7813,novo
2022,5,82,7383,novo
2022,5,84,1868,novo
2022,5,85,12253,novo
2022,5,86,8782,novo
2022,5,87,613,novo
2022,5,88,1101,novo
2022,5,90,330,novo
2022,5,91,-3,novo
2022,5,92,0,novo
2022,5,93,2129,novo
2022,5,94,5568,novo
2022,5,95,661,novo
2022,5,96,1281,novo
2022,5,97,34,novo
2022,5,99,9,novo
2022,6,01,32137,novo
2022,6,02,1776,novo
2022,6,03,618,novo
2022,6,05,2,novo
2022,6,06,117,novo
2022,6,07,196,novo
2022,6,08,591,novo
2022,6,09,442,novo
2022,6,10,9390,novo
2022,6,11,590,novo
2022,6,12,-1181,novo
2022,6,13,938,novo
2022,6,14,2528,novo
2022,6,15,4097,novo
2022,6,16,289,novo
2022,6,17,1181,novo
2022,6,18,294,novo
2022,6,19,2968,novo
2022,6,20,1722,novo
2022,6,21,541,novo
2022,6,22,2060,novo
2022,6,23,1471,novo
2022,6,24,625,novo
2022,6,25,2554,novo
2022,6,26,566,novo
2022,6,27,119,novo
2022,6,28,1045,novo
2022,6,29,1790,novo
2022,6,30,857,novo
2022,6,31,187,novo
2022,6,32,1072,novo
2022,6,33,2260,novo
2022,6,35,164,novo
2022,6,36,750,novo
2022,6,37,132,novo
2022,6,38,1177,novo
2022,6,39,-19,novo
2022,6,41,10500,novo
2022,6,42,10616,novo
2022,6,43,8931,novo
2022,6,45,5281,novo
2022,6,46,10173,novo
2022,6,47,31867,novo
2022,6,49,11785,novo
2022,6,50,312,novo
2022,6,51,66,novo
2022,6,52,3954,novo
2022,6,53,786,novo
2022,6,55,1896,novo
2022,6,56,15956,novo
2022,6,58,381,novo
2022,6,59,1306,novo
2022,6,60,229,novo
2022,6,61,730,novo
2022,6,62,4075,novo
2022,6,63,1933,novo
2022,6,64,1867,novo
2022,6,65,350,novo
2022,6,66,1480,novo
2022,6,68,414,novo
2022,6,69,1442,novo
2022,6,70,1260,novo
2022,6,71,4724,novo
2022,6,72,121,novo
2022,6,73,1727,novo
2022,6,74,1686,novo
2022,6,75,244,novo
2022,6,77,3696,novo
2022,6,78,16165,novo
2022,6,79,1053,novo
2022,6,80,2598,novo
2022,6,81,7266,novo
2022,6,82,10659,novo
2022,6,84,3085,novo
2022,6,85,-589,novo
2022,6,86,10093,novo
2022,6,87,399,novo
2022,6,88,1830,novo
2022,6,90,235,novo
2022,6,91,79,novo
2022,6,92,8,novo
2022,6,93,1744,novo
2022,6,94,5636,novo
2022,6,95,317,novo
2022,6,96,1507,novo
2022,6,97,20,novo
2022,6,99,5,novo
2022,7,01,14296,novo
2022,7,02,1489,novo
2022,7,03,95,novo
2022,7,05,-31,novo
2022,7,06,66,novo
2022,7,07,225,novo
2022,7,08,725,novo
2022,7,09,599,novo
2022,7,10,10700,novo
2022,7,11,370,novo
2022,7,12,-2138,novo
2022,7,13,2065,novo
2022,7,14,3059,novo
2022,7,15,7595,novo
2022,7,16,-542,novo
2022,7,17,1042,novo
2022,7,18,573,novo
2022,7,19,2546,novo
2022,7,20,1407,novo
2022,7,21,471,novo
2022,7,22,1972,novo
2022,7,23,718,novo
2022,7,24,572,novo
2022,7,25,2525,novo
2022,7,26,190,novo
2022,7,27,1736,novo
2022,7,28,2078,novo
2022,7,29,3756,novo
2022,7,30,1145,novo
2022,7,31,217,novo
2022,7,32,1663,novo
2022,7,33,2345,novo
2022,7,35,476,novo
2022,7,36,184,novo
2022,7,37,130,novo
2022,7,38,1798,novo
2022,7,39,-21,novo
2022,7,41,12933,novo
2022,7,42,9287,novo
2022,7,43,10011,novo
2022,7,45,4978,novo
2022,7,46,10101,novo
2022,7,47,23871,novo
2022,7,49,9335,novo
2022,7,50,242,novo
2022,7,51,36,novo
2022,7,52,2373,novo
2022,7,53,1488,novo
2022,7,55,1527,novo
2022,7,56,10904,novo
2022,7,58,244,novo
2022,7,59,133,novo
2022,7,60,-83,novo
2022,7,61,593,novo
2022,7,62,3407,novo
2022,7,63,1037,novo
2022,7,64,1695,novo
2022,7,65,562,novo
2022,7,66,644,novo
2022,7,68,67,novo
2022,7,69,1058,novo
2022,7,70,1090,novo
2022,7,71,4784,novo
2022,7,72,315,novo
2022,7,73,1444,novo
2022,7,74,708,novo
2022,7,75,58,novo
2022,7,77,2828,novo
2022,7,78,5711,novo
2022,7,79,583,novo
2022,7,80,2497,novo
2022,7,81,4923,novo
2022,7,82,3304,novo
2022,7,84,3973,novo
2022,7,85,-7392,novo
2022,7,86,12929,novo
2022,7,87,-3,novo
2022,7,88,831,novo
2022,7,90,447,novo
2022,7,91,58,novo
2022,7,92,4,novo
2022,7,93,1718,novo
2022,7,94,4190,novo
2022,7,95,406,novo
2022,7,96,936,novo
2022,7,97,14,novo
2022,7,99,7,novo
2022,8,01,6168,novo
2022,8,02,1734,novo
2022,8,03,-102,novo
2022,8,05,14,novo
2022,8,06,136,novo
2022,8,07,118,novo
2022,8,08,293,novo
2022,8,09,715,novo
2022,8,10,17962,novo
2022,8,11,806,novo
2022,8,12,-2532,novo
2022,8,13,187,novo
2022,8,14,2486,novo
2022,8,15,5167,novo
2022,8,16,-852,novo
2022,8,17,1372,novo
2022,8,18,946,novo
2022,8,19,2483,novo
2022,8,20,1711,novo
2022,8,21,748,novo
2022,8,22,1760,novo
2022,8,23,708,novo
2022,8,24,1186,novo
2022,8,25,2197,novo
2022,8,26,645,novo
2022,8,27,1081,novo
2022,8,28,2209,novo
2022,8,29,2127,novo
2022,8,30,1330,novo
2022,8,31,381,novo
2022,8,32,1113,novo
2022,8,33,3320,novo
2022,8,35,277,novo
2022,8,36,632,novo
2022,8,37,341,novo
2022,8,38,1384,novo
2022,8,39,51,novo
2022,8,41,12124,novo
2022,8,42,9631,novo
2022,8,43,13459,novo
2022,8,45,6405,novo
2022,8,46,10925,novo
2022,8,47,24803,novo
2022,8,49,9942,novo
2022,8,50,27,novo
2022,8,51,-65,novo
2022,8,52,4052,novo
2022,8,53,131,novo
2022,8,55,2107,novo
2022,8,56,14424,novo
2022,8,58,277,novo
2022,8,59,-297,novo
2022,8,60,161,novo
2022,8,61,275,novo
2022,8,62,5128,novo
2022,8,63,1035,novo
2022,8,64,2853,novo
2022,8,65,7,novo
2022,8,66,1320,novo
2022,8,68,830,novo
2022,8,69,1177,novo
2022,8,70,1641,novo
2022,8,71,6003,novo
2022,8,72,444,novo
2022,8,73,2372,novo
2022,8,74,1066,novo
2022,8,75,286,novo
2022,8,77,5411,novo
2022,8,78,16322,novo
2022,8,79,803,novo
2022,8,80,4638,novo
2022,8,81,5536,novo
2022,8,82,4434,novo
2022,8,84,4430,novo
2022,8,85,28744,novo
2022,8,86,3889,novo
2022,8,87,-814,novo
2022,8,88,1572,novo
2022,8,90,881,novo
2022,8,91,105,novo
2022,8,92,5,novo
2022,8,93,2465,novo
2022,8,94,5722,novo
2022,8,95,159,novo
2022,8,96,1458,novo
2022,8,97,23,novo
2022,8,99,11,novo
2022,9,01,7298,novo
2022,9,02,2334,novo
2022,9,03,-111,novo
2022,9,05,10,novo
2022,9,06,133,novo
2022,9,07,430,novo
2022,9,08,50,novo
2022,9,09,491,novo
2022,9,10,26064,novo
2022,9,11,981,novo
2022,9,12,-2789,novo
2022,9,13,-199,novo
2022,9,14,2502,novo
2022,9,15,4554,novo
2022,9,16,-751,novo
2022,9,17,1148,novo
2022,9,18,525,novo
2022,9,19,1250,novo
2022,9,20,1740,novo
2022,9,21,705,novo
2022,9,22,2622,novo
2022,9,23,619,novo
2022,9,24,182,novo
2022,9,25,2944,novo
2022,9,26,908,novo
2022,9,27,423,novo
2022,9,28,1910,novo
2022,9,29,2374,novo
2022,9,30,1059,novo
2022,9,31,1339,novo
2022,9,32,821,novo
2022,9,33,2784,novo
2022,9,35,291,novo
2022,9,36,332,novo
2022,9,37,33,novo
2022,9,38,1046,novo
2022,9,39,-90,novo
2022,9,41,8725,novo
2022,9,42,12270,novo
2022,9,43,10791,novo
2022,9,45,6433,novo
2022,9,46,10372,novo
2022,9,47,41138,novo
2022,9,49,12021,novo
2022,9,50,310,novo
2022,9,51,280,novo
2022,9,52,3111,novo
2022,9,53,127,novo
2022,9,55,2960,novo
2022,9,56,14702,novo
2022,9,58,-16,novo
2022,9,59,-421,novo
2022,9,60,30,novo
2022,9,61,879,novo
2022,9,62,6288,novo
2022,9,63,1257,novo
2022,9,64,1864,novo
2022,9,65,447,novo
2022,9,66,1214,novo
2022,9,68,642,novo
2022,9,69,2634,novo
2022,9,70,3148,novo
2022,9,71,2559,novo
2022,9,72,313,novo
2022,9,73,931,novo
2022,9,74,169,novo
2022,9,75,190,novo
2022,9,77,3767,novo
2022,9,78,18275,novo
2022,9,79,796,novo
2022,9,80,1262,novo
2022,9,81,5859,novo
2022,9,82,7388,novo
2022,9,84,3223,novo
2022,9,85,13582,novo
2022,9,86,4527,novo
2022,9,87,-202,novo
2022,9,88,437,novo
2022,9,90,-292,novo
2022,9,91,75,novo
2022,9,92,2,novo
2022,9,93,2756,novo
2022,9,94,3763,novo
2022,9,95,122,novo
2022,9,96,1408,novo
2022,9,97,16,novo
2022,9,99,-9,novo
2022,10,01,-1764,novo
2022,10,02,283,novo
2022,10,03,-34,novo
2022,10,05,-4,novo
2022,10,06,54,novo
2022,10,07,387,novo
2022,10,08,-150,novo
2022,10,09,410,novo
2022,10,10,3937,novo
2022,10,11,897,novo
2022,10,12,-1076,novo
2022,10,13,-1315,novo
2022,10,14,1088,novo
2022,10,15,-1021,novo
2022,10,16,-1668,novo
2022,10,17,984,novo
2022,10,18,254,novo
2022,10,19,-1572,novo
2022,10,20,967,novo
2022,10,21,354,novo
2022,10,22,938,novo
2022,10,23,-447,novo
2022,10,24,549,novo
2022,10,25,2221,novo
2022,10,26,740,novo
2022,10,27,418,novo
2022,10,28,1008,novo
2022,10,29,1386,novo
2022,10,30,1310,novo
2022,10,31,386,novo
2022,10,32,316,novo
2022,10,33,2139,novo
2022,10,35,-215,novo
2022,10,36,69,novo
2022,10,37,26,novo
2022,10,38,1137,novo
2022,10,39,-24,novo
2022,10,41,140,novo
2022,10,42,163,novo
2022,10,43,5003,novo
2022,10,45,3785,novo
2022,10,46,10991,novo
2022,10,47,34499,novo
2022,10,49,8443,novo
2022,10,50,277,novo
2022,10,51,469,novo
2022,10,52,1185,novo
2022,10,53,-70,novo
2022,10,55,2660,novo
2022,10,56,11858,novo
2022,10,58,-313,novo
2022,10,59,135,novo
2022,10,60,110,novo
2022,10,61,195,novo
2022,10,62,1454,novo
2022,10,63,375,novo
2022,10,64,1871,novo
2022,10,65,446,novo
2022,10,66,1043,novo
2022,10,68,795,novo
2022,10,69,1106,novo
2022,10,70,2412,novo
2022,10,71,3595,novo
2022,10,72,53,novo
2022,10,73,2479,novo
2022,10,74,288,novo
2022,10,75,131,novo
2022,10,77,2704,novo
2022,10,78,13575,novo
2022,10,79,416,novo
2022,10,80,2388,novo
2022,10,81,5421,novo
2022,10,82,9376,novo
2022,10,84,2729,novo
2022,10,85,6861,novo
2022,10,86,2384,novo
2022,10,87,276,novo
2022,10,88,1234,novo
2022,10,90,224,novo
2022,10,91,24,novo
2022,10,92,-5,novo
2022,10,93,1430,novo
2022,10,94,1078,novo
2022,10,95,170,novo
2022,10,96,602,novo
2022,10,97,31,novo
2022,10,99,-10,novo
2022,11,01,-16769,novo
2022,11,02,-1505,novo
2022,11,03,-123,novo
2022,11,05,-1,novo
2022,11,06,236,novo
2022,11,07,613,novo
2022,11,08,-543,novo
2022,11,09,595,novo
2022,11,10,-3125,novo
2022,11,11,843,novo
2022,11,12,69,novo
2022,11,13,-2872,novo
2022,11,14,-3833,novo
2022,11,15,-5842,novo
2022,11,16,-3214,novo
2022,11,17,172,novo
2022,11,18,164,novo
2022,11,19,-5081,novo
2022,11,20,-156,novo
2022,11,21,536,novo
2022,11,22,-1608,novo
2022,11,23,-2425,novo
2022,11,24,-434,novo
2022,11,25,339,novo
2022,11,26,-404,novo
2022,11,27,-425,novo
2022,11,28,-852,novo
2022,11,29,543,novo
2022,11,30,850,novo
2022,11,31,-1338,novo
2022,11,32,-828,novo
2022,11,33,2090,novo
2022,11,35,201,novo
2022,11,36,77,novo
2022,11,37,60,novo
2022,11,38,-358,novo
2022,11,39,-75,novo
2022,11,41,-6555,novo
2022,11,42,-9273,novo
2022,11,43,-3015,novo
2022,11,45,1375,novo
2022,11,46,11275,novo
2022,11,47,93802,novo
2022,11,49,5386,novo
2022,11,50,169,novo
2022,11,51,437,novo
2022,11,52,5104,novo
2022,11,53,-129,novo
2022,11,55,3663,novo
2022,11,56,17809,novo
2022,11,58,-132,novo
2022,11,59,847,novo
2022,11,60,-8,novo
2022,11,61,704,novo
2022,11,62,628,novo
2022,11,63,114,novo
2022,11,64,1463,novo
2022,11,65,435,novo
2022,11,66,944,novo
2022,11,68,206,novo
2022,11,69,748,novo
2022,11,70,2319,novo
2022,11,71,1864,novo
2022,11,72,245,novo
2022,11,73,3374,novo
2022,11,74,668,novo
2022,11,75,240,novo
2022,11,77,1623,novo
2022,11,78,15933,novo
2022,11,79,386,novo
2022,11,80,3296,novo
2022,11,81,4736,novo
2022,11,82,11843,novo
2022,11,84,1832,novo
2022,11,85,-2406,novo
2022,11,86,4812,novo
2022,11,87,237,novo
2022,11,88,667,novo
2022,11,90,214,novo
2022,11,91,29,novo
2022,11,92,6,novo
2022,11,93,1489,novo
2022,11,94,-472,novo
2022,11,95,165,novo
2022,11,96,787,novo
2022,11,97,28,novo
2022,11,99,6,novo
2022,12,01,-33033,novo
2022,12,02,-3304,novo
2022,12,03,-663,novo
2022,12,05,-4,novo
2022,12,06,87,novo
2022,12,07,149,novo
2022,12,08,-947,novo
2022,12,09,403,novo
2022,12,10,-15906,novo
2022,12,11,-39,novo
2022,12,12,-432,novo
2022,12,13,-6154,novo
2022,12,14,-15496,novo
2022,12,15,-14559,novo
2022,12,16,-5041,novo
2022,12,17,-1802,novo
2022,12,18,-1222,novo
2022,12,19,-4968,novo
2022,12,20,-2046,novo
2022,12,21,-309,novo
2022,12,22,-6238,novo
2022,12,23,-6731,novo
2022,12,24,-1209,novo
2022,12,25,-6954,novo
2022,12,26,-1518,novo
2022,12,27,-2855,novo
2022,12,28,-5469,novo
2022,12,29,-5416,novo
2022,12,30,268,novo
2022,12,31,-5305,novo
2022,12,32,-3632,novo
2022,12,33,22,novo
2022,12,35,-1030,novo
2022,12,36,-278,novo
2022,12,37,17,novo
2022,12,38,425,novo
2022,12,39,-17,novo
2022,12,41,-29108,novo
2022,12,42,-27570,novo
2022,12,43,-17963,novo
2022,12,45,-6712,novo
2022,12,46,-5406,novo
2022,12,47,-5022,novo
2022,12,49,-19201,novo
2022,12,50,270,novo
2022,12,51,82,novo
2022,12,52,294,novo
2022,12,53,-450,novo
2022,12,55,2910,novo
2022,12,56,-2723,novo
2022,12,58,-539,novo
2022,12,59,-13,novo
2022,12,60,-327,novo
2022,12,61,-897,novo
2022,12,62,-764,novo
2022,12,63,-971,novo
2022,12,64,111,novo
2022,12,65,-63,novo
2022,12,66,-982,novo
2022,12,68,-864,novo
2022,12,69,-3562,novo
2022,12,70,-19,novo
2022,12,71,-3958,novo
2022,12,72,-17,novo
2022,12,73,-2053,novo
2022,12,74,-962,novo
2022,12,75,48,novo
2022,12,77,-1894,novo
2022,12,78,-29922,novo
2022,12,79,-150,novo
2022,12,80,3388,novo
2022,12,81,6868,novo
2022,12,82,-5178,novo
2022,12,84,-22652,novo
2022,12,85,-76176,novo
2022,12,86,-6263,novo
2022,12,87,-1270,novo
2022,12,88,-3266,novo
2022,12,90,-284,novo
2022,12,91,-69,novo
2022,12,92,-1,novo
2022,12,93,271,novo
2022,12,94,-13762,novo
2022,12,95,-929,novo
2022,12,96,-2068,novo
2022,12,97,-17,novo
2022,12,99,0,novo
2023,1,01,23081,novo
2023,1,02,113,novo
2023,1,03,-82,novo
2023,1,05,-22,novo
2023,1,06,177,novo
2023,1,07,-77,novo
2023,1,08,-257,novo
2023,1,09,572,novo
2023,1,10,5421,novo
2023,1,11,-258,novo
2023,1,12,1942,novo
2023,1,13,2009,novo
2023,1,14,1315,novo
2023,1,15,1623,novo
2023,1,16,-27,novo
2023,1,17,1426,novo
2023,1,18,422,novo
2023,1,19,1016,novo
2023,1,20,1431,novo
2023,1,21,1162,novo
2023,1,22,2700,novo
2023,1,23,-832,novo
2023,1,24,47,novo
2023,1,25,3750,novo
2023,1,26,303,novo
2023,1,27,874,novo
2023,1,28,1970,novo
2023,1,29,2396,novo
2023,1,30,823,novo
2023,1,31,635,novo
2023,1,32,1017,novo
2023,1,33,2445,novo
2023,1,35,-99,novo
2023,1,36,350,novo
2023,1,37,-42,novo
2023,1,38,-217,novo
2023,1,39,-42,novo
2023,1,41,17801,novo
2023,1,42,8314,novo
2023,1,43,13223,novo
2023,1,45,1572,novo
2023,1,46,5533,novo
2023,1,47,-60512,novo
2023,1,49,-365,novo
2023,1,50,58,novo
2023,1,51,229,novo
2023,1,52,3112,novo
2023,1,53,-110,novo
2023,1,55,199,novo
2023,1,56,-2659,novo
2023,1,58,49,novo
2023,1,59,-288,novo
2023,1,60,65,novo
2023,1,61,-190,novo
2023,1,62,1487,novo
2023,1,63,-346,novo
2023,1,64,1673,novo
2023,1,65,-40,novo
2023,1,66,-326,novo
2023,1,68,83,novo
2023,1,69,4131,novo
2023,1,70,1138,novo
2023,1,71,3167,novo
2023,1,72,197,novo
2023,1,73,254,novo
2023,1,74,578,novo
2023,1,75,80,novo
2023,1,77,3133,novo
2023,1,78,-9216,novo
2023,1,79,241,novo
2023,1,80,3404,novo
2023,1,81,3213,novo
2023,1,82,3501,novo
2023,1,84,8068,novo
2023,1,85,5389,novo
2023,1,86,6323,novo
2023,1,87,806,novo
2023,1,88,-1183,novo
2023,1,90,173,novo
2023,1,91,34,novo
2023,1,92,-8,novo
2023,1,93,2980,novo
2023,1,94,1859,novo
2023,1,95,-86,novo
2023,1,96,-472,novo
2023,1,97,-21,novo
2023,1,99,-13,novo
2023,2,01,15370,novo
2023,2,02,743,novo
2023,2,03,50,novo
2023,2,05,-11,novo
2023,2,06,142,novo
2023,2,07,538,novo
2023,2,08,173,novo
2023,2,09,502,novo
2023,2,10,6287,novo
2023,2,11,-77,novo
2023,2,12,6240,novo
2023,2,13,1933,novo
2023,2,14,496,novo
2023,2,15,3965,novo
2023,2,16,-105,novo
2023,2,17,552,novo
2023,2,18,398,novo
2023,2,19,2053,novo
2023,2,20,1450,novo
2023,2,21,1065,novo
2023,2,22,2441,novo
2023,2,23,-400,novo
2023,2,24,1104,novo
2023,2,25,2753,novo
2023,2,26,-718,novo
2023,2,27,1289,novo
2023,2,28,1462,novo
2023,2,29,1400,novo
2023,2,30,684,novo
2023,2,31,752,novo
2023,2,32,775,novo
2023,2,33,1219,novo
2023,2,35,187,novo
2023,2,36,149,novo
2023,2,37,-60,novo
2023,2,38,1595,novo
2023,2,39,-13,novo
2023,2,41,8827,novo
2023,2,42,6942,novo
2023,2,43,6673,novo
2023,2,45,4758,novo
2023,2,46,9546,novo
2023,2,47,-15549,novo
2023,2,49,15075,novo
2023,2,50,119,novo
2023,2,51,104,novo
2023,2,52,1841,novo
2023,2,53,-335,novo
2023,2,55,795,novo
2023,2,56,14654,novo
2023,2,58,14,novo
2023,2,59,-71,novo
2023,2,60,-112,novo
2023,2,61,77,novo
2023,2,62,-1122,novo
2023,2,63,244,novo
2023,2,64,-277,novo
2023,2,65,-321,novo
2023,2,66,-197,novo
2023,2,68,352,novo
2023,2,69,1407,novo
2023,2,70,962,novo
2023,2,71,4481,novo
2023,2,72,429,novo
2023,2,73,353,novo
2023,2,74,607,novo
2023,2,75,141,novo
2023,2,77,2366,novo
2023,2,78,3941,novo
2023,2,79,1688,novo
2023,2,80,1459,novo
2023,2,81,9424,novo
2023,2,82,3245,novo
2023,2,84,20072,novo
2023,2,85,58104,novo
2023,2,86,8267,novo
2023,2,87,1933,novo
2023,2,88,1887,novo
2023,2,90,161,novo
2023,2,91,199,novo
2023,2,92,6,novo
2023,2,93,2092,novo
2023,2,94,9015,novo
2023,2,95,235,novo
2023,2,96,870,novo
2023,2,97,26,novo
2023,2,99,-5,novo
2023,3,01,-1447,novo
2023,3,02,592,novo
2023,3,03,523,novo
2023,3,05,-8,novo
2023,3,06,250,novo
2023,3,07,452,novo
2023,3,08,367,novo
2023,3,09,505,novo
2023,3,10,4698,novo
2023,3,11,-219,novo
2023,3,12,3609,novo
2023,3,13,925,novo
2023,3,14,-342,novo
2023,3,15,-228,novo
2023,3,16,-50,novo
2023,3,17,616,novo
2023,3,18,87,novo
2023,3,19,893,novo
2023,3,20,1198,novo
2023,3,21,245,novo
2023,3,22,1514,novo
2023,3,23,-98,novo
2023,3,24,584,novo
2023,3,25,1615,novo
2023,3,26,-464,novo
2023,3,27,200,novo
2023,3,28,-84,novo
2023,3,29,-457,novo
2023,3,30,765,novo
2023,3,31,378,novo
2023,3,32,595,novo
2023,3,33,1896,novo
2023,3,35,92,novo
2023,3,36,97,novo
2023,3,37,67,novo
2023,3,38,1245,novo
2023,3,39,41,novo
2023,3,41,9013,novo
2023,3,42,14279,novo
2023,3,43,10349,novo
2023,3,45,4845,novo
2023,3,46,10469,novo
2023,3,47,3241,novo
2023,3,49,21590,novo
2023,3,50,299,novo
2023,3,51,159,novo
2023,3,52,1828,novo
2023,3,53,-454,novo
2023,3,55,872,novo
2023,3,56,10441,novo
2023,3,58,17,novo
2023,3,59,-182,novo
2023,3,60,-113,novo
2023,3,61,792,novo
2023,3,62,45,novo
2023,3,63,609,novo
2023,3,64,-241,novo
2023,3,65,-203,novo
2023,3,66,-105,novo
2023,3,68,640,novo
2023,3,69,673,novo
2023,3,70,95,novo
2023,3,71,5945,novo
2023,3,72,558,novo
2023,3,73,792,novo
2023,3,74,1426,novo
2023,3,75,346,novo
2023,3,77,2625,novo
2023,3,78,6311,novo
2023,3,79,642,novo
2023,3,80,617,novo
2023,3,81,4930,novo
2023,3,82,9248,novo
2023,3,84,8365,novo
2023,3,85,22334,novo
2023,3,86,12041,novo
2023,3,87,1013,novo
2023,3,88,1160,novo
2023,3,90,200,novo
2023,3,91,92,novo
2023,3,92,-6,novo
2023,3,93,1031,novo
2023,3,94,4436,novo
2023,3,95,109,novo
2023,3,96,1368,novo
2023,3,97,-13,novo
2023,3,99,-9,novo
2023,4,01,2110,novo
2023,4,02,893,novo
2023,4,03,-101,novo
2023,4,05,4,novo
2023,4,06,156,novo
2023,4,07,1108,novo
2023,4,08,732,novo
2023,4,09,475,novo
2023,4,10,45,novo
2023,4,11,307,novo
2023,4,12,719,novo
2023,4,13,332,novo
2023,4,14,-1014,novo
2023,4,15,-3003,novo
2023,4,16,883,novo
2023,4,17,292,novo
2023,4,18,410,novo
2023,4,19,4764,novo
2023,4,20,1715,novo
2023,4,21,567,novo
2023,4,22,2128,novo
2023,4,23,389,novo
2023,4,24,147,novo
2023,4,25,2175,novo
2023,4,26,-740,novo
2023,4,27,471,novo
2023,4,28,-68,novo
2023,4,29,-127,novo
2023,4,30,1054,novo
2023,4,31,569,novo
2023,4,32,1343,novo
2023,4,33,828,novo
2023,4,35,71,novo
2023,4,36,-21,novo
2023,4,37,119,novo
2023,4,38,1886,novo
2023,4,39,-3,novo
2023,4,41,10478,novo
2023,4,42,9785,novo
2023,4,43,6674,novo
2023,4,45,6189,novo
2023,4,46,4779,novo
2023,4,47,16591,novo
2023,4,49,15598,novo
2023,4,50,310,novo
2023,4,51,274,novo
2023,4,52,490,novo
2023,4,53,-567,novo
2023,4,55,622,novo
2023,4,56,8548,novo
2023,4,58,239,novo
2023,4,59,25,novo
2023,4,60,-353,novo
2023,4,61,421,novo
2023,4,62,2161,novo
2023,4,63,47,novo
2023,4,64,1086,novo
2023,4,65,-162,novo
2023,4,66,-613,novo
2023,4,68,658,novo
2023,4,69,1825,novo
2023,4,70,536,novo
2023,4,71,3063,novo
2023,4,72,632,novo
2023,4,73,1076,novo
2023,4,74,183,novo
2023,4,75,302,novo
2023,4,77,3097,novo
2023,4,78,-3082,novo
2023,4,79,784,novo
2023,4,80,3963,novo
2023,4,81,8643,novo
2023,4,82,7380,novo
2023,4,84,4581,novo
2023,4,85,15223,novo
2023,4,86,15173,novo
2023,4,87,995,novo
2023,4,88,2166,novo
2023,4,90,221,novo
2023,4,91,164,novo
2023,4,92,7,novo
2023,4,93,2208,novo
2023,4,94,5166,novo
2023,4,95,306,novo
2023,4,96,492,novo
2023,4,97,0,novo
2023,4,99,6,novo
2023,5,01,18158,novo
2023,5,02,939,novo
2023,5,03,462,novo
2023,5,05,-3,novo
2023,5,06,173,novo
2023,5,07,1023,novo
2023,5,08,718,novo
2023,5,09,733,novo
2023,5,10,-475,novo
2023,5,11,157,novo
2023,5,12,-707,novo
2023,5,13,-36,novo
2023,5,14,-1941,novo
2023,5,15,-2119,novo
2023,5,16,222,novo
2023,5,17,395,novo
2023,5,18,146,novo
2023,5,19,2004,novo
2023,5,20,2048,novo
2023,5,21,352,novo
2023,5,22,1400,novo
2023,5,23,357,novo
2023,5,24,122,novo
2023,5,25,2195,novo
2023,5,26,-398,novo
2023,5,27,153,novo
2023,5,28,755,novo
2023,5,29,-1572,novo
2023,5,30,-49,novo
2023,5,31,-380,novo
2023,5,32,716,novo
2023,5,33,2412,novo
2023,5,35,213,novo
2023,5,36,-312,novo
2023,5,37,49,novo
2023,5,38,85,novo
2023,5,39,-7,novo
2023,5,41,8872,novo
2023,5,42,10988,novo
2023,5,43,8098,novo
2023,5,45,3737,novo
2023,5,46,4943,novo
2023,5,47,6732,novo
2023,5,49,5644,novo
2023,5,50,246,novo
2023,5,51,417,novo
2023,5,52,1863,novo
2023,5,53,-657,novo
2023,5,55,-302,novo
2023,5,56,5648,novo
2023,5,58,57,novo
2023,5,59,1101,novo
2023,5,60,-128,novo
2023,5,61,594,novo
2023,5,62,1115,novo
2023,5,63,254,novo
2023,5,64,517,novo
2023,5,65,31,novo
2023,5,66,-368,novo
2023,5,68,473,novo
2023,5,69,603,novo
2023,5,70,318,novo
2023,5,71,1680,novo
2023,5,72,13,novo
2023,5,73,1162,novo
2023,5,74,211,novo
2023,5,75,244,novo
2023,5,77,3382,novo
2023,5,78,6442,novo
2023,5,79,575,novo
2023,5,80,3717,novo
2023,5,81,7094,novo
2023,5,82,8644,novo
2023,5,84,2716,novo
2023,5,85,9524,novo
2023,5,86,12391,novo
2023,5,87,915,novo
2023,5,88,570,novo
2023,5,90,216,novo
2023,5,91,93,novo
2023,5,92,8,novo
2023,5,93,2017,novo
2023,5,94,4199,novo
2023,5,95,67,novo
2023,5,96,573,novo
2023,5,97,26,novo
2023,5,99,7,novo
2023,6,01,25879,novo
2023,6,02,1153,novo
2023,6,03,127,novo
2023,6,05,-8,novo
2023,6,06,128,novo
2023,6,07,695,novo
2023,6,08,438,novo
2023,6,09,572,novo
2023,6,10,8425,novo
2023,6,11,147,novo
2023,6,12,-1848,novo
2023,6,13,-9,novo
2023,6,14,-1951,novo
2023,6,15,-1203,novo
2023,6,16,-359,novo
2023,6,17,329,novo
2023,6,18,231,novo
2023,6,19,4660,novo
2023,6,20,1850,novo
2023,6,21,3,novo
2023,6,22,687,novo
2023,6,23,-881,novo
2023,6,24,-57,novo
2023,6,25,565,novo
2023,6,26,-1004,novo
2023,6,27,33,novo
2023,6,28,-940,novo
2023,6,29,-1425,novo
2023,6,30,399,novo
2023,6,31,-382,novo
2023,6,32,904,novo
2023,6,33,1533,novo
2023,6,35,232,novo
2023,6,36,47,novo
2023,6,37,162,novo
2023,6,38,138,novo
2023,6,39,6,novo
2023,6,41,6084,novo
2023,6,42,9106,novo
2023,6,43,5763,novo
2023,6,45,4818,novo
2023,6,46,6000,novo
2023,6,47,9736,novo
2023,6,49,9064,novo
2023,6,50,355,novo
2023,6,51,172,novo
2023,6,52,3099,novo
2023,6,53,-1198,novo
2023,6,55,1619,novo
2023,6,56,11425,novo
2023,6,58,18,novo
2023,6,59,-33,novo
2023,6,60,-115,novo
2023,6,61,11,novo
2023,6,62,19,novo
2023,6,63,143,novo
2023,6,64,399,novo
2023,6,65,365,novo
2023,6,66,334,novo
2023,6,68,346,novo
2023,6,69,1452,novo
2023,6,70,1039,novo
2023,6,71,1938,novo
2023,6,72,-296,novo
2023,6,73,1400,novo
2023,6,74,463,novo
2023,6,75,153,novo
2023,6,77,2927,novo
2023,6,78,9997,novo
2023,6,79,129,novo
2023,6,80,3628,novo
2023,6,81,4976,novo
2023,6,82,10747,novo
2023,6,84,1733,novo
2023,6,85,-4485,novo
2023,6,86,7853,novo
2023,6,87,390,novo
2023,6,88,637,novo
2023,6,90,186,novo
2023,6,91,185,novo
2023,6,92,7,novo
2023,6,93,2045,novo
2023,6,94,2819,novo
2023,6,95,0,novo
2023,6,96,472,novo
2023,6,97,-7,novo
2023,6,99,4,novo
2023,7,01,12111,novo
2023,7,02,813,novo
2023,7,03,54,novo
2023,7,05,17,novo
2023,7,06,110,novo
2023,7,07,304,novo
2023,7,08,457,novo
2023,7,09,327,novo
2023,7,10,7812,novo
2023,7,11,410,novo
2023,7,12,-2423,novo
2023,7,13,1036,novo
2023,7,14,-882,novo
2023,7,15,-19,novo
2023,7,16,92,novo
2023,7,17,586,novo
2023,7,18,261,novo
2023,7,19,3560,novo
2023,7,20,1765,novo
2023,7,21,60,novo
2023,7,22,1260,novo
2023,7,23,107,novo
2023,7,24,-10,novo
2023,7,25,1607,novo
2023,7,26,-173,novo
2023,7,27,377,novo
2023,7,28,319,novo
2023,7,29,-445,novo
2023,7,30,915,novo
2023,7,31,273,novo
2023,7,32,655,novo
2023,7,33,1158,novo
2023,7,35,441,novo
2023,7,36,115,novo
2023,7,37,484,novo
2023,7,38,668,novo
2023,7,39,30,novo
2023,7,41,8119,novo
2023,7,42,7279,novo
2023,7,43,10025,novo
2023,7,45,4529,novo
2023,7,46,7045,novo
2023,7,47,15170,novo
2023,7,49,7621,novo
2023,7,50,216,novo
2023,7,51,143,novo
2023,7,52,2105,novo
2023,7,53,-1181,novo
2023,7,55,1079,novo
2023,7,56,8353,novo
2023,7,58,77,novo
2023,7,59,46,novo
2023,7,60,-282,novo
2023,7,61,501,novo
2023,7,62,1634,novo
2023,7,63,536,novo
2023,7,64,875,novo
2023,7,65,419,novo
2023,7,66,295,novo
2023,7,68,526,novo
2023,7,69,1193,novo
2023,7,70,782,novo
2023,7,71,3290,novo
2023,7,72,323,novo
2023,7,73,1307,novo
2023,7,74,-665,novo
2023,7,75,165,novo
2023,7,77,3117,novo
2023,7,78,234,novo
2023,7,79,334,novo
2023,7,80,2051,novo
2023,7,81,5462,novo
2023,7,82,4998,novo
2023,7,84,-203,novo
2023,7,85,-8372,novo
2023,7,86,11088,novo
2023,7,87,1044,novo
2023,7,88,1191,novo
2023,7,90,352,novo
2023,7,91,119,novo
2023,7,92,4,novo
2023,7,93,1358,novo
2023,7,94,3797,novo
2023,7,95,173,novo
2023,7,96,182,novo
2023,7,97,0,novo
2023,7,99,16,novo
2023,8,01,3609,novo
2023,8,02,1543,novo
2023,8,03,-26,novo
2023,8,05,10,novo
2023,8,06,112,novo
2023,8,07,-10,novo
2023,8,08,455,novo
2023,8,09,499,novo
2023,8,10,18047,novo
2023,8,11,796,novo
2023,8,12,-4107,novo
2023,8,13,-397,novo
2023,8,14,472,novo
2023,8,15,1122,novo
2023,8,16,675,novo
2023,8,17,757,novo
2023,8,18,329,novo
2023,8,19,1569,novo
2023,8,20,1891,novo
2023,8,21,137,novo
2023,8,22,1428,novo
2023,8,23,1003,novo
2023,8,24,238,novo
2023,8,25,47,novo
2023,8,26,-127,novo
2023,8,27,-178,novo
2023,8,28,216,novo
2023,8,29,-66,novo
2023,8,30,665,novo
2023,8,31,1557,novo
2023,8,32,1160,novo
2023,8,33,843,novo
2023,8,35,532,novo
2023,8,36,278,novo
2023,8,37,288,novo
2023,8,38,846,novo
2023,8,39,-1,novo
2023,8,41,5123,novo
2023,8,42,11658,novo
2023,8,43,11578,novo
2023,8,45,5647,novo
2023,8,46,10945,novo
2023,8,47,25251,novo
2023,8,49,11036,novo
2023,8,50,480,novo
2023,8,51,215,novo
2023,8,52,1552,novo
2023,8,53,-516,novo
2023,8,55,1173,novo
2023,8,56,13338,novo
2023,8,58,109,novo
2023,8,59,-1187,novo
2023,8,60,-123,novo
2023,8,61,544,novo
2023,8,62,1849,novo
2023,8,63,-549,novo
2023,8,64,1076,novo
2023,8,65,936,novo
2023,8,66,350,novo
2023,8,68,389,novo
2023,8,69,981,novo
2023,8,70,486,novo
2023,8,71,3062,novo
2023,8,72,-127,novo
2023,8,73,1977,novo
2023,8,74,-401,novo
2023,8,75,264,novo
2023,8,77,2996,novo
2023,8,78,12161,novo
2023,8,79,571,novo
2023,8,80,5663,novo
2023,8,81,4524,novo
2023,8,82,7962,novo
2023,8,84,1069,novo
2023,8,85,23725,novo
2023,8,86,9047,novo
2023,8,87,1221,novo
2023,8,88,1050,novo
2023,8,90,556,novo
2023,8,91,266,novo
2023,8,92,0,novo
2023,8,93,1387,novo
2023,8,94,4516,novo
2023,8,95,27,novo
2023,8,96,764,novo
2023,8,97,6,novo
2023,8,99,5,novo
2023,9,01,5864,novo
2023,9,02,134,novo
2023,9,03,-56,novo
2023,9,05,-32,novo
2023,9,06,31,novo
2023,9,07,545,novo
2023,9,08,403,novo
2023,9,09,135,novo
2023,9,10,23612,novo
2023,9,11,839,novo
2023,9,12,-2175,novo
2023,9,13,1087,novo
2023,9,14,1656,novo
2023,9,15,401,novo
2023,9,16,402,novo
2023,9,17,869,novo
2023,9,18,638,novo
2023,9,19,2015,novo
2023,9,20,2186,novo
2023,9,21,-149,novo
2023,9,22,2125,novo
2023,9,23,706,novo
2023,9,24,-762,novo
2023,9,25,1397,novo
2023,9,26,-548,novo
2023,9,27,869,novo
2023,9,28,133,novo
2023,9,29,1185,novo
2023,9,30,1103,novo
2023,9,31,1170,novo
2023,9,32,412,novo
2023,9,33,2781,novo
2023,9,35,256,novo
2023,9,36,-164,novo
2023,9,37,386,novo
2023,9,38,-275,novo
2023,9,39,-23,novo
2023,9,41,6223,novo
2023,9,42,8047,novo
2023,9,43,6671,novo
2023,9,45,4907,novo
2023,9,46,9813,novo
2023,9,47,28745,novo
2023,9,49,10113,novo
2023,9,50,445,novo
2023,9,51,294,novo
2023,9,52,2476,novo
2023,9,53,14,novo
2023,9,55,2322,novo
2023,9,56,14320,novo
2023,9,58,-9,novo
2023,9,59,115,novo
2023,9,60,73,novo
2023,9,61,474,novo
2023,9,62,1039,novo
2023,9,63,392,novo
2023,9,64,1349,novo
2023,9,65,300,novo
2023,9,66,553,novo
2023,9,68,737,novo
2023,9,69,1169,novo
2023,9,70,1026,novo
2023,9,71,4102,novo
2023,9,72,292,novo
2023,9,73,1255,novo
2023,9,74,531,novo
2023,9,75,277,novo
2023,9,77,3700,novo
2023,9,78,8537,novo
2023,9,79,292,novo
2023,9,80,2062,novo
2023,9,81,4890,novo
2023,9,82,8568,novo
2023,9,84,796,novo
2023,9,85,9239,novo
2023,9,86,9577,novo
2023,9,87,795,novo
2023,9,88,-24,novo
2023,9,90,-21,novo
2023,9,91,-46,novo
2023,9,92,-4,novo
2023,9,93,2382,novo
2023,9,94,2349,novo
2023,9,95,219,novo
2023,9,96,1197,novo
2023,9,97,6,novo
2023,9,99,29,novo
2023,10,01,-1697,novo
2023,10,02,298,novo
2023,10,03,-257,novo
2023,10,05,-16,novo
2023,10,06,197,novo
2023,10,07,400,novo
2023,10,08,212,novo
2023,10,09,315,novo
2023,10,10,7582,novo
2023,10,11,949,novo
2023,10,12,-602,novo
2023,10,13,92,novo
2023,10,14,354,novo
2023,10,15,-1355,novo
2023,10,16,-501,novo
2023,10,17,594,novo
2023,10,18,539,novo
2023,10,19,-2188,novo
2023,10,20,1660,novo
2023,10,21,-137,novo
2023,10,22,2422,novo
2023,10,23,-159,novo
2023,10,24,-554,novo
2023,10,25,1263,novo
2023,10,26,-416,novo
2023,10,27,1019,novo
2023,10,28,-203,novo
2023,10,29,1558,novo
2023,10,30,734,novo
2023,10,31,1885,novo
2023,10,32,413,novo
2023,10,33,3233,novo
2023,10,35,196,novo
2023,10,36,-320,novo
2023,10,37,137,novo
2023,10,38,1610,novo
2023,10,39,41,novo
2023,10,41,3652,novo
2023,10,42,1360,novo
2023,10,43,6468,novo
2023,10,45,3923,novo
2023,10,46,13666,novo
2023,10,47,32058,novo
2023,10,49,11199,novo
2023,10,50,114,novo
2023,10,51,208,novo
2023,10,52,3647,novo
2023,10,53,350,novo
2023,10,55,2137,novo
2023,10,56,8599,novo
2023,10,58,-59,novo
2023,10,59,-11,novo
2023,10,60,-81,novo
2023,10,61,624,novo
2023,10,62,1464,novo
2023,10,63,1407,novo
2023,10,64,2242,novo
2023,10,65,322,novo
2023,10,66,1021,novo
2023,10,68,201,novo
2023,10,69,940,novo
2023,10,70,773,novo
2023,10,71,2177,novo
2023,10,72,144,novo
2023,10,73,2086,novo
2023,10,74,464,novo
2023,10,75,59,novo
2023,10,77,3363,novo
2023,10,78,22801,novo
2023,10,79,514,novo
2023,10,80,4347,novo
2023,10,81,5571,novo
2023,10,82,14759,novo
2023,10,84,829,novo
2023,10,85,4613,novo
2023,10,86,6807,novo
2023,10,87,438,novo
2023,10,88,-239,novo
2023,10,90,115,novo
2023,10,91,26,novo
2023,10,92,5,novo
2023,10,93,1965,novo
2023,10,94,2913,novo
2023,10,95,150,novo
2023,10,96,923,novo
2023,10,97,17,novo
2023,10,99,-3,novo
2023,11,01,-20023,novo
2023,11,02,-808,novo
2023,11,03,-186,novo
2023,11,05,-43,novo
2023,11,06,6,novo
2023,11,07,275,novo
2023,11,08,-160,novo
2023,11,09,206,novo
2023,11,10,1919,novo
2023,11,11,1065,novo
2023,11,12,-49,novo
2023,11,13,-2303,novo
2023,11,14,-3546,novo
2023,11,15,-5912,novo
2023,11,16,-1215,novo
2023,11,17,421,novo
2023,11,18,80,novo
2023,11,19,-3172,novo
2023,11,20,257,novo
2023,11,21,-158,novo
2023,11,22,-105,novo
2023,11,23,-1345,novo
2023,11,24,-472,novo
2023,11,25,-758,novo
2023,11,26,-795,novo
2023,11,27,687,novo
2023,11,28,-592,novo
2023,11,29,-83,novo
2023,11,30,1343,novo
2023,11,31,-118,novo
2023,11,32,-1199,novo
2023,11,33,1915,novo
2023,11,35,425,novo
2023,11,36,-52,novo
2023,11,37,156,novo
2023,11,38,389,novo
2023,11,39,22,novo
2023,11,41,-5495,novo
2023,11,42,-9521,novo
2023,11,43,-2284,novo
2023,11,45,2463,novo
2023,11,46,13829,novo
2023,11,47,72414,novo
2023,11,49,6278,novo
2023,11,50,350,novo
2023,11,51,194,novo
2023,11,52,3561,novo
2023,11,53,1241,novo
2023,11,55,2270,novo
2023,11,56,12634,novo
2023,11,58,-234,novo
2023,11,59,-44,novo
2023,11,60,-21,novo
2023,11,61,1034,novo
2023,11,62,2107,novo
2023,11,63,289,novo
2023,11,64,1284,novo
2023,11,65,465,novo
2023,11,66,688,novo
2023,11,68,331,novo
2023,11,69,820,novo
2023,11,70,1296,novo
2023,11,71,1133,novo
2023,11,72,194,novo
2023,11,73,1939,novo
2023,11,74,107,novo
2023,11,75,96,novo
2023,11,77,2606,novo
2023,11,78,21066,novo
2023,11,79,352,novo
2023,11,80,2386,novo
2023,11,81,4260,novo
2023,11,82,20317,novo
2023,11,84,-344,novo
2023,11,85,-4369,novo
2023,11,86,5063,novo
2023,11,87,340,novo
2023,11,88,471,novo
2023,11,90,222,novo
2023,11,91,81,novo
2023,11,92,-15,novo
2023,11,93,1493,novo
2023,11,94,-58,novo
2023,11,95,166,novo
2023,11,96,546,novo
2023,11,97,14,novo
2023,11,99,10,novo
2023,12,01,-50458,novo
2023,12,02,-2769,novo
2023,12,03,-433,novo
2023,12,05,-18,novo
2023,12,06,36,novo
2023,12,07,-31,novo
2023,12,08,-578,novo
2023,12,09,156,novo
2023,12,10,-18292,novo
2023,12,11,290,novo
2023,12,12,141,novo
2023,12,13,-5961,novo
2023,12,14,-14094,novo
2023,12,15,-13868,novo
2023,12,16,-3849,novo
2023,12,17,-1519,novo
2023,12,18,-723,novo
2023,12,19,-5814,novo
2023,12,20,-1932,novo
2023,12,21,-1058,novo
2023,12,22,-4894,novo
2023,12,23,-5171,novo
2023,12,24,-1889,novo
2023,12,25,-6390,novo
2023,12,26,-978,novo
2023,12,27,-1444,novo
2023,12,28,-4137,novo
2023,12,29,-5806,novo
2023,12,30,-1026,novo
2023,12,31,-4446,novo
2023,12,32,-3589,novo
2023,12,33,-1098,novo
2023,12,35,-224,novo
2023,12,36,-1158,novo
2023,12,37,113,novo
2023,12,38,-1755,novo
2023,12,39,0,novo
2023,12,41,-27439,novo
2023,12,42,-28405,novo
2023,12,43,-19787,novo
2023,12,45,-3987,novo
2023,12,46,-1161,novo
2023,12,47,-2801,novo
2023,12,49,-24654,novo
2023,12,50,167,novo
2023,12,51,55,novo
2023,12,52,-47,novo
2023,12,53,-520,novo
2023,12,55,3719,novo
2023,12,56,-5571,novo
2023,12,58,-424,novo
2023,12,59,-266,novo
2023,12,60,-126,novo
2023,12,61,122,novo
2023,12,62,-558,novo
2023,12,63,-515,novo
2023,12,64,-548,novo
2023,12,65,294,novo
2023,12,66,-409,novo
2023,12,68,-555,novo
2023,12,69,-3517,novo
2023,12,70,-499,novo
2023,12,71,-5405,novo
2023,12,72,-418,novo
2023,12,73,-631,novo
2023,12,74,-661,novo
2023,12,75,25,novo
2023,12,77,-190,novo
2023,12,78,-26789,novo
2023,12,79,27,novo
2023,12,80,2294,novo
2023,12,81,1969,novo
2023,12,82,234,novo
2023,12,84,-23514,novo
2023,12,85,-77760,novo
2023,12,86,-2795,novo
2023,12,87,-1914,novo
2023,12,88,-2873,novo
2023,12,90,-102,novo
2023,12,91,-28,novo
2023,12,92,3,novo
2023,12,93,465,novo
2023,12,94,-8670,novo
2023,12,95,-527,novo
2023,12,96,-783,novo
2023,12,97,3,novo
2023,12,99,-21,novo
2024,1,01,21453,novo
2024,1,02,339,novo
2024,1,03,108,novo
2024,1,05,-68,novo
2024,1,06,66,novo
2024,1,07,34,novo
2024,1,08,331,novo
2024,1,09,112,novo
2024,1,10,7078,novo
2024,1,11,211,novo
2024,1,12,2779,novo
2024,1,13,2838,novo
2024,1,14,4902,novo
2024,1,15,2610,novo
2024,1,16,2223,novo
2024,1,17,1666,novo
2024,1,18,665,novo
2024,1,19,235,novo
2024,1,20,2006,novo
2024,1,21,572,novo
2024,1,22,4978,novo
2024,1,23,2706,novo
2024,1,24,969,novo
2024,1,25,5260,novo
2024,1,26,942,novo
2024,1,27,2556,novo
2024,1,28,3931,novo
2024,1,29,5970,novo
2024,1,30,609,novo
2024,1,31,2289,novo
2024,1,32,1599,novo
2024,1,33,6169,novo
2024,1,35,-115,novo
2024,1,36,-427,novo
2024,1,37,136,novo
2024,1,38,1192,novo
2024,1,39,5,novo
2024,1,41,22540,novo
2024,1,42,10383,novo
2024,1,43,16168,novo
2024,1,45,3778,novo
2024,1,46,6042,novo
2024,1,47,-48032,novo
2024,1,49,-985,novo
2024,1,50,205,novo
2024,1,51,421,novo
2024,1,52,4070,novo
2024,1,53,585,novo
2024,1,55,119,novo
2024,1,56,-4494,novo
2024,1,58,220,novo
2024,1,59,-102,novo
2024,1,60,-39,novo
2024,1,61,720,novo
2024,1,62,2132,novo
2024,1,63,458,novo
2024,1,64,2294,novo
2024,1,65,1133,novo
2024,1,66,658,novo
2024,1,68,466,novo
2024,1,69,5274,novo
2024,1,70,405,novo
2024,1,71,5516,novo
2024,1,72,-176,novo
2024,1,73,608,novo
2024,1,74,480,novo
2024,1,75,37,novo
2024,1,77,3003,novo
2024,1,78,7914,novo
2024,1,79,405,novo
2024,1,80,1760,novo
2024,1,81,6806,novo
2024,1,82,7380,novo
2024,1,84,3696,novo
2024,1,85,10381,novo
2024,1,86,11549,novo
2024,1,87,745,novo
2024,1,88,1137,novo
2024,1,90,44,novo
2024,1,91,151,novo
2024,1,92,-9,novo
2024,1,93,4272,novo
2024,1,94,1828,novo
2024,1,95,-49,novo
2024,1,96,-442,novo
2024,1,97,-4,novo
2024,1,99,15,novo
2024,2,01,3145,novo
2024,2,02,310,novo
2024,2,03,304,novo
2024,2,05,43,novo
2024,2,06,81,novo
2024,2,07,783,novo
2024,2,08,615,novo
2024,2,09,-264,novo
2024,2,10,6039,novo
2024,2,11,394,novo
2024,2,12,5984,novo
2024,2,13,3086,novo
2024,2,14,2726,novo
2024,2,15,3759,novo
2024,2,16,1165,novo
2024,2,17,958,novo
2024,2,18,494,novo
2024,2,19,580,novo
2024,2,20,1792,novo
2024,2,21,-67,novo
2024,2,22,4286,novo
2024,2,23,1781,novo
2024,2,24,845,novo
2024,2,25,4422,novo
2024,2,26,753,novo
2024,2,27,1816,novo
2024,2,28,1494,novo
2024,2,29,4033,novo
2024,2,30,164,novo
2024,2,31,1627,novo
2024,2,32,1044,novo
2024,2,33,2695,novo
2024,2,35,153,novo
2024,2,36,-357,novo
2024,2,37,248,novo
2024,2,38,1254,novo
2024,2,39,22,novo
2024,2,41,13891,novo
2024,2,42,9924,novo
2024,2,43,11238,novo
2024,2,45,6537,novo
2024,2,46,11529,novo
2024,2,47,1658,novo
2024,2,49,15134,novo
2024,2,50,377,novo
2024,2,51,403,novo
2024,2,52,4584,novo
2024,2,53,257,novo
2024,2,55,157,novo
2024,2,56,15704,novo
2024,2,58,105,novo
2024,2,59,-68,novo
2024,2,60,56,novo
2024,2,61,752,novo
2024,2,62,1891,novo
2024,2,63,393,novo
2024,2,64,1481,novo
2024,2,65,-222,novo
2024,2,66,1011,novo
2024,2,68,801,novo
2024,2,69,1294,novo
2024,2,70,298,novo
2024,2,71,4328,novo
2024,2,72,199,novo
2024,2,73,735,novo
2024,2,74,761,novo
2024,2,75,312,novo
2024,2,77,2353,novo
2024,2,78,11585,novo
2024,2,79,465,novo
2024,2,80,3329,novo
2024,2,81,4028,novo
2024,2,82,14639,novo
2024,2,84,18354,novo
2024,2,85,58318,novo
2024,2,86,12477,novo
2024,2,87,2667,novo
2024,2,88,1976,novo
2024,2,90,297,novo
2024,2,91,-15,novo
2024,2,92,0,novo
2024,2,93,2224,novo
2024,2,94,9223,novo
2024,2,95,141,novo
2024,2,96,296,novo
2024,2,97,3,novo
2024,2,99,24,novo
2024,3,01,-7642,novo
2024,3,02,665,novo
2024,3,03,520,novo
2024,3,05,-77,novo
2024,3,06,38,novo
2024,3,07,533,novo
2024,3,08,643,novo
2024,3,09,-274,novo
2024,3,10,726,novo
2024,3,11,-126,novo
2024,3,12,2436,novo
2024,3,13,1587,novo
2024,3,14,2571,novo
2024,3,15,2056,novo
2024,3,16,260,novo
2024,3,17,983,novo
2024,3,18,434,novo
2024,3,19,1071,novo
2024,3,20,1569,novo
2024,3,21,144,novo
2024,3,22,3594,novo
2024,3,23,1103,novo
2024,3,24,217,novo
2024,3,25,2615,novo
2024,3,26,676,novo
2024,3,27,2281,novo
2024,3,28,21,novo
2024,3,29,3644,novo
2024,3,30,805,novo
2024,3,31,1721,novo
2024,3,32,1054,novo
2024,3,33,841,novo
2024,3,35,195,novo
2024,3,36,117,novo
2024,3,37,208,novo
2024,3,38,2222,novo
2024,3,39,-2,novo
2024,3,41,10227,novo
2024,3,42,7666,novo
2024,3,43,10773,novo
2024,3,45,6897,novo
2024,3,46,14711,novo
2024,3,47,15885,novo
2024,3,49,22120,novo
2024,3,50,104,novo
2024,3,51,174,novo
2024,3,52,4125,novo
2024,3,53,554,novo
2024,3,55,202,novo
2024,3,56,7077,novo
2024,3,58,157,novo
2024,3,59,-30,novo
2024,3,60,24,novo
2024,3,61,1305,novo
2024,3,62,2397,novo
2024,3,63,572,novo
2024,3,64,921,novo
2024,3,65,728,novo
2024,3,66,717,novo
2024,3,68,902,novo
2024,3,69,1205,novo
2024,3,70,527,novo
2024,3,71,5778,novo
2024,3,72,214,novo
2024,3,73,1560,novo
2024,3,74,683,novo
2024,3,75,133,novo
2024,3,77,2768,novo
2024,3,78,3691,novo
2024,3,79,407,novo
2024,3,80,4614,novo
2024,3,81,7273,novo
2024,3,82,13033,novo
2024,3,84,7398,novo
2024,3,85,24086,novo
2024,3,86,21202,novo
2024,3,87,1672,novo
2024,3,88,2432,novo
2024,3,90,305,novo
2024,3,91,80,novo
2024,3,92,8,novo
2024,3,93,1495,novo
2024,3,94,5603,novo
2024,3,95,47,novo
2024,3,96,458,novo
2024,3,97,9,novo
2024,3,99,-3,novo
2024,4,01,5664,novo
2024,4,02,816,novo
2024,4,03,96,novo
2024,4,05,23,novo
2024,4,06,-3,novo
2024,4,07,507,novo
2024,4,08,814,novo
2024,4,09,546,novo
2024,4,10,1325,novo
2024,4,11,405,novo
2024,4,12,-426,novo
2024,4,13,1319,novo
2024,4,14,2155,novo
2024,4,15,1554,novo
2024,4,16,922,novo
2024,4,17,375,novo
2024,4,18,607,novo
2024,4,19,4943,novo
2024,4,20,1750,novo
2024,4,21,406,novo
2024,4,22,3051,novo
2024,4,23,1316,novo
2024,4,24,284,novo
2024,4,25,1837,novo
2024,4,26,53,novo
2024,4,27,834,novo
2024,4,28,748,novo
2024,4,29,3647,novo
2024,4,30,1162,novo
2024,4,31,1595,novo
2024,4,32,1370,novo
2024,4,33,443,novo
2024,4,35,585,novo
2024,4,36,-205,novo
2024,4,37,-163,novo
2024,4,38,2213,novo
2024,4,39,-2,novo
2024,4,41,15564,novo
2024,4,42,5610,novo
2024,4,43,10719,novo
2024,4,45,6438,novo
2024,4,46,8414,novo
2024,4,47,12420,novo
2024,4,49,11806,novo
2024,4,50,237,novo
2024,4,51,209,novo
2024,4,52,1827,novo
2024,4,53,238,novo
2024,4,55,-219,novo
2024,4,56,9630,novo
2024,4,58,6,novo
2024,4,59,104,novo
2024,4,60,-114,novo
2024,4,61,1228,novo
2024,4,62,2964,novo
2024,4,63,589,novo
2024,4,64,1650,novo
2024,4,65,120,novo
2024,4,66,258,novo
2024,4,68,1222,novo
2024,4,69,1680,novo
2024,4,70,201,novo
2024,4,71,4620,novo
2024,4,72,259,novo
2024,4,73,1890,novo
2024,4,74,325,novo
2024,4,75,314,novo
2024,4,77,2701,novo
2024,4,78,10714,novo
2024,4,79,332,novo
2024,4,80,1143,novo
2024,4,81,15142,novo
2024,4,82,13748,novo
2024,4,84,4280,novo
2024,4,85,14462,novo
2024,4,86,18885,novo
2024,4,87,721,novo
2024,4,88,1779,novo
2024,4,90,159,novo
2024,4,91,204,novo
2024,4,92,9,novo
2024,4,93,3297,novo
2024,4,94,8756,novo
2024,4,95,229,novo
2024,4,96,700,novo
2024,4,97,16,novo
2024,4,99,-19,novo
2024,5,01,18704,novo
2024,5,02,693,novo
2024,5,03,439,novo
2024,5,05,-79,novo
2024,5,06,46,novo
2024,5,07,1050,novo
2024,5,08,608,novo
2024,5,09,369,novo
2024,5,10,4341,novo
2024,5,11,506,novo
2024,5,12,-1721,novo
2024,5,13,508,novo
2024,5,14,-454,novo
2024,5,15,-1643,novo
2024,5,16,-287,novo
2024,5,17,201,novo
2024,5,18,129,novo
2024,5,19,2833,novo
2024,5,20,1138,novo
2024,5,21,241,novo
2024,5,22,1909,novo
2024,5,23,299,novo
2024,5,24,-222,novo
2024,5,25,839,novo
2024,5,26,-4,novo
2024,5,27,907,novo
2024,5,28,297,novo
2024,5,29,2045,novo
2024,5,30,1012,novo
2024,5,31,-174,novo
2024,5,32,405,novo
2024,5,33,1172,novo
2024,5,35,555,novo
2024,5,36,184,novo
2024,5,37,6,novo
2024,5,38,1104,novo
2024,5,39,25,novo
2024,5,41,6204,novo
2024,5,42,6620,novo
2024,5,43,5325,novo
2024,5,45,3846,novo
2024,5,46,1677,novo
2024,5,47,852,novo
2024,5,49,4561,novo
2024,5,50,365,novo
2024,5,51,272,novo
2024,5,52,1086,novo
2024,5,53,213,novo
2024,5,55,-1179,novo
2024,5,56,2011,novo
2024,5,58,-103,novo
2024,5,59,72,novo
2024,5,60,-199,novo
2024,5,61,471,novo
2024,5,62,209,novo
2024,5,63,793,novo
2024,5,64,888,novo
2024,5,65,416,novo
2024,5,66,1185,novo
2024,5,68,125,novo
2024,5,69,-138,novo
2024,5,70,476,novo
2024,5,71,127,novo
2024,5,72,133,novo
2024,5,73,1096,novo
2024,5,74,740,novo
2024,5,75,254,novo
2024,5,77,880,novo
2024,5,78,5380,novo
2024,5,79,124,novo
2024,5,80,4192,novo
2024,5,81,4498,novo
2024,5,82,9179,novo
2024,5,84,2363,novo
2024,5,85,6533,novo
2024,5,86,13624,novo
2024,5,87,1112,novo
2024,5,88,606,novo
2024,5,90,152,novo
2024,5,91,-18,novo
2024,5,92,-1,novo
2024,5,93,1543,novo
2024,5,94,5359,novo
2024,5,95,96,novo
2024,5,96,-218,novo
2024,5,97,26,novo
2024,5,99,2,novo
2024,6,01,25557,novo
2024,6,02,1593,novo
2024,6,03,-21,novo
2024,6,05,-19,novo
2024,6,06,11,novo
2024,6,07,721,novo
2024,6,08,811,novo
2024,6,09,133,novo
2024,6,10,9283,novo
2024,6,11,597,novo
2024,6,12,-2685,novo
2024,6,13,831,novo
2024,6,14,338,novo
2024,6,15,821,novo
2024,6,16,474,novo
2024,6,17,388,novo
2024,6,18,241,novo
2024,6,19,3524,novo
2024,6,20,1216,novo
2024,6,21,310,novo
2024,6,22,1860,novo
2024,6,23,471,novo
2024,6,24,-416,novo
2024,6,25,812,novo
2024,6,26,808,novo
2024,6,27,1608,novo
2024,6,28,636,novo
2024,6,29,668,novo
2024,6,30,1250,novo
2024,6,31,1589,novo
2024,6,32,853,novo
2024,6,33,2641,novo
2024,6,35,680,novo
2024,6,36,-141,novo
2024,6,37,156,novo
2024,6,38,1529,novo
2024,6,39,24,novo
2024,6,41,6715,novo
2024,6,42,7699,novo
2024,6,43,7035,novo
2024,6,45,4664,novo
2024,6,46,7697,novo
2024,6,47,21051,novo
2024,6,49,7483,novo
2024,6,50,274,novo
2024,6,51,218,novo
2024,6,52,2221,novo
2024,6,53,158,novo
2024,6,55,592,novo
2024,6,56,7722,novo
2024,6,58,-231,novo
2024,6,59,327,novo
2024,6,60,14,novo
2024,6,61,660,novo
2024,6,62,1928,novo
2024,6,63,60,novo
2024,6,64,1248,novo
2024,6,65,501,novo
2024,6,66,859,novo
2024,6,68,718,novo
2024,6,69,462,novo
2024,6,70,861,novo
2024,6,71,2116,novo
2024,6,72,-95,novo
2024,6,73,1653,novo
2024,6,74,954,novo
2024,6,75,265,novo
2024,6,77,1893,novo
2024,6,78,9574,novo
2024,6,79,225,novo
2024,6,80,2003,novo
2024,6,81,11326,novo
2024,6,82,11025,novo
2024,6,84,2968,novo
2024,6,85,-3123,novo
2024,6,86,12189,novo
2024,6,87,532,novo
2024,6,88,963,novo
2024,6,90,217,novo
2024,6,91,140,novo
2024,6,92,-1,novo
2024,6,93,2442,novo
2024,6,94,3975,novo
2024,6,95,42,novo
2024,6,96,316,novo
2024,6,97,20,novo
2024,6,99,-2,novo
2024,7,01,5594,novo
2024,7,02,1177,novo
2024,7,03,-83,novo
2024,7,05,13,novo
2024,7,06,-139,novo
2024,7,07,395,novo
2024,7,08,577,novo
2024,7,09,396,novo
2024,7,10,12609,novo
2024,7,11,872,novo
2024,7,12,-1400,novo
2024,7,13,1790,novo
2024,7,14,1672,novo
2024,7,15,2570,novo
2024,7,16,480,novo
2024,7,17,1020,novo
2024,7,18,625,novo
2024,7,19,1318,novo
2024,7,20,2049,novo
2024,7,21,486,novo
2024,7,22,3578,novo
2024,7,23,1375,novo
2024,7,24,767,novo
2024,7,25,2235,novo
2024,7,26,385,novo
2024,7,27,1448,novo
2024,7,28,2179,novo
2024,7,29,2535,novo
2024,7,30,1434,novo
2024,7,31,1812,novo
2024,7,32,1381,novo
2024,7,33,2583,novo
2024,7,35,440,novo
2024,7,36,1044,novo
2024,7,37,322,novo
2024,7,38,621,novo
2024,7,39,-1,novo
2024,7,41,6537,novo
2024,7,42,4362,novo
2024,7,43,8795,novo
2024,7,45,4932,novo
2024,7,46,9003,novo
2024,7,47,19068,novo
2024,7,49,6932,novo
2024,7,50,265,novo
2024,7,51,94,novo
2024,7,52,2829,novo
2024,7,53,-123,novo
2024,7,55,707,novo
2024,7,56,7545,novo
2024,7,58,51,novo
2024,7,59,739,novo
2024,7,60,125,novo
2024,7,61,647,novo
2024,7,62,3774,novo
2024,7,63,702,novo
2024,7,64,-173,novo
2024,7,65,-36,novo
2024,7,66,635,novo
2024,7,68,525,novo
2024,7,69,1567,novo
2024,7,70,719,novo
2024,7,71,3390,novo
2024,7,72,361,novo
2024,7,73,977,novo
2024,7,74,1223,novo
2024,7,75,100,novo
2024,7,77,1626,novo
2024,7,78,11073,novo
2024,7,79,182,novo
2024,7,80,3047,novo
2024,7,81,5680,novo
2024,7,82,8418,novo
2024,7,84,2642,novo
2024,7,85,-7893,novo
2024,7,86,15287,novo
2024,7,87,214,novo
2024,7,88,852,novo
2024,7,90,89,novo
2024,7,91,39,novo
2024,7,92,4,novo
2024,7,93,827,novo
2024,7,94,3334,novo
2024,7,95,399,novo
2024,7,96,-243,novo
2024,7,97,-1,novo
2024,7,99,14,novo
2024,8,01,292,novo
2024,8,02,1145,novo
2024,8,03,-36,novo
2024,8,05,26,novo
2024,8,06,35,novo
2024,8,07,509,novo
2024,8,08,503,novo
2024,8,09,473,novo
2024,8,10,18465,novo
2024,8,11,739,novo
2024,8,12,-2529,novo
2024,8,13,918,novo
2024,8,14,1552,novo
2024,8,15,2808,novo
2024,8,16,584,novo
2024,8,17,1263,novo
2024,8,18,1040,novo
2024,8,19,2762,novo
2024,8,20,1794,novo
2024,8,21,767,novo
2024,8,22,2898,novo
2024,8,23,1822,novo
2024,8,24,1055,novo
2024,8,25,2430,novo
2024,8,26,505,novo
2024,8,27,1589,novo
2024,8,28,1721,novo
2024,8,29,3846,novo
2024,8,30,56,novo
2024,8,31,2706,novo
2024,8,32,1182,novo
2024,8,33,942,novo
2024,8,35,-493,novo
2024,8,36,704,novo
2024,8,37,175,novo
2024,8,38,-1141,novo
2024,8,39,-72,novo
2024,8,41,4484,novo
2024,8,42,1350,novo
2024,8,43,7538,novo
2024,8,45,6936,novo
2024,8,46,7668,novo
2024,8,47,33157,novo
2024,8,49,13276,novo
2024,8,50,350,novo
2024,8,51,132,novo
2024,8,52,3188,novo
2024,8,53,143,novo
2024,8,55,946,novo
2024,8,56,12838,novo
2024,8,58,-71,novo
2024,8,59,-372,novo
2024,8,60,110,novo
2024,8,61,487,novo
2024,8,62,4303,novo
2024,8,63,591,novo
2024,8,64,-610,novo
2024,8,65,169,novo
2024,8,66,673,novo
2024,8,68,374,novo
2024,8,69,1650,novo
2024,8,70,1368,novo
2024,8,71,2642,novo
2024,8,72,-18,novo
2024,8,73,2496,novo
2024,8,74,1267,novo
2024,8,75,153,novo
2024,8,77,3191,novo
2024,8,78,2221,novo
2024,8,79,324,novo
2024,8,80,3305,novo
2024,8,81,6902,novo
2024,8,82,9357,novo
2024,8,84,-1029,novo
2024,8,85,24657,novo
2024,8,86,13622,novo
2024,8,87,572,novo
2024,8,88,1176,novo
2024,8,90,551,novo
2024,8,91,-8,novo
2024,8,92,60,novo
2024,8,93,2192,novo
2024,8,94,3985,novo
2024,8,95,234,novo
2024,8,96,930,novo
2024,8,97,17,novo
2024,8,99,1,novo
2024,9,01,-2328,novo
2024,9,02,391,novo
2024,9,03,-67,novo
2024,9,05,23,novo
2024,9,06,407,novo
2024,9,07,126,novo
2024,9,08,328,novo
2024,9,09,297,novo
2024,9,10,22488,novo
2024,9,11,1186,novo
2024,9,12,-2241,novo
2024,9,13,1115,novo
2024,9,14,1413,novo
2024,9,15,2401,novo
2024,9,16,628,novo
2024,9,17,1034,novo
2024,9,18,649,novo
2024,9,19,2565,novo
2024,9,20,2096,novo
2024,9,21,302,novo
2024,9,22,3578,novo
2024,9,23,1635,novo
2024,9,24,849,novo
2024,9,25,3222,novo
2024,9,26,682,novo
2024,9,27,1660,novo
2024,9,28,2076,novo
2024,9,29,3389,novo
2024,9,30,-305,novo
2024,9,31,2285,novo
2024,9,32,1250,novo
2024,9,33,1903,novo
2024,9,35,501,novo
2024,9,36,421,novo
2024,9,37,157,novo
2024,9,38,1743,novo
2024,9,39,-36,novo
2024,9,41,4659,novo
2024,9,42,4314,novo
2024,9,43,8051,novo
2024,9,45,6505,novo
2024,9,46,7610,novo
2024,9,47,30507,novo
2024,9,49,10611,novo
2024,9,50,255,novo
2024,9,51,150,novo
2024,9,52,3046,novo
2024,9,53,-303,novo
2024,9,55,2103,novo
2024,9,56,10530,novo
2024,9,58,61,novo
2024,9,59,-230,novo
2024,9,60,-10,novo
2024,9,61,235,novo
2024,9,62,7838,novo
2024,9,63,276,novo
2024,9,64,2089,novo
2024,9,65,390,novo
2024,9,66,1068,novo
2024,9,68,876,novo
2024,9,69,2247,novo
2024,9,70,1596,novo
2024,9,71,2238,novo
2024,9,72,283,novo
2024,9,73,1677,novo
2024,9,74,1542,novo
2024,9,75,184,novo
2024,9,77,3088,novo
2024,9,78,15731,novo
2024,9,79,811,novo
2024,9,80,4660,novo
2024,9,81,6478,novo
2024,9,82,9267,novo
2024,9,84,869,novo
2024,9,85,10557,novo
2024,9,86,17107,novo
2024,9,87,536,novo
2024,9,88,1977,novo
2024,9,90,100,novo
2024,9,91,82,novo
2024,9,92,37,novo
2024,9,93,2805,novo
2024,9,94,4361,novo
2024,9,95,200,novo
2024,9,96,900,novo
2024,9,97,16,novo
2024,9,99,15,novo
2024,10,01,-5536,novo
2024,10,02,188,novo
2024,10,03,-409,novo
2024,10,05,-23,novo
2024,10,06,27,novo
2024,10,07,-285,novo
2024,10,08,43,novo
2024,10,09,320,novo
2024,10,10,2956,novo
2024,10,11,1332,novo
2024,10,12,-199,novo
2024,10,13,178,novo
2024,10,14,-498,novo
2024,10,15,506,novo
2024,10,16,-50,novo
2024,10,17,479,novo
2024,10,18,348,novo
2024,10,19,-2354,novo
2024,10,20,337,novo
2024,10,21,529,novo
2024,10,22,2887,novo
2024,10,23,903,novo
2024,10,24,431,novo
2024,10,25,2682,novo
2024,10,26,578,novo
2024,10,27,1914,novo
2024,10,28,1980,novo
2024,10,29,3294,novo
2024,10,30,-516,novo
2024,10,31,1498,novo
2024,10,32,456,novo
2024,10,33,4129,novo
2024,10,35,124,novo
2024,10,36,259,novo
2024,10,37,83,novo
2024,10,38,-633,novo
2024,10,39,14,novo
2024,10,41,808,novo
2024,10,42,-4756,novo
2024,10,43,3181,novo
2024,10,45,2536,novo
2024,10,46,10846,novo
2024,10,47,30915,novo
2024,10,49,5043,novo
2024,10,50,74,novo
2024,10,51,230,novo
2024,10,52,2862,novo
2024,10,53,-345,novo
2024,10,55,1759,novo
2024,10,56,5185,novo
2024,10,58,-116,novo
2024,10,59,-292,novo
2024,10,60,-244,novo
2024,10,61,-94,novo
2024,10,62,-5229,novo
2024,10,63,820,novo
2024,10,64,1165,novo
2024,10,65,92,novo
2024,10,66,752,novo
2024,10,68,370,novo
2024,10,69,1235,novo
2024,10,70,1136,novo
2024,10,71,1023,novo
2024,10,72,14,novo
2024,10,73,1140,novo
2024,10,74,911,novo
2024,10,75,162,novo
2024,10,77,1653,novo
2024,10,78,17881,novo
2024,10,79,350,novo
2024,10,80,3413,novo
2024,10,81,4540,novo
2024,10,82,10964,novo
2024,10,84,-1890,novo
2024,10,85,2773,novo
2024,10,86,8441,novo
2024,10,87,218,novo
2024,10,88,1156,novo
2024,10,90,126,novo
2024,10,91,131,novo
2024,10,92,91,novo
2024,10,93,1633,novo
2024,10,94,1617,novo
2024,10,95,82,novo
2024,10,96,393,novo
2024,10,97,6,novo
2024,10,99,-19,novo
2024,11,01,-19023,novo
2024,11,02,-239,novo
2024,11,03,375,novo
2024,11,05,15,novo
2024,11,06,344,novo
2024,11,07,39,novo
2024,11,08,-40,novo
2024,11,09,-126,novo
2024,11,10,242,novo
2024,11,11,844,novo
2024,11,12,18,novo
2024,11,13,-1139,novo
2024,11,14,-2167,novo
2024,11,15,-3193,novo
2024,11,16,-1173,novo
2024,11,17,360,novo
2024,11,18,114,novo
2024,11,19,-4831,novo
2024,11,20,-534,novo
2024,11,21,49,novo
2024,11,22,-424,novo
2024,11,23,-297,novo
2024,11,24,-126,novo
2024,11,25,902,novo
2024,11,26,93,novo
2024,11,27,-72,novo
2024,11,28,154,novo
2024,11,29,2225,novo
2024,11,30,259,novo
2024,11,31,444,novo
2024,11,32,-232,novo
2024,11,33,1731,novo
2024,11,35,386,novo
2024,11,36,316,novo
2024,11,37,4,novo
2024,11,38,-849,novo
2024,11,39,-14,novo
2024,11,41,-11206,novo
2024,11,42,-14387,novo
2024,11,43,-4498,novo
2024,11,45,3321,novo
2024,11,46,8219,novo
2024,11,47,83032,novo
2024,11,49,2118,novo
2024,11,50,260,novo
2024,11,51,213,novo
2024,11,52,4497,novo
2024,11,53,176,novo
2024,11,55,3607,novo
2024,11,56,13787,novo
2024,11,58,-114,novo
2024,11,59,544,novo
2024,11,60,-254,novo
2024,11,61,-440,novo
2024,11,62,1090,novo
2024,11,63,1086,novo
2024,11,64,663,novo
2024,11,65,56,novo
2024,11,66,518,novo
2024,11,68,152,novo
2024,11,69,283,novo
2024,11,70,394,novo
2024,11,71,-127,novo
2024,11,72,265,novo
2024,11,73,1529,novo
2024,11,74,1021,novo
2024,11,75,153,novo
2024,11,77,-77,novo
2024,11,78,20375,novo
2024,11,79,228,novo
2024,11,80,-2531,novo
2024,11,81,3066,novo
2024,11,82,12238,novo
2024,11,84,-4066,novo
2024,11,85,-4111,novo
2024,11,86,5296,novo
2024,11,87,277,novo
2024,11,88,701,novo
2024,11,90,125,novo
2024,11,91,148,novo
2024,11,92,91,novo
2024,11,93,1941,novo
2024,11,94,1519,novo
2024,11,95,207,novo
2024,11,96,785,novo
2024,11,97,39,novo
2024,11,99,-19,novo
2024,12,01,-43612,novo
2024,12,02,-2486,novo
2024,12,03,-574,novo
2024,12,05,-26,novo
2024,12,06,16,novo
2024,12,07,56,novo
2024,12,08,-826,novo
2024,12,09,-53,novo
2024,12,10,-21341,novo
2024,12,11,-56,novo
2024,12,12,-246,novo
2024,12,13,-5670,novo
2024,12,14,-14023,novo
2024,12,15,-12085,novo
2024,12,16,-3689,novo
2024,12,17,-1891,novo
2024,12,18,-853,novo
2024,12,19,-5534,novo
2024,12,20,-2988,novo
2024,12,21,-1307,novo
2024,12,22,-6618,novo
2024,12,23,-5038,novo
2024,12,24,-1388,novo
2024,12,25,-7220,novo
2024,12,26,-978,novo
2024,12,27,-2122,novo
2024,12,28,-4677,novo
2024,12,29,-4657,novo
2024,12,30,-372,novo
2024,12,31,-5581,novo
2024,12,32,-3674,novo
2024,12,33,-1012,novo
2024,12,35,123,novo
2024,12,36,-68,novo
2024,12,37,100,novo
2024,12,38,-2721,novo
2024,12,39,-3,novo
2024,12,41,-34286,novo
2024,12,42,-33354,novo
2024,12,43,-22033,novo
2024,12,45,-4870,novo
2024,12,46,-5443,novo
2024,12,47,-14771,novo
2024,12,49,-26572,novo
2024,12,50,-56,novo
2024,12,51,25,novo
2024,12,52,324,novo
2024,12,53,-408,novo
2024,12,55,2522,novo
2024,12,56,-15798,novo
2024,12,58,-474,novo
2024,12,59,315,novo
2024,12,60,-302,novo
2024,12,61,429,novo
2024,12,62,-405,novo
2024,12,63,-82,novo
2024,12,64,-879,novo
2024,12,65,-31,novo
2024,12,66,-673,novo
2024,12,68,-609,novo
2024,12,69,-3519,novo
2024,12,70,-1095,novo
2024,12,71,-6184,novo
2024,12,72,-239,novo
2024,12,73,-65,novo
2024,12,74,-620,novo
2024,12,75,-113,novo
2024,12,77,-2957,novo
2024,12,78,-42929,novo
2024,12,79,2,novo
2024,12,80,2350,novo
2024,12,81,-3182,novo
2024,12,82,-5394,novo
2024,12,84,-27740,novo
2024,12,85,-80765,novo
2024,12,86,-19518,novo
2024,12,87,-2303,novo
2024,12,88,-2977,novo
2024,12,90,43,novo
2024,12,91,20,novo
2024,12,92,73,novo
2024,12,93,-226,novo
2024,12,94,-15121,novo
2024,12,95,-611,novo
2024,12,96,-1881,novo
2024,12,97,-19,novo
2024,12,99,-52,novo
2025,1,01,35892,novo
2025,1,02,-131,novo
2025,1,03,-7,novo
2025,1,05,68,novo
2025,1,06,75,novo
2025,1,07,-16,novo
2025,1,08,210,novo
2025,1,09,263,novo
2025,1,10,5351,novo
2025,1,11,-349,novo
2025,1,12,3106,novo
2025,1,13,4139,novo
2025,1,14,6071,novo
2025,1,15,4522,novo
2025,1,16,1864,novo
2025,1,17,1611,novo
2025,1,18,560,novo
2025,1,19,-1136,novo
2025,1,20,1006,novo
2025,1,21,1029,novo
2025,1,22,4567,novo
2025,1,23,1851,novo
2025,1,24,2198,novo
2025,1,25,5985,novo
2025,1,26,1382,novo
2025,1,27,3191,novo
2025,1,28,5603,novo
2025,1,29,6516,novo
2025,1,30,830,novo
2025,1,31,3084,novo
2025,1,32,1310,novo
2025,1,33,5069,novo
2025,1,35,316,novo
2025,1,36,-412,novo
2025,1,37,-122,novo
2025,1,38,622,novo
2025,1,39,64,novo
2025,1,41,16586,novo
2025,1,42,8919,novo
2025,1,43,12868,novo
2025,1,45,1696,novo
2025,1,46,4854,novo
2025,1,47,-58967,novo
2025,1,49,-3985,novo
2025,1,50,146,novo
2025,1,51,35,novo
2025,1,52,4051,novo
2025,1,53,-167,novo
2025,1,55,-1313,novo
2025,1,56,-8960,novo
2025,1,58,6,novo
2025,1,59,-432,novo
2025,1,60,-97,novo
2025,1,61,300,novo
2025,1,62,205,novo
2025,1,63,-412,novo
2025,1,64,80,novo
2025,1,65,-137,novo
2025,1,66,131,novo
2025,1,68,931,novo
2025,1,69,4727,novo
2025,1,70,168,novo
2025,1,71,4285,novo
2025,1,72,193,novo
2025,1,73,702,novo
2025,1,74,765,novo
2025,1,75,87,novo
2025,1,77,1417,novo
2025,1,78,-1251,novo
2025,1,79,130,novo
2025,1,80,657,novo
2025,1,81,6915,novo
2025,1,82,6181,novo
2025,1,84,1607,novo
2025,1,85,8094,novo
2025,1,86,13570,novo
2025,1,87,-623,novo
2025,1,88,-551,novo
2025,1,90,119,novo
2025,1,91,95,novo
2025,1,92,271,novo
2025,1,93,3545,novo
2025,1,94,4447,novo
2025,1,95,42,novo
2025,1,96,-795,novo
2025,1,97,11,novo
2025,1,99,-25,novo
2025,2,01,18740,novo
2025,2,02,953,novo
2025,2,03,149,novo
2025,2,05,11,novo
2025,2,06,88,novo
2025,2,07,600,novo
2025,2,08,774,novo
2025,2,09,261,novo
2025,2,10,9927,novo
2025,2,11,86,novo
2025,2,12,5576,novo
2025,2,13,2997,novo
2025,2,14,4107,novo
2025,2,15,4808,novo
2025,2,16,960,novo
2025,2,17,1412,novo
2025,2,18,778,novo
2025,2,19,47,novo
2025,2,20,1698,novo
2025,2,21,266,novo
2025,2,22,4636,novo
2025,2,23,2763,novo
2025,2,24,1495,novo
2025,2,25,5029,novo
2025,2,26,563,novo
2025,2,27,1574,novo
2025,2,28,4282,novo
2025,2,29,2913,novo
2025,2,30,938,novo
2025,2,31,2438,novo
2025,2,32,1305,novo
2025,2,33,2751,novo
2025,2,35,410,novo
2025,2,36,-408,novo
2025,2,37,158,novo
2025,2,38,4617,novo
2025,2,39,24,novo
2025,2,41,16562,novo
2025,2,42,9898,novo
2025,2,43,14411,novo
2025,2,45,9014,novo
2025,2,46,17050,novo
2025,2,47,20523,novo
2025,2,49,20251,novo
2025,2,50,-247,novo
2025,2,51,-104,novo
2025,2,52,6466,novo
2025,2,53,-142,novo
2025,2,55,3229,novo
2025,2,56,24104,novo
2025,2,58,23,novo
2025,2,59,-79,novo
2025,2,60,44,novo
2025,2,61,1501,novo
2025,2,62,1511,novo
2025,2,63,1006,novo
2025,2,64,2809,novo
2025,2,65,-107,novo
2025,2,66,631,novo
2025,2,68,1724,novo
2025,2,69,3611,novo
2025,2,70,1413,novo
2025,2,71,4977,novo
2025,2,72,261,novo
2025,2,73,2091,novo
2025,2,74,1575,novo
2025,2,75,306,novo
2025,2,77,3081,novo
2025,2,78,15762,novo
2025,2,79,1623,novo
2025,2,80,3972,novo
2025,2,81,19191,novo
2025,2,82,21020,novo
2025,2,84,16608,novo
2025,2,85,65196,novo
2025,2,86,12529,novo
2025,2,87,1793,novo
2025,2,88,2285,novo
2025,2,90,555,novo
2025,2,91,214,novo
2025,2,92,337,novo
2025,2,93,3711,novo
2025,2,94,8313,novo
2025,2,95,446,novo
2025,2,96,1321,novo
2025,2,97,2,novo
2025,2,99,-2,novo
2025,3,01,-5669,novo
2025,3,02,-482,novo
2025,3,03,507,novo
2025,3,05,-18,novo
2025,3,06,-4,novo
2025,3,07,273,novo
2025,3,08,364,novo
2025,3,09,-160,novo
2025,3,10,-6738,novo
2025,3,11,-153,novo
2025,3,12,2529,novo
2025,3,13,809,novo
2025,3,14,325,novo
2025,3,15,1189,novo
2025,3,16,310,novo
2025,3,17,84,novo
2025,3,18,-51,novo
2025,3,19,2319,novo
2025,3,20,606,novo
2025,3,21,482,novo
2025,3,22,610,novo
2025,3,23,230,novo
2025,3,24,-144,novo
2025,3,25,1137,novo
2025,3,26,558,novo
2025,3,27,163,novo
2025,3,28,2222,novo
2025,3,29,1755,novo
2025,3,30,920,novo
2025,3,31,866,novo
2025,3,32,525,novo
2025,3,33,1472,novo
2025,3,35,337,novo
2025,3,36,-290,novo
2025,3,37,194,novo
2025,3,38,409,novo
2025,3,39,1,novo
2025,3,41,6821,novo
2025,3,42,8268,novo
2025,3,43,6857,novo
2025,3,45,1824,novo
2025,3,46,3238,novo
2025,3,47,-15372,novo
2025,3,49,12854,novo
2025,3,50,189,novo
2025,3,51,154,novo
2025,3,52,663,novo
2025,3,53,-681,novo
2025,3,55,-1313,novo
2025,3,56,-7442,novo
2025,3,58,-179,novo
2025,3,59,-243,novo
2025,3,60,-107,novo
2025,3,61,173,novo
2025,3,62,2369,novo
2025,3,63,467,novo
2025,3,64,194,novo
2025,3,65,622,novo
2025,3,66,180,novo
2025,3,68,525,novo
2025,3,69,1041,novo
2025,3,70,704,novo
2025,3,71,4103,novo
2025,3,72,365,novo
2025,3,73,1302,novo
2025,3,74,135,novo
2025,3,75,210,novo
2025,3,77,2149,novo
2025,3,78,-11543,novo
2025,3,79,-1091,novo
2025,3,80,1748,novo
2025,3,81,568,novo
2025,3,82,7802,novo
2025,3,84,5012,novo
2025,3,85,15808,novo
2025,3,86,10951,novo
2025,3,87,253,novo
2025,3,88,504,novo
2025,3,90,269,novo
2025,3,91,105,novo
2025,3,92,145,novo
2025,3,93,127,novo
2025,3,94,3870,novo
2025,3,95,-118,novo
2025,3,96,-391,novo
2025,3,97,19,novo
2025,3,99,-19,novo
2025,4,01,2896,novo
2025,4,02,883,novo
2025,4,03,246,novo
2025,4,05,29,novo
2025,4,06,50,novo
2025,4,07,297,novo
2025,4,08,584,novo
2025,4,09,50,novo
2025,4,10,5278,novo
2025,4,11,677,novo
2025,4,12,993,novo
2025,4,13,724,novo
2025,4,14,1796,novo
2025,4,15,1258,novo
2025,4,16,622,novo
2025,4,17,281,novo
2025,4,18,386,novo
2025,4,19,4401,novo
2025,4,20,1391,novo
2025,4,21,826,novo
2025,4,22,1691,novo
2025,4,23,1433,novo
2025,4,24,1124,novo
2025,4,25,1801,novo
2025,4,26,763,novo
2025,4,27,697,novo
2025,4,28,1585,novo
2025,4,29,629,novo
2025,4,30,1185,novo
2025,4,31,1070,novo
2025,4,32,823,novo
2025,4,33,-235,novo
2025,4,35,738,novo
2025,4,36,9,novo
2025,4,37,444,novo
2025,4,38,1656,novo
2025,4,39,12,novo
2025,4,41,16933,novo
2025,4,42,9487,novo
2025,4,43,7875,novo
2025,4,45,7298,novo
2025,4,46,7080,novo
2025,4,47,33662,novo
2025,4,49,15798,novo
2025,4,50,336,novo
2025,4,51,-432,novo
2025,4,52,3774,novo
2025,4,53,-704,novo
2025,4,55,1579,novo
2025,4,56,13873,novo
2025,4,58,-39,novo
2025,4,59,315,novo
2025,4,60,-120,novo
2025,4,61,865,novo
2025,4,62,3099,novo
2025,4,63,574,novo
2025,4,64,555,novo
2025,4,65,462,novo
2025,4,66,739,novo
2025,4,68,1330,novo
2025,4,69,1524,novo
2025,4,70,927,novo
2025,4,71,5017,novo
2025,4,72,588,novo
2025,4,73,1963,novo
2025,4,74,866,novo
2025,4,75,344,novo
2025,4,77,2726,novo
2025,4,78,6131,novo
2025,4,79,-23,novo
2025,4,80,5776,novo
2025,4,81,9264,novo
2025,4,82,9563,novo
2025,4,84,3446,novo
2025,4,85,13806,novo
2025,4,86,17540,novo
2025,4,87,1130,novo
2025,4,88,1639,novo
2025,4,90,121,novo
2025,4,91,135,novo
2025,4,92,204,novo
2025,4,93,3926,novo
2025,4,94,6350,novo
2025,4,95,345,novo
2025,4,96,745,novo
2025,4,97,45,novo
2025,4,99,-2,novo
2025,5,01,16706,novo
2025,5,02,396,novo
2025,5,03,246,novo
2025,5,05,40,novo
2025,5,06,-33,novo
2025,5,07,496,novo
2025,5,08,615,novo
2025,5,09,196,novo
2025,5,10,9098,novo
2025,5,11,79,novo
2025,5,12,-193,novo
2025,5,13,206,novo
2025,5,14,412,novo
2025,5,15,-167,novo
2025,5,16,-73,novo
2025,5,17,244,novo
2025,5,18,-36,novo
2025,5,19,2712,novo
2025,5,20,1035,novo
2025,5,21,559,novo
2025,5,22,-66,novo
2025,5,23,454,novo
2025,5,24,46,novo
2025,5,25,-827,novo
2025,5,26,-99,novo
2025,5,27,-430,novo
2025,5,28,1028,novo
2025,5,29,1172,novo
2025,5,30,609,novo
2025,5,31,-116,novo
2025,5,32,3,novo
2025,5,33,1185,novo
2025,5,35,302,novo
2025,5,36,-108,novo
2025,5,37,2543,novo
2025,5,38,681,novo
2025,5,39,2,novo
2025,5,41,3722,novo
2025,5,42,8145,novo
2025,5,43,4811,novo
2025,5,45,4097,novo
2025,5,46,3036,novo
2025,5,47,16125,novo
2025,5,49,4059,novo
2025,5,50,337,novo
2025,5,51,315,novo
2025,5,52,1116,novo
2025,5,53,-33,novo
2025,5,55,898,novo
2025,5,56,4550,novo
2025,5,58,122,novo
2025,5,59,1305,novo
2025,5,60,-131,novo
2025,5,61,230,novo
2025,5,62,1183,novo
2025,5,63,648,novo
2025,5,64,289,novo
2025,5,65,525,novo
2025,5,66,9,novo
2025,5,68,292,novo
2025,5,69,385,novo
2025,5,70,637,novo
2025,5,71,3658,novo
2025,5,72,232,novo
2025,5,73,904,novo
2025,5,74,859,novo
2025,5,75,74,novo
2025,5,77,1277,novo
2025,5,78,7024,novo
2025,5,79,233,novo
2025,5,80,742,novo
2025,5,81,3208,novo
2025,5,82,6176,novo
2025,5,84,2311,novo
2025,5,85,6658,novo
2025,5,86,12560,novo
2025,5,87,935,novo
2025,5,88,1132,novo
2025,5,90,349,novo
2025,5,91,111,novo
2025,5,92,396,novo
2025,5,93,2253,novo
2025,5,94,2163,novo
2025,5,95,-166,novo
2025,5,96,310,novo
2025,5,97,10,novo
2025,5,99,-6,novo
2025,6,01,24748,novo
2025,6,02,995,novo
2025,6,03,90,novo
2025,6,05,-82,novo
2025,6,06,24,novo
2025,6,07,606,novo
2025,6,08,383,novo
2025,6,09,126,novo
2025,6,10,7929,novo
2025,6,11,276,novo
2025,6,12,-1048,novo
2025,6,13,1122,novo
2025,6,14,-311,novo
2025,6,15,-188,novo
2025,6,16,225,novo
2025,6,17,851,novo
2025,6,18,205,novo
2025,6,19,2325,novo
2025,6,20,1169,novo
2025,6,21,390,novo
2025,6,22,562,novo
2025,6,23,613,novo
2025,6,24,-248,novo
2025,6,25,595,novo
2025,6,26,-259,novo
2025,6,27,-337,novo
2025,6,28,946,novo
2025,6,29,-566,novo
2025,6,30,744,novo
2025,6,31,594,novo
2025,6,32,513,novo
2025,6,33,1319,novo
2025,6,35,409,novo
2025,6,36,186,novo
2025,6,37,-190,novo
2025,6,38,1203,novo
2025,6,39,19,novo
2025,6,41,2285,novo
2025,6,42,5471,novo
2025,6,43,2909,novo
2025,6,45,4338,novo
2025,6,46,7085,novo
2025,6,47,21515,novo
2025,6,49,6350,novo
2025,6,50,366,novo
2025,6,51,110,novo
2025,6,52,4449,novo
2025,6,53,-2252,novo
2025,6,55,734,novo
2025,6,56,6635,novo
2025,6,58,58,novo
2025,6,59,-125,novo
2025,6,60,-67,novo
2025,6,61,637,novo
2025,6,62,2568,novo
2025,6,63,-73,novo
2025,6,64,640,novo
2025,6,65,653,novo
2025,6,66,473,novo
2025,6,68,593,novo
2025,6,69,984,novo
2025,6,70,2015,novo
2025,6,71,4067,novo
2025,6,72,251,novo
2025,6,73,1282,novo
2025,6,74,890,novo
2025,6,75,233,novo
2025,6,77,1646,novo
2025,6,78,12677,novo
2025,6,79,539,novo
2025,6,80,1528,novo
2025,6,81,4308,novo
2025,6,82,5700,novo
2025,6,84,817,novo
2025,6,85,-5030,novo
2025,6,86,15107,novo
2025,6,87,397,novo
2025,6,88,1530,novo
2025,6,90,96,novo
2025,6,91,134,novo
2025,6,92,185,novo
2025,6,93,1835,novo
2025,6,94,3777,novo
2025,6,95,116,novo
2025,6,96,181,novo
2025,6,97,42,novo
2025,6,99,24,novo
2025,7,01,9003,novo
2025,7,02,-157,novo
2025,7,03,-51,novo
2025,7,05,-23,novo
2025,7,06,130,novo
2025,7,07,564,novo
2025,7,08,416,novo
2025,7,09,699,novo
2025,7,10,8605,novo
2025,7,11,-59,novo
2025,7,12,-1538,novo
2025,7,13,1814,novo
2025,7,14,1025,novo
2025,7,15,3058,novo
2025,7,16,-350,novo
2025,7,17,608,novo
2025,7,18,88,novo
2025,7,19,1840,novo
2025,7,20,507,novo
2025,7,21,601,novo
2025,7,22,1626,novo
2025,7,23,216,novo
2025,7,24,-59,novo
2025,7,25,-89,novo
2025,7,26,-1232,novo
2025,7,27,-234,novo
2025,7,28,1938,novo
2025,7,29,3127,novo
2025,7,30,760,novo
2025,7,31,208,novo
2025,7,32,-502,novo
2025,7,33,876,novo
2025,7,35,510,novo
2025,7,36,82,novo
2025,7,37,163,novo
2025,7,38,-970,novo
2025,7,39,21,novo
2025,7,41,6095,novo
2025,7,42,7681,novo
2025,7,43,5290,novo
2025,7,45,2534,novo
2025,7,46,5745,novo
2025,7,47,19046,novo
2025,7,49,8383,novo
2025,7,50,329,novo
2025,7,51,175,novo
2025,7,52,2704,novo
2025,7,53,77,novo
2025,7,55,803,novo
2025,7,56,3644,novo
2025,7,58,24,novo
2025,7,59,-205,novo
2025,7,60,25,novo
2025,7,61,848,novo
2025,7,62,2370,novo
2025,7,63,534,novo
2025,7,64,569,novo
2025,7,65,841,novo
2025,7,66,278,novo
2025,7,68,504,novo
2025,7,69,1061,novo
2025,7,70,2182,novo
2025,7,71,2755,novo
2025,7,72,207,novo
2025,7,73,1381,novo
2025,7,74,761,novo
2025,7,75,39,novo
2025,7,77,1214,novo
2025,7,78,5069,novo
2025,7,79,63,novo
2025,7,80,1848,novo
2025,7,81,2537,novo
2025,7,82,1813,novo
2025,7,84,-226,novo
2025,7,85,-10266,novo
2025,7,86,13254,novo
2025,7,87,451,novo
2025,7,88,783,novo
2025,7,90,86,novo
2025,7,91,68,novo
2025,7,92,93,novo
2025,7,93,443,novo
2025,7,94,2476,novo
2025,7,95,124,novo
2025,7,96,30,novo
2025,7,97,27,novo
2025,7,99,-13,novo
2025,8,01,-2005,novo
2025,8,02,-586,novo
2025,8,03,-74,novo
2025,8,05,-12,novo
2025,8,06,112,novo
2025,8,07,455,novo
2025,8,08,-98,novo
2025,8,09,40,novo
2025,8,10,11319,novo
2025,8,11,112,novo
2025,8,12,-2875,novo
2025,8,13,257,novo
2025,8,14,1022,novo
2025,8,15,-58,novo
2025,8,16,-1780,novo
2025,8,17,489,novo
2025,8,18,348,novo
2025,8,19,2032,novo
2025,8,20,224,novo
2025,8,21,562,novo
2025,8,22,574,novo
2025,8,23,616,novo
2025,8,24,-406,novo
2025,8,25,-195,novo
2025,8,26,-511,novo
2025,8,27,628,novo
2025,8,28,179,novo
2025,8,29,1404,novo
2025,8,30,990,novo
2025,8,31,392,novo
2025,8,32,134,novo
2025,8,33,1884,novo
2025,8,35,740,novo
2025,8,36,376,novo
2025,8,37,204,novo
2025,8,38,-126,novo
2025,8,39,66,novo
2025,8,41,7001,novo
2025,8,42,5072,novo
2025,8,43,5255,novo
2025,8,45,4962,novo
2025,8,46,3975,novo
2025,8,47,23675,novo
2025,8,49,8731,novo
2025,8,50,286,novo
2025,8,51,357,novo
2025,8,52,1053,novo
2025,8,53,-279,novo
2025,8,55,1317,novo
2025,8,56,10148,novo
2025,8,58,-6,novo
2025,8,59,-1120,novo
2025,8,60,95,novo
2025,8,61,-150,novo
2025,8,62,938,novo
2025,8,63,1385,novo
2025,8,64,278,novo
2025,8,65,91,novo
2025,8,66,528,novo
2025,8,68,429,novo
2025,8,69,297,novo
2025,8,70,2116,novo
2025,8,71,1603,novo
2025,8,72,543,novo
2025,8,73,3017,novo
2025,8,74,878,novo
2025,8,75,152,novo
2025,8,77,2323,novo
2025,8,78,-7261,novo
2025,8,79,375,novo
2025,8,80,1334,novo
2025,8,81,1831,novo
2025,8,82,2470,novo
2025,8,84,2032,novo
2025,8,85,23785,novo
2025,8,86,10856,novo
2025,8,87,814,novo
2025,8,88,1548,novo
2025,8,90,502,novo
2025,8,91,137,novo
2025,8,92,193,novo
2025,8,93,1259,novo
2025,8,94,5373,novo
2025,8,95,293,novo
2025,8,96,476,novo
2025,8,97,-3,novo
2025,8,99,-39,novo
2025,9,01,3342,novo
2025,9,02,70,novo
2025,9,03,-245,novo
2025,9,05,-21,novo
2025,9,06,13,novo
2025,9,07,746,novo
2025,9,08,93,novo
2025,9,09,10,novo
2025,9,10,24131,novo
2025,9,11,646,novo
2025,9,12,-2671,novo
2025,9,13,708,novo
2025,9,14,2335,novo
2025,9,15,844,novo
2025,9,16,-1532,novo
2025,9,17,596,novo
2025,9,18,102,novo
2025,9,19,977,novo
2025,9,20,1266,novo
2025,9,21,433,novo
2025,9,22,2377,novo
2025,9,23,2143,novo
2025,9,24,-31,novo
2025,9,25,1359,novo
2025,9,26,51,novo
2025,9,27,623,novo
2025,9,28,-235,novo
2025,9,29,878,novo
2025,9,30,327,novo
2025,9,31,1387,novo
2025,9,32,648,novo
2025,9,33,1943,novo
2025,9,35,829,novo
2025,9,36,903,novo
2025,9,37,137,novo
2025,9,38,1042,novo
2025,9,39,38,novo
2025,9,41,10540,novo
2025,9,42,6236,novo
2025,9,43,7079,novo
2025,9,45,5101,novo
2025,9,46,7507,novo
2025,9,47,23672,novo
2025,9,49,11115,novo
2025,9,50,251,novo
2025,9,51,336,novo
2025,9,52,2229,novo
2025,9,53,174,novo
2025,9,55,2215,novo
2025,9,56,13153,novo
2025,9,58,-42,novo
2025,9,59,-1207,novo
2025,9,60,-30,novo
2025,9,61,502,novo
2025,9,62,3801,novo
2025,9,63,24,novo
2025,9,64,-516,novo
2025,9,65,501,novo
2025,9,66,349,novo
2025,9,68,574,novo
2025,9,69,1618,novo
2025,9,70,894,novo
2025,9,71,5349,novo
2025,9,72,579,novo
2025,9,73,2243,novo
2025,9,74,1138,novo
2025,9,75,302,novo
2025,9,77,2011,novo
2025,9,78,13905,novo
2025,9,79,620,novo
2025,9,80,3272,novo
2025,9,81,6061,novo
2025,9,82,10925,novo
2025,9,84,2532,novo
2025,9,85,9504,novo
2025,9,86,1994,novo
2025,9,87,1807,novo
2025,9,88,1148,novo
2025,9,90,56,novo
2025,9,91,-20,novo
2025,9,92,216,novo
2025,9,93,3022,novo
2025,9,94,2881,novo
2025,9,95,40,novo
2025,9,96,1056,novo
2025,9,97,14,novo
2025,9,99,9,novo
2025,10,01,-8915,novo
2025,10,02,-936,novo
2025,10,03,-66,novo
2025,10,05,-41,novo
2025,10,06,-9,novo
2025,10,07,681,novo
2025,10,08,-107,novo
2025,10,09,258,novo
2025,10,10,59,novo
2025,10,11,562,novo
2025,10,12,-2730,novo
2025,10,13,-771,novo
2025,10,14,-850,novo
2025,10,15,-1967,novo
2025,10,16,-945,novo
2025,10,17,155,novo
2025,10,18,405,novo
2025,10,19,-2426,novo
2025,10,20,-626,novo
2025,10,21,367,novo
2025,10,22,-709,novo
2025,10,23,241,novo
2025,10,24,-1114,novo
2025,10,25,-311,novo
2025,10,26,-997,novo
2025,10,27,-302,novo
2025,10,28,-1072,novo
2025,10,29,-2632,novo
2025,10,30,425,novo
2025,10,31,846,novo
2025,10,32,-285,novo
2025,10,33,2928,novo
2025,10,35,684,novo
2025,10,36,119,novo
2025,10,37,34,novo
2025,10,38,18,novo
2025,10,39,20,novo
2025,10,41,-1311,novo
2025,10,42,-968,novo
2025,10,43,-596,novo
2025,10,45,601,novo
2025,10,46,2756,novo
2025,10,47,22235,novo
2025,10,49,7053,novo
2025,10,50,134,novo
2025,10,51,326,novo
2025,10,52,2774,novo
2025,10,53,-130,novo
2025,10,55,1528,novo
2025,10,56,8781,novo
2025,10,58,6,novo
2025,10,59,-152,novo
2025,10,60,-165,novo
2025,10,61,-284,novo
2025,10,62,1835,novo
2025,10,63,172,novo
2025,10,64,477,novo
2025,10,65,216,novo
2025,10,66,179,novo
2025,10,68,386,novo
2025,10,69,559,novo
2025,10,70,567,novo
2025,10,71,2350,novo
2025,10,72,349,novo
2025,10,73,2335,novo
2025,10,74,1822,novo
2025,10,75,90,novo
2025,10,77,-211,novo
2025,10,78,13932,novo
2025,10,79,321,novo
2025,10,80,1826,novo
2025,10,81,273,novo
2025,10,82,8628,novo
2025,10,84,749,novo
2025,10,85,1526,novo
2025,10,86,8557,novo
2025,10,87,963,novo
2025,10,88,947,novo
2025,10,90,8,novo
2025,10,91,96,novo
2025,10,92,83,novo
2025,10,93,1619,novo
2025,10,94,11609,novo
2025,10,95,203,novo
2025,10,96,84,novo
2025,10,97,16,novo
2025,10,99,2,novo
2025,11,01,-15846,novo
2025,11,02,-782,novo
2025,11,03,62,novo
2025,11,05,-13,novo
2025,11,06,146,novo
2025,11,07,655,novo
2025,11,08,-404,novo
2025,11,09,-81,novo
2025,11,10,-3650,novo
2025,11,11,286,novo
2025,11,12,-212,novo
2025,11,13,-2641,novo
2025,11,14,-3536,novo
2025,11,15,-4544,novo
2025,11,16,-1297,novo
2025,11,17,-446,novo
2025,11,18,130,novo
2025,11,19,-5861,novo
2025,11,20,-581,novo
2025,11,21,-151,novo
2025,11,22,-2190,novo
2025,11,23,-412,novo
2025,11,24,-582,novo
2025,11,25,-1387,novo
2025,11,26,-268,novo
2025,11,27,-964,novo
2025,11,28,-997,novo
2025,11,29,-1787,novo
2025,11,30,91,novo
2025,11,31,-457,novo
2025,11,32,-1105,novo
2025,11,33,1671,novo
2025,11,35,1130,novo
2025,11,36,923,novo
2025,11,37,7,novo
2025,11,38,1295,novo
2025,11,39,97,novo
2025,11,41,-5320,novo
2025,11,42,-12831,novo
2025,11,43,-5653,novo
2025,11,45,1584,novo
2025,11,46,5004,novo
2025,11,47,71661,novo
2025,11,49,2608,novo
2025,11,50,140,novo
2025,11,51,112,novo
2025,11,52,3360,novo
2025,11,53,189,novo
2025,11,55,3272,novo
2025,11,56,11021,novo
2025,11,58,69,novo
2025,11,59,17,novo
2025,11,60,-35,novo
2025,11,61,-259,novo
2025,11,62,3821,novo
2025,11,63,455,novo
2025,11,64,56,novo
2025,11,65,432,novo
2025,11,66,590,novo
2025,11,68,288,novo
2025,11,69,321,novo
2025,11,70,1698,novo
2025,11,71,-931,novo
2025,11,72,521,novo
2025,11,73,2754,novo
2025,11,74,1030,novo
2025,11,75,180,novo
2025,11,77,-685,novo
2025,11,78,24073,novo
2025,11,79,256,novo
2025,11,80,33,novo
2025,11,81,1705,novo
2025,11,82,9325,novo
2025,11,84,427,novo
2025,11,85,-6630,novo
2025,11,86,9417,novo
2025,11,87,801,novo
2025,11,88,810,novo
2025,11,90,452,novo
2025,11,91,-15,novo
2025,11,92,113,novo
2025,11,93,2194,novo
2025,11,94,442,novo
2025,11,95,45,novo
2025,11,96,667,novo
2025,11,97,0,novo
2025,11,99,-19,novo
2025,12,01,-39761,novo
2025,12,02,-3410,novo
2025,12,03,-665,novo
2025,12,05,-30,novo
2025,12,06,-237,novo
2025,12,07,322,novo
2025,12,08,-863,novo
2025,12,09,-61,novo
2025,12,10,-22714,novo
2025,12,11,-433,novo
2025,12,12,-417,novo
2025,12,13,-7279,novo
2025,12,14,-15402,novo
2025,12,15,-11969,novo
2025,12,16,-3752,novo
2025,12,17,-2519,novo
2025,12,18,-1331,novo
2025,12,19,-4626,novo
2025,12,20,-2792,novo
2025,12,21,-974,novo
2025,12,22,-8558,novo
2025,12,23,-6193,novo
2025,12,24,-1949,novo
2025,12,25,-9337,novo
2025,12,26,-1530,novo
2025,12,27,-3418,novo
2025,12,28,-6196,novo
2025,12,29,-7357,novo
2025,12,30,-579,novo
2025,12,31,-6065,novo
2025,12,32,-4128,novo
2025,12,33,-3271,novo
2025,12,35,-22,novo
2025,12,36,6,novo
2025,12,37,-108,novo
2025,12,38,-1328,novo
2025,12,39,23,novo
2025,12,41,-36328,novo
2025,12,42,-40499,novo
2025,12,43,-27250,novo
2025,12,45,-7903,novo
2025,12,46,-12086,novo
2025,12,47,-34366,novo
2025,12,49,-29553,novo
2025,12,50,12,novo
2025,12,51,263,novo
2025,12,52,-516,novo
2025,12,53,-844,novo
2025,12,55,872,novo
2025,12,56,-21563,novo
2025,12,58,-503,novo
2025,12,59,157,novo
2025,12,60,-923,novo
2025,12,61,-1161,novo
2025,12,62,-843,novo
2025,12,63,-917,novo
2025,12,64,-1250,novo
2025,12,65,-310,novo
2025,12,66,-898,novo
2025,12,68,-1042,novo
2025,12,69,-3195,novo
2025,12,70,-1254,novo
2025,12,71,-10946,novo
2025,12,72,-479,novo
2025,12,73,-732,novo
2025,12,74,-1244,novo
2025,12,75,-97,novo
2025,12,77,-3760,novo
2025,12,78,-45355,novo
2025,12,79,11,novo
2025,12,80,2292,novo
2025,12,81,-2086,novo
2025,12,82,-15799,novo
2025,12,84,-24486,novo
2025,12,85,-87134,novo
2025,12,86,-4617,novo
2025,12,87,-4130,novo
2025,12,88,-2525,novo
2025,12,90,-178,novo
2025,12,91,-149,novo
2025,12,92,32,novo
2025,12,93,-598,novo
2025,12,94,-12450,novo
2025,12,95,-883,novo
2025,12,96,-1967,novo
2025,12,97,-34,novo
2025,12,99,-27,novo
2026,1,01,23418,novo
2026,1,02,-373,novo
2026,1,03,28,novo
2026,1,05,34,novo
2026,1,06,-29,novo
2026,1,07,507,novo
2026,1,08,9,novo
2026,1,09,-80,novo
2026,1,10,3141,novo
2026,1,11,309,novo
2026,1,12,3040,novo
2026,1,13,3340,novo
2026,1,14,4868,novo
2026,1,15,3637,novo
2026,1,16,1434,novo
2026,1,17,1429,novo
2026,1,18,750,novo
2026,1,19,-64,novo
2026,1,20,1078,novo
2026,1,21,685,novo
2026,1,22,4237,novo
2026,1,23,1567,novo
2026,1,24,907,novo
2026,1,25,4257,novo
2026,1,26,900,novo
2026,1,27,1614,novo
2026,1,28,2940,novo
2026,1,29,3460,novo
2026,1,30,756,novo
2026,1,31,2773,novo
2026,1,32,512,novo
2026,1,33,5667,novo
2026,1,35,829,novo
2026,1,36,272,novo
2026,1,37,-100,novo
2026,1,38,262,novo
2026,1,39,50,novo
2026,1,41,22714,novo
2026,1,42,13622,novo
2026,1,43,14209,novo
2026,1,45,714,novo
2026,1,46,2276,novo
2026,1,47,-59790,novo
2026,1,49,-6688,novo
2026,1,50,63,novo
2026,1,51,173,novo
2026,1,52,2540,novo
2026,1,53,-468,novo
2026,1,55,-1166,novo
2026,1,56,-6508,novo
2026,1,58,-13,novo
2026,1,59,-109,novo
2026,1,60,-126,novo
2026,1,61,-422,novo
2026,1,62,248,novo
2026,1,63,177,novo
2026,1,64,-864,novo
2026,1,65,115,novo
2026,1,66,-54,novo
2026,1,68,598,novo
2026,1,69,5709,novo
2026,1,70,592,novo
2026,1,71,4088,novo
2026,1,72,158,novo
2026,1,73,1538,novo
2026,1,74,904,novo
2026,1,75,53,novo
2026,1,77,1328,novo
2026,1,78,11720,novo
2026,1,79,207,novo
2026,1,80,688,novo
2026,1,81,7445,novo
2026,1,82,4415,novo
2026,1,84,509,novo
2026,1,85,2815,novo
2026,1,86,5004,novo
2026,1,87,325,novo
2026,1,88,-522,novo
2026,1,90,245,novo
2026,1,91,-439,novo
2026,1,92,8,novo
2026,1,93,3443,novo
2026,1,94,3266,novo
2026,1,95,-122,novo
2026,1,96,-370,novo
2026,1,97,8,novo
2026,1,99,14,novo
