id_municipio,ano,mes,tradable_demand_log
1200401,2010,1,0.07883427015613344
1200401,2010,2,0.08125465720336246
1200401,2010,3,0.08356456656853566
1200401,2010,4,0.09120481397902448
1200401,2010,5,0.09672053118243457
1200401,2010,6,0.10110998581909943
1200401,2010,7,0.10479849568813537
1200401,2010,8,0.11297066700806205
1200401,2010,9,0.12738268927518726
1200401,2010,10,0.1319795066986723
1200401,2010,11,0.12933808960391932
1200401,2010,12,0.11203785404993298
1200401,2011,1,0.08593253971185333
1200401,2011,2,0.08816811510732314
1200401,2011,3,0.08677809602141154
1200401,2011,4,0.08210132194977693
1200401,2011,5,0.08593613796308909
1200401,2011,6,0.08392471018903513
1200401,2011,7,0.08517967262108082
1200401,2011,8,0.08555011620671046
1200401,2011,9,0.07832395294522516
1200401,2011,10,0.07895411679526124
1200401,2011,11,0.08072588491609299
1200401,2011,12,0.10085962500343999
1200401,2012,1,0.11408962213409927
1200401,2012,2,0.12012533087219342
1200401,2012,3,0.12348167733324236
1200401,2012,4,0.12710927787031645
1200401,2012,5,0.13043997158609952
1200401,2012,6,0.13270096669086318
1200401,2012,7,0.1329310407716524
1200401,2012,8,0.1274407545094197
1200401,2012,9,0.11799742254633279
1200401,2012,10,0.10977219515528346
1200401,2012,11,0.1026811970593684
1200401,2012,12,0.10506796453012346
1200401,2013,1,0.09839186648011816
1200401,2013,2,0.09545660759447129
1200401,2013,3,0.08940298259668612
1200401,2013,4,0.0833891032564097
1200401,2013,5,0.07784772805398657
1200401,2013,6,0.07264275844370768
1200401,2013,7,0.06957921679133058
1200401,2013,8,0.06346461149187287
1200401,2013,9,0.05914667554637429
1200401,2013,10,0.05919481014830836
1200401,2013,11,0.05853977760372901
1200401,2013,12,0.05958920035850858
1200401,2014,1,0.04402857749723662
1200401,2014,2,0.0441989801599021
1200401,2014,3,0.044660687422570775
1200401,2014,4,0.0381855983916892
1200401,2014,5,0.029773639997031275
1200401,2014,6,0.02519855828139411
1200401,2014,7,0.021637778847081155
1200401,2014,8,0.017893547873611953
1200401,2014,9,0.012858387002462059
1200401,2014,10,0.010718650872767308
1200401,2014,11,0.013636435919553734
1200401,2014,12,0.011616595557973482
1200401,2015,1,0.014021892769949956
1200401,2015,2,0.014779631122691376
1200401,2015,3,0.017402373744282003
1200401,2015,4,0.009437002547824858
1200401,2015,5,-3.7470041236133296e-4
1200401,2015,6,-0.008224632565782321
1200401,2015,7,-0.017612658251123285
1200401,2015,8,-0.023607391159802427
1200401,2015,9,-0.032242648097302255
1200401,2015,10,-0.036881548878060694
1200401,2015,11,-0.04246208538720827
1200401,2015,12,-0.04299229891952097
1200401,2016,1,-0.05209730483981425
1200401,2016,2,-0.0573591103854603
1200401,2016,3,-0.05904500842217396
1200401,2016,4,-0.06443900269156234
1200401,2016,5,-0.06824407195951987
1200401,2016,6,-0.07324293562321121
1200401,2016,7,-0.07771022414257328
1200401,2016,8,-0.08011987245032166
1200401,2016,9,-0.08954629453958045
1200401,2016,10,-0.09612641080502149
1200401,2016,11,-0.1004372509492176
1200401,2016,12,-0.0977383590737729
1200401,2017,1,-0.11899223503669411
1200401,2017,2,-0.12751154891291275
1200401,2017,3,-0.1273727112519578
1200401,2017,4,-0.12446899555565422
1200401,2017,5,-0.1207984858126456
1200401,2017,6,-0.1198127065743554
1200401,2017,7,-0.11713368076150966
1200401,2017,8,-0.11743639839477746
1200401,2017,9,-0.11991184758956003
1200401,2017,10,-0.1144722449400633
1200401,2017,11,-0.11422539357513323
1200401,2017,12,-0.10998384714149617
1200401,2018,1,-0.1163397243262635
1200401,2018,2,-0.1165698338985149
1200401,2018,3,-0.11522726833675168
1200401,2018,4,-0.10708615376729712
1200401,2018,5,-0.10204806597811528
1200401,2018,6,-0.09903323100593399
1200401,2018,7,-0.09159105935179061
1200401,2018,8,-0.08475935301113714
1200401,2018,9,-0.07940260793579933
1200401,2018,10,-0.07521145496532036
1200401,2018,11,-0.07135314556356405
1200401,2018,12,-0.06389038357093912
1200401,2019,1,-0.06241152976772389
1200401,2019,2,-0.05596474349784503
1200401,2019,3,-0.0545830901410073
1200401,2019,4,-0.04979213255369905
1200401,2019,5,-0.04910819039419309
1200401,2019,6,-0.047071741268949176
1200401,2019,7,-0.045152854209529573
1200401,2019,8,-0.04316385533170989
1200401,2019,9,-0.037574278929080926
1200401,2019,10,-0.03571873849997973
1200401,2019,11,-0.032991827981227025
1200401,2019,12,-0.029494320472540327
1200401,2020,1,-0.0082012139505692
1200401,2020,2,-0.0018412323492512997
1200401,2020,3,-0.0034365187458848456
1200401,2020,4,-0.02856108459896646
1200401,2020,5,-0.04076643325919471
1200401,2020,6,-0.03849621040608053
1200401,2020,7,-0.03178503273086789
1200401,2020,8,-0.020704185393682187
1200401,2020,9,-0.009106446848884476
1200401,2020,10,-0.0035848484455834524
1200401,2020,11,0.006435590758100559
1200401,2020,12,0.01563610018855076
1200401,2021,1,0.01952923185133615
1200401,2021,2,0.02934625706667534
1200401,2021,3,0.0342751732222579
1200401,2021,4,0.03417840674420062
1200401,2021,5,0.04102105086615862
1200401,2021,6,0.0501158351215136
1200401,2021,7,0.05594944626964583
1200401,2021,8,0.061585170156846315
1200401,2021,9,0.0636790905995747
1200401,2021,10,0.06590443271696925
1200401,2021,11,0.07027896786255633
1200401,2021,12,0.07351783436650289
1200401,2022,1,0.07561019769956695
1200401,2022,2,0.07735713844772961
1200401,2022,3,0.07957697888572236
1200401,2022,4,0.0792870843074609
1200401,2022,5,0.08668467969255295
1200401,2022,6,0.09280314342554584
1200401,2022,7,0.09673502520845115
1200401,2022,8,0.09803249110671187
1200401,2022,9,0.09583045421727256
1200401,2022,10,0.09380193141485015
1200401,2022,11,0.09196220249924023
1200401,2022,12,0.08895256850149297
1200401,2023,1,0.12600268937088033
1200401,2023,2,0.12523186418288226
1200401,2023,3,0.13044436712785135
1200401,2023,4,0.15621289826938112
1200401,2023,5,0.16887459413564432
1200401,2023,6,0.16867392464828718
1200401,2023,7,0.16175150233356697
1200401,2023,8,0.15376426913903274
1200401,2023,9,0.1433063691203452
1200401,2023,10,0.13399142989652246
1200401,2023,11,0.12551477846488066
1200401,2023,12,0.11752425656736369
1200401,2024,1,0.11178862150632261
1200401,2024,2,0.10699492494906661
1200401,2024,3,0.10578246685791681
1200401,2024,4,0.10638776633818815
1200401,2024,5,0.1016031349279371
1200401,2024,6,0.09767368137560363
1200401,2024,7,0.09516901417684283
1200401,2024,8,0.09089329205015381
1200401,2024,9,0.08753328972621395
1200401,2024,10,0.085949799217013
1200401,2024,11,0.08406124418821524
1200401,2024,12,0.08228700277185443
1501402,2010,1,0.06636372311488031
1501402,2010,2,0.07019150365070367
1501402,2010,3,0.07446029445553017
1501402,2010,4,0.08314882284589602
1501402,2010,5,0.08931441337392583
1501402,2010,6,0.0934323347356353
1501402,2010,7,0.09680634257102967
1501402,2010,8,0.10397511178433527
1501402,2010,9,0.11604241282075962
1501402,2010,10,0.11989746329069238
1501402,2010,11,0.11710689152277153
1501402,2010,12,0.09927850814115675
1501402,2011,1,0.07426634125334083
1501402,2011,2,0.07536419887432139
1501402,2011,3,0.07369516827075408
1501402,2011,4,0.06936798015467599
1501402,2011,5,0.07322680765364423
1501402,2011,6,0.07124844366701756
1501402,2011,7,0.071775206156252
1501402,2011,8,0.07173462586548124
1501402,2011,9,0.0653671676649505
1501402,2011,10,0.06580469392060624
1501402,2011,11,0.06876845875421728
1501402,2011,12,0.08754584887002373
1501402,2012,1,0.10163436083641517
1501402,2012,2,0.10925593685661877
1501402,2012,3,0.11284740934712122
1501402,2012,4,0.11588191126809494
1501402,2012,5,0.11922395212859671
1501402,2012,6,0.1216410619465512
1501402,2012,7,0.12268346008503381
1501402,2012,8,0.11798980487297335
1501402,2012,9,0.1095850533381674
1501402,2012,10,0.10221291509578449
1501402,2012,11,0.09499682218808045
1501402,2012,12,0.09744822749622378
1501402,2013,1,0.0940500878235553
1501402,2013,2,0.0910806524797013
1501402,2013,3,0.08569732151989916
1501402,2013,4,0.0795688839838581
1501402,2013,5,0.07398549007078095
1501402,2013,6,0.0691218247284796
1501402,2013,7,0.06572548251740325
1501402,2013,8,0.0595415873692185
1501402,2013,9,0.05635665419289743
1501402,2013,10,0.05627906552763594
1501402,2013,11,0.054962719825749996
1501402,2013,12,0.05620266412091644
1501402,2014,1,0.036553609238375334
1501402,2014,2,0.03779619923615872
1501402,2014,3,0.03810735969407186
1501402,2014,4,0.03218106791188368
1501402,2014,5,0.02488652580713984
1501402,2014,6,0.020760946767603428
1501402,2014,7,0.01837098647475655
1501402,2014,8,0.015866088507969733
1501402,2014,9,0.011096800135507984
1501402,2014,10,0.008421142921546148
1501402,2014,11,0.010409309837881664
1501402,2014,12,0.008530881783101534
1501402,2015,1,0.010776972439481359
1501402,2015,2,0.011246302699235723
1501402,2015,3,0.013212675031247664
1501402,2015,4,0.004858181311990501
1501402,2015,5,-0.0051229428646165694
1501402,2015,6,-0.012901735924547216
1501402,2015,7,-0.022057483425391218
1501402,2015,8,-0.028558559280961987
1501402,2015,9,-0.036318476038227264
1501402,2015,10,-0.041928381645741
1501402,2015,11,-0.047891801938582786
1501402,2015,12,-0.04938572618241894
1501402,2016,1,-0.06189045859874996
1501402,2016,2,-0.06712973853912299
1501402,2016,3,-0.06944399521574773
1501402,2016,4,-0.0752521616912045
1501402,2016,5,-0.07884164319994706
1501402,2016,6,-0.08346720841071534
1501402,2016,7,-0.08754588555092382
1501402,2016,8,-0.08967569999447515
1501402,2016,9,-0.09866626588679796
1501402,2016,10,-0.10493688427046638
1501402,2016,11,-0.10848398366381339
1501402,2016,12,-0.10597937522078896
1501402,2017,1,-0.12030268095842923
1501402,2017,2,-0.12819967193872234
1501402,2017,3,-0.12826214568621755
1501402,2017,4,-0.12530555242879507
1501402,2017,5,-0.12194829020774177
1501402,2017,6,-0.12059241297413016
1501402,2017,7,-0.11828510419705139
1501402,2017,8,-0.11848383272852214
1501402,2017,9,-0.12098312624025273
1501402,2017,10,-0.11616773913445178
1501402,2017,11,-0.11520441807148821
1501402,2017,12,-0.11018656754184201
1501402,2018,1,-0.11850061360650235
1501402,2018,2,-0.11774732720504678
1501402,2018,3,-0.11582023242191437
1501402,2018,4,-0.1075222764809398
1501402,2018,5,-0.10234869343268291
1501402,2018,6,-0.09891882487539638
1501402,2018,7,-0.09129448429128464
1501402,2018,8,-0.08414862532283171
1501402,2018,9,-0.07968896094829486
1501402,2018,10,-0.07550637916555164
1501402,2018,11,-0.07065650653125011
1501402,2018,12,-0.0626182446555441
1501402,2019,1,-0.057283927296330285
1501402,2019,2,-0.05044318159370319
1501402,2019,3,-0.04925096006532385
1501402,2019,4,-0.04470696493201687
1501402,2019,5,-0.04437626521136449
1501402,2019,6,-0.04240071597091235
1501402,2019,7,-0.040663347663338914
1501402,2019,8,-0.039032255026613845
1501402,2019,9,-0.03436294126825804
1501402,2019,10,-0.031997564754440835
1501402,2019,11,-0.02961679981157521
1501402,2019,12,-0.02625144640506848
1501402,2020,1,-0.010227026798597615
1501402,2020,2,-0.004305062497141129
1501402,2020,3,-0.005535095108364086
1501402,2020,4,-0.02989370448128273
1501402,2020,5,-0.0420478778883481
1501402,2020,6,-0.04124610154616434
1501402,2020,7,-0.03597730168442438
1501402,2020,8,-0.02597238114840805
1501402,2020,9,-0.01525422905176587
1501402,2020,10,-0.008326490889358364
1501402,2020,11,0.002026852227015831
1501402,2020,12,0.010558234449299457
1501402,2021,1,0.019142211072272014
1501402,2021,2,0.02854751194121186
1501402,2021,3,0.03328383915316365
1501402,2021,4,0.03382187966532534
1501402,2021,5,0.04096486891775837
1501402,2021,6,0.050058292120165354
1501402,2021,7,0.055167238176029205
1501402,2021,8,0.06003229662985908
1501402,2021,9,0.06222623636282933
1501402,2021,10,0.06498589775516274
1501402,2021,11,0.06877976692769171
1501402,2021,12,0.07203058503756658
1501402,2022,1,0.06996829192177569
1501402,2022,2,0.07136472804775698
1501402,2022,3,0.0735852768413732
1501402,2022,4,0.0741690888498119
1501402,2022,5,0.08167050072590046
1501402,2022,6,0.08767346561839152
1501402,2022,7,0.09160679382475939
1501402,2022,8,0.09357010226254556
1501402,2022,9,0.09210912050534227
1501402,2022,10,0.09054536748809597
1501402,2022,11,0.08913821676440153
1501402,2022,12,0.08704006694972004
1501402,2023,1,0.12532874181266843
1501402,2023,2,0.12426635456301142
1501402,2023,3,0.12925596686911106
1501402,2023,4,0.15502523444383037
1501402,2023,5,0.16799337398124017
1501402,2023,6,0.16912950490273032
1501402,2023,7,0.1636819201638489
1501402,2023,8,0.15622575617812967
1501402,2023,9,0.1470235026702025
1501402,2023,10,0.1375785478492267
1501402,2023,11,0.12876729062364883
1501402,2023,12,0.12115478297343223
1501402,2024,1,0.11360809103695173
1501402,2024,2,0.10857777287162104
1501402,2024,3,0.10703836464991438
1501402,2024,4,0.10753640273651963
1501402,2024,5,0.10270256616319653
1501402,2024,6,0.09884464363118128
1501402,2024,7,0.09669192939820061
1501402,2024,8,0.09284500248622064
1501402,2024,9,0.08989356285140487
1501402,2024,10,0.08772941952531613
1501402,2024,11,0.08591277411053103
1501402,2024,12,0.08427327052980446
2111300,2010,1,0.123588077284322
2111300,2010,2,0.1304981399774679
2111300,2010,3,0.13790346767236206
2111300,2010,4,0.1468238521223798
2111300,2010,5,0.15402234264488057
2111300,2010,6,0.15898423408208207
2111300,2010,7,0.16419300753172647
2111300,2010,8,0.17256707272122881
2111300,2010,9,0.1823041724999044
2111300,2010,10,0.1886733429615608
2111300,2010,11,0.18953793204739758
2111300,2010,12,0.1797550494005106
2111300,2011,1,0.11705361246163136
2111300,2011,2,0.11718859087965748
2111300,2011,3,0.1118911609766716
2111300,2011,4,0.10789872874458951
2111300,2011,5,0.1085759436233524
2111300,2011,6,0.10397859747698782
2111300,2011,7,0.10033512883410403
2111300,2011,8,0.09646233542509379
2111300,2011,9,0.09030429032436225
2111300,2011,10,0.09098814431492246
2111300,2011,11,0.09768241297564502
2111300,2011,12,0.1131917115674777
2111300,2012,1,0.12904400007891362
2111300,2012,2,0.1412321020206017
2111300,2012,3,0.15198707526686597
2111300,2012,4,0.16044396917487955
2111300,2012,5,0.1657089057358156
2111300,2012,6,0.16871072870719245
2111300,2012,7,0.17062932066075132
2111300,2012,8,0.16471773721604865
2111300,2012,9,0.15660591267338791
2111300,2012,10,0.14859604863717166
2111300,2012,11,0.1404404031657508
2111300,2012,12,0.13712213605151996
2111300,2013,1,0.13074913060825347
2111300,2013,2,0.1257901411897209
2111300,2013,3,0.11814570315649287
2111300,2013,4,0.11132959995925121
2111300,2013,5,0.10433028021372366
2111300,2013,6,0.09861210652938873
2111300,2013,7,0.09410151279663968
2111300,2013,8,0.08677142363348424
2111300,2013,9,0.08252222859887218
2111300,2013,10,0.07890069065390931
2111300,2013,11,0.07488632644059065
2111300,2013,12,0.0718549330749386
2111300,2014,1,0.05449581535041456
2111300,2014,2,0.05192860431988678
2111300,2014,3,0.049324822352690444
2111300,2014,4,0.04227186939338687
2111300,2014,5,0.03213508819020636
2111300,2014,6,0.026854862563733675
2111300,2014,7,0.022318700956779677
2111300,2014,8,0.01806031328547233
2111300,2014,9,0.013378202990890641
2111300,2014,10,0.00887890185123846
2111300,2014,11,0.007478192335171418
2111300,2014,12,0.002481838451708142
2111300,2015,1,-0.004354216092420266
2111300,2015,2,-0.006563075468130736
2111300,2015,3,-0.01032855660384954
2111300,2015,4,-0.021175783520080108
2111300,2015,5,-0.03095224172793184
2111300,2015,6,-0.04034054725335752
2111300,2015,7,-0.050524316753058025
2111300,2015,8,-0.05983929421010782
2111300,2015,9,-0.06862453106570879
2111300,2015,10,-0.07608647506654571
2111300,2015,11,-0.0831200803968188
2111300,2015,12,-0.08741501094989304
2111300,2016,1,-0.10602756346863124
2111300,2016,2,-0.11477419652989433
2111300,2016,3,-0.1216575530900424
2111300,2016,4,-0.1297285280776907
2111300,2016,5,-0.13547249065295078
2111300,2016,6,-0.14173501877115577
2111300,2016,7,-0.14629462494666387
2111300,2016,8,-0.14887146667796547
2111300,2016,9,-0.1557804745908553
2111300,2016,10,-0.1608219379252856
2111300,2016,11,-0.16394603142662703
2111300,2016,12,-0.16421986991361792
2111300,2017,1,-0.1764863998882122
2111300,2017,2,-0.18153783376039417
2111300,2017,3,-0.18330587776315765
2111300,2017,4,-0.18144572054547706
2111300,2017,5,-0.17829007493170237
2111300,2017,6,-0.17675033193192363
2111300,2017,7,-0.17278212873475854
2111300,2017,8,-0.1700648955802334
2111300,2017,9,-0.16940727386194998
2111300,2017,10,-0.16514660758222247
2111300,2017,11,-0.16262320240467565
2111300,2017,12,-0.1568953856844735
2111300,2018,1,-0.15943659004845637
2111300,2018,2,-0.1555601548782451
2111300,2018,3,-0.14991443941993116
2111300,2018,4,-0.1388032818056527
2111300,2018,5,-0.13098844076176616
2111300,2018,6,-0.12518286154302122
2111300,2018,7,-0.11564511533247819
2111300,2018,8,-0.10629320906752207
2111300,2018,9,-0.09967151008162099
2111300,2018,10,-0.0923485358121001
2111300,2018,11,-0.08530165098752769
2111300,2018,12,-0.07788883002942154
2111300,2019,1,-0.06241466172378341
2111300,2019,2,-0.051920920284682946
2111300,2019,3,-0.04633923572623455
2111300,2019,4,-0.04007166193066127
2111300,2019,5,-0.03607377762990477
2111300,2019,6,-0.030814217504206487
2111300,2019,7,-0.02662829562971242
2111300,2019,8,-0.02400344584402596
2111300,2019,9,-0.020556156103696495
2111300,2019,10,-0.017821198049280756
2111300,2019,11,-0.013692520819417436
2111300,2019,12,-0.010737314289739437
2111300,2020,1,-5.847314460328878e-4
2111300,2020,2,0.00546097503206342
2111300,2020,3,0.0038025352911131636
2111300,2020,4,-0.022307438228564066
2111300,2020,5,-0.034325909771700115
2111300,2020,6,-0.03423937091614534
2111300,2020,7,-0.029737533713076025
2111300,2020,8,-0.01984312477568379
2111300,2020,9,-0.009080755354143178
2111300,2020,10,3.9378495321435917e-4
2111300,2020,11,0.011279568069286778
2111300,2020,12,0.019156709444942223
2111300,2021,1,0.02781639670584118
2111300,2021,2,0.03819697728753756
2111300,2021,3,0.04411808803306901
2111300,2021,4,0.046175347200668106
2111300,2021,5,0.05277033298299098
2111300,2021,6,0.062426590315747973
2111300,2021,7,0.06785021864292645
2111300,2021,8,0.07491373872321559
2111300,2021,9,0.07891146755728598
2111300,2021,10,0.08142822831427057
2111300,2021,11,0.08477852622804902
2111300,2021,12,0.0880942130020094
2111300,2022,1,0.07983828776467063
2111300,2022,2,0.07956457524501408
2111300,2022,3,0.08141943788408951
2111300,2022,4,0.08288127927289134
2111300,2022,5,0.08868707415984751
2111300,2022,6,0.09377362040288492
2111300,2022,7,0.09680276862532095
2111300,2022,8,0.10048375935706962
2111300,2022,9,0.10231660410566515
2111300,2022,10,0.10328059156238222
2111300,2022,11,0.10277832758369117
2111300,2022,12,0.10244179920265771
2111300,2023,1,0.1397102582432432
2111300,2023,2,0.1381234102850399
2111300,2023,3,0.14417412894251494
2111300,2023,4,0.17296479586905897
2111300,2023,5,0.18865963088586488
2111300,2023,6,0.191442152997731
2111300,2023,7,0.18747818116434728
2111300,2023,8,0.1789797012547483
2111300,2023,9,0.16872962928534382
2111300,2023,10,0.1581646963749034
2111300,2023,11,0.14810509683967854
2111300,2023,12,0.1408499713987679
2111300,2024,1,0.13147848609347593
2111300,2024,2,0.12375104792636471
2111300,2024,3,0.11933233680115038
2111300,2024,4,0.11827169937394631
2111300,2024,5,0.11351771380632243
2111300,2024,6,0.10916817744420845
2111300,2024,7,0.10688318967829323
2111300,2024,8,0.10326958046773213
2111300,2024,9,0.10094087430165871
2111300,2024,10,0.09959534080202127
2111300,2024,11,0.0969971672498807
2111300,2024,12,0.09466733170419882
2304400,2010,1,0.12526928257447056
2304400,2010,2,0.13055334438476518
2304400,2010,3,0.13837319055922717
2304400,2010,4,0.14672390622095166
2304400,2010,5,0.15261101636731295
2304400,2010,6,0.15585986611533423
2304400,2010,7,0.15920042560730174
2304400,2010,8,0.16662156540588485
2304400,2010,9,0.17642303013501276
2304400,2010,10,0.1793715203860939
2304400,2010,11,0.17564634442777224
2304400,2010,12,0.15211297001168123
2304400,2011,1,0.1275456821944926
2304400,2011,2,0.12850584235820964
2304400,2011,3,0.12217984220650437
2304400,2011,4,0.11800078310783456
2304400,2011,5,0.1161800879486036
2304400,2011,6,0.11016859023919243
2304400,2011,7,0.10772290690901087
2304400,2011,8,0.10374839361330902
2304400,2011,9,0.09514953239994324
2304400,2011,10,0.09307474459782605
2304400,2011,11,0.09346268137133291
2304400,2011,12,0.10763855244463538
2304400,2012,1,0.11350158266644535
2304400,2012,2,0.12109405699576452
2304400,2012,3,0.12324241876452664
2304400,2012,4,0.12537288596997706
2304400,2012,5,0.12534376025968968
2304400,2012,6,0.1248902820403934
2304400,2012,7,0.12284625005355776
2304400,2012,8,0.11535406468236695
2304400,2012,9,0.10644613310248098
2304400,2012,10,0.09860427200811323
2304400,2012,11,0.09097778856058154
2304400,2012,12,0.0924753440353995
2304400,2013,1,0.08182110737846542
2304400,2013,2,0.078739536394948
2304400,2013,3,0.07227127108256569
2304400,2013,4,0.06657099453865367
2304400,2013,5,0.060090633273318574
2304400,2013,6,0.056291549697548904
2304400,2013,7,0.05128148911671497
2304400,2013,8,0.04431652088577713
2304400,2013,9,0.038965685841729346
2304400,2013,10,0.03621206974588897
2304400,2013,11,0.03183514391568567
2304400,2013,12,0.0315657371154256
2304400,2014,1,0.01966941319440976
2304400,2014,2,0.01959463045168087
2304400,2014,3,0.020463327134888527
2304400,2014,4,0.015102554014299501
2304400,2014,5,0.009902861282514611
2304400,2014,6,0.006121689630770065
2304400,2014,7,0.0033771332051060502
2304400,2014,8,-4.364615838523975e-4
2304400,2014,9,-0.003936072824217393
2304400,2014,10,-0.005987031751559355
2304400,2014,11,-0.004194626311338213
2304400,2014,12,-0.00625597021241172
2304400,2015,1,-0.004375717871771992
2304400,2015,2,-0.006373973602002699
2304400,2015,3,-0.006288471305620981
2304400,2015,4,-0.01573664656850243
2304400,2015,5,-0.024559828618270125
2304400,2015,6,-0.033386390865919935
2304400,2015,7,-0.04268137432468575
2304400,2015,8,-0.051328266466652867
2304400,2015,9,-0.06250703959584092
2304400,2015,10,-0.07228977957150172
2304400,2015,11,-0.08122765102873446
2304400,2015,12,-0.08474264529453525
2304400,2016,1,-0.09259379519236849
2304400,2016,2,-0.09897049584711286
2304400,2016,3,-0.10480405274625172
2304400,2016,4,-0.11147296059034716
2304400,2016,5,-0.1146843178040539
2304400,2016,6,-0.11882402412389081
2304400,2016,7,-0.11904495158250944
2304400,2016,8,-0.119389386122856
2304400,2016,9,-0.12444943311470605
2304400,2016,10,-0.12744138166076155
2304400,2016,11,-0.12872440150268935
2304400,2016,12,-0.1256730307853994
2304400,2017,1,-0.1483453191509782
2304400,2017,2,-0.1519519616514693
2304400,2017,3,-0.15290768584799896
2304400,2017,4,-0.15061855543244837
2304400,2017,5,-0.14793403870693786
2304400,2017,6,-0.14545096274073538
2304400,2017,7,-0.14291016342408827
2304400,2017,8,-0.14091625352361684
2304400,2017,9,-0.1415766879228018
2304400,2017,10,-0.13597207325695465
2304400,2017,11,-0.13613999173925914
2304400,2017,12,-0.13087312154912625
2304400,2018,1,-0.13938388921516068
2304400,2018,2,-0.13722238195735686
2304400,2018,3,-0.1362971117252875
2304400,2018,4,-0.12883830970855842
2304400,2018,5,-0.12627416313510711
2304400,2018,6,-0.12512475652288882
2304400,2018,7,-0.12067759156158653
2304400,2018,8,-0.11530653920997236
2304400,2018,9,-0.10871393350468135
2304400,2018,10,-0.10083599957682178
2304400,2018,11,-0.09350180681440401
2304400,2018,12,-0.08525665857144273
2304400,2019,1,-0.0762487672918446
2304400,2019,2,-0.06850594788598512
2304400,2019,3,-0.06727264576309766
2304400,2019,4,-0.06282622769354244
2304400,2019,5,-0.06312011923193991
2304400,2019,6,-0.06335637745435962
2304400,2019,7,-0.06309723466476827
2304400,2019,8,-0.0629631708153208
2304400,2019,9,-0.06000639357547679
2304400,2019,10,-0.05952016926122525
2304400,2019,11,-0.05730903943961826
2304400,2019,12,-0.05565499293643474
2304400,2020,1,-0.0335402477338414
2304400,2020,2,-0.03070441231472418
2304400,2020,3,-0.04057902892299862
2304400,2020,4,-0.094274446596116
2304400,2020,5,-0.12001278597691098
2304400,2020,6,-0.12834975714142133
2304400,2020,7,-0.12770051107951755
2304400,2020,8,-0.12048912067856214
2304400,2020,9,-0.10545937060646424
2304400,2020,10,-0.09251770024838973
2304400,2020,11,-0.07646907959350813
2304400,2020,12,-0.06601470226641569
2304400,2021,1,-0.06131492798370208
2304400,2021,2,-0.045510530145187286
2304400,2021,3,-0.04061106071620565
2304400,2021,4,-0.043861703602773416
2304400,2021,5,-0.035588121968556194
2304400,2021,6,-0.021788215248265096
2304400,2021,7,-0.009704610387200777
2304400,2021,8,0.0028629132436085235
2304400,2021,9,0.011580757010262474
2304400,2021,10,0.01758477215128407
2304400,2021,11,0.023832212317671974
2304400,2021,12,0.027867073973588775
2304400,2022,1,0.022739903132328293
2304400,2022,2,0.023729038183616907
2304400,2022,3,0.025650998001370006
2304400,2022,4,0.025813800684998674
2304400,2022,5,0.03307821026336042
2304400,2022,6,0.04137815913944685
2304400,2022,7,0.047588283992270344
2304400,2022,8,0.05098096301678469
2304400,2022,9,0.05174794449578945
2304400,2022,10,0.05186119088593742
2304400,2022,11,0.05097572569989689
2304400,2022,12,0.049944466613195564
2304400,2023,1,0.08774649204312517
2304400,2023,2,0.08551325074314953
2304400,2023,3,0.09666620683905239
2304400,2023,4,0.1477571281041038
2304400,2023,5,0.17153543503216573
2304400,2023,6,0.1791951342408705
2304400,2023,7,0.17779560458912422
2304400,2023,8,0.17037614338985033
2304400,2023,9,0.15624989665449346
2304400,2023,10,0.14026158037841532
2304400,2023,11,0.12605128017022482
2304400,2023,12,0.11712931914894568
2304400,2024,1,0.1108101295111107
2304400,2024,2,0.09841501877213045
2304400,2024,3,0.0969056750694784
2304400,2024,4,0.10268927418875828
2304400,2024,5,0.0986043377696904
2304400,2024,6,0.09324585124652554
2304400,2024,7,0.08788366929745228
2304400,2024,8,0.08022756005285536
2304400,2024,9,0.07292086120895884
2304400,2024,10,0.06674466288106741
2304400,2024,11,0.06275954869318418
2304400,2024,12,0.06076735520678898
2611606,2010,1,0.12943997701866292
2611606,2010,2,0.13461694102527771
2611606,2010,3,0.1408212222068846
2611606,2010,4,0.14873885671437675
2611606,2010,5,0.15455270121214693
2611606,2010,6,0.15762388741827385
2611606,2010,7,0.16069263075080664
2611606,2010,8,0.16741486527440766
2611606,2010,9,0.18075678271189494
2611606,2010,10,0.18562063780340043
2611606,2010,11,0.18318847358380083
2611606,2010,12,0.16744884489661765
2611606,2011,1,0.1262746080519686
2611606,2011,2,0.1263659376910538
2611606,2011,3,0.12294175921545113
2611606,2011,4,0.11719956518857706
2611606,2011,5,0.11863190553900357
2611606,2011,6,0.1154468386519719
2611606,2011,7,0.11399971711947651
2611606,2011,8,0.11283144523384493
2611606,2011,9,0.104153140493718
2611606,2011,10,0.10362271610405126
2611606,2011,11,0.1051317821741993
2611606,2011,12,0.12522331166288822
2611606,2012,1,0.13360725490373257
2611606,2012,2,0.14140319265373508
2611606,2012,3,0.1453253344722011
2611606,2012,4,0.14933860081824668
2611606,2012,5,0.1519138530415998
2611606,2012,6,0.1527056877567827
2611606,2012,7,0.15268665038361345
2611606,2012,8,0.14669084526183834
2611606,2012,9,0.13711418156438662
2611606,2012,10,0.1302970079486902
2611606,2012,11,0.12310659650078348
2611606,2012,12,0.12461881265740375
2611606,2013,1,0.11105659094919794
2611606,2013,2,0.10714625855722956
2611606,2013,3,0.10040825029975096
2611606,2013,4,0.09497723402660023
2611606,2013,5,0.089728749902668
2611606,2013,6,0.08629885444403927
2611606,2013,7,0.08329020257648723
2611606,2013,8,0.07653125762575246
2611606,2013,9,0.07132134600487944
2611606,2013,10,0.07028360897832671
2611606,2013,11,0.0684731701608359
2611606,2013,12,0.0677721118751188
2611606,2014,1,0.057022957128327605
2611606,2014,2,0.056502953766223545
2611606,2014,3,0.055677828818349255
2611606,2014,4,0.04976740406231856
2611606,2014,5,0.0406133725836763
2611606,2014,6,0.03501215863877829
2611606,2014,7,0.03132981787373964
2611606,2014,8,0.027922329744499347
2611606,2014,9,0.022710012900841087
2611606,2014,10,0.02062426761670624
2611606,2014,11,0.02243554694917002
2611606,2014,12,0.018874583283459926
2611606,2015,1,0.02174836149074637
2611606,2015,2,0.020842482436236685
2611606,2015,3,0.021555688503600828
2611606,2015,4,0.011668817049485088
2611606,2015,5,0.0011015354825495102
2611606,2015,6,-0.008043781169024591
2611606,2015,7,-0.018356121292899232
2611606,2015,8,-0.025637497460175292
2611606,2015,9,-0.03533972236249874
2611606,2015,10,-0.04278125440027049
2611606,2015,11,-0.04894583649124538
2611606,2015,12,-0.05098487556811007
2611606,2016,1,-0.05607240343344334
2611606,2016,2,-0.06222803353569936
2611606,2016,3,-0.06655037022324742
2611606,2016,4,-0.07330383360998467
2611606,2016,5,-0.07778872513337036
2611606,2016,6,-0.08341976295591871
2611606,2016,7,-0.08696576638706272
2611606,2016,8,-0.08712145778495656
2611606,2016,9,-0.09494044400981178
2611606,2016,10,-0.10054105259872682
2611606,2016,11,-0.10341407670996079
2611606,2016,12,-0.10066810174817345
2611606,2017,1,-0.12552407769650337
2611606,2017,2,-0.1327865894999217
2611606,2017,3,-0.13341232469354386
2611606,2017,4,-0.1307818548682427
2611606,2017,5,-0.1275838196885604
2611606,2017,6,-0.12602781883707356
2611606,2017,7,-0.12321503413734657
2611606,2017,8,-0.12278015528719308
2611606,2017,9,-0.12457345977863644
2611606,2017,10,-0.11855614724488639
2611606,2017,11,-0.11733213717267804
2611606,2017,12,-0.11294599850358876
2611606,2018,1,-0.11920628436139902
2611606,2018,2,-0.1194859788135719
2611606,2018,3,-0.11752505167594313
2611606,2018,4,-0.1083590280320599
2611606,2018,5,-0.10280285643017294
2611606,2018,6,-0.09885265434641949
2611606,2018,7,-0.09104554375092443
2611606,2018,8,-0.08393406505282126
2611606,2018,9,-0.07817445026283676
2611606,2018,10,-0.0725737818776217
2611606,2018,11,-0.06787944195183374
2611606,2018,12,-0.059483106077345596
2611606,2019,1,-0.05624524829217478
2611606,2019,2,-0.049039352806715245
2611606,2019,3,-0.046712459613392834
2611606,2019,4,-0.04142340354846965
2611606,2019,5,-0.03973676727499511
2611606,2019,6,-0.03673078806140962
2611606,2019,7,-0.033658568432097385
2611606,2019,8,-0.03213461033274234
2611606,2019,9,-0.027533583675131895
2611606,2019,10,-0.025931819636020252
2611606,2019,11,-0.022764560785021284
2611606,2019,12,-0.01932196569169401
2611606,2020,1,0.003778214958644546
2611606,2020,2,0.0089579214336743
2611606,2020,3,0.005240729804739451
2611606,2020,4,-0.023407807049606495
2611606,2020,5,-0.037043064995867916
2611606,2020,6,-0.03630287524962771
2611606,2020,7,-0.03035365332719059
2611606,2020,8,-0.019426271595058022
2611606,2020,9,-0.008336148435771995
2611606,2020,10,-0.002568070161010295
2611606,2020,11,0.007593705866989093
2611606,2020,12,0.016489951199176917
2611606,2021,1,0.019770665558124633
2611606,2021,2,0.030940881123260124
2611606,2021,3,0.03587082067320885
2611606,2021,4,0.035163769685026734
2611606,2021,5,0.04112799689501081
2611606,2021,6,0.0502186805611012
2611606,2021,7,0.056447297355125
2611606,2021,8,0.06278091654822865
2611606,2021,9,0.06604382530480316
2611606,2021,10,0.0679606441529205
2611606,2021,11,0.07236127912928612
2611606,2021,12,0.07588916526574079
2611606,2022,1,0.07358446049169373
2611606,2022,2,0.07498270564062742
2611606,2022,3,0.07634956643343899
2611606,2022,4,0.07618326159297896
2611606,2022,5,0.08269970718728997
2611606,2022,6,0.08868602077542588
2611606,2022,7,0.09283210268270713
2611606,2022,8,0.09595194654553894
2611606,2022,9,0.09622082483244929
2611606,2022,10,0.0967115508685069
2611606,2022,11,0.09663224739088837
2611606,2022,12,0.0957103028617725
2611606,2023,1,0.12601183502997815
2611606,2023,2,0.12638924455915265
2611606,2023,3,0.13367171147345794
2611606,2023,4,0.16287548524155865
2611606,2023,5,0.1772416412024146
2611606,2023,6,0.17882606398089804
2611606,2023,7,0.17316699474776195
2611606,2023,8,0.1645423462955085
2611606,2023,9,0.15468209936345367
2611606,2023,10,0.1461448607822362
2611606,2023,11,0.1383041186194779
2611606,2023,12,0.1314891173618871
2611606,2024,1,0.12466359502317063
2611606,2024,2,0.11907788576306777
2611606,2024,3,0.11858245315330572
2611606,2024,4,0.12055443452730161
2611606,2024,5,0.11752048106908917
2611606,2024,6,0.1150754941335317
2611606,2024,7,0.11358086014309797
2611606,2024,8,0.11047226978932491
2611606,2024,9,0.1075005787477215
2611606,2024,10,0.10667839785145397
2611606,2024,11,0.10473569493949396
2611606,2024,12,0.10276935170911557
2800308,2010,1,0.11648264418495216
2800308,2010,2,0.12297413326630709
2800308,2010,3,0.131051593910769
2800308,2010,4,0.13923592155337663
2800308,2010,5,0.14536035568000594
2800308,2010,6,0.14865257533157308
2800308,2010,7,0.15137826213081337
2800308,2010,8,0.1565817193047236
2800308,2010,9,0.16503580328701348
2800308,2010,10,0.1689006576094431
2800308,2010,11,0.16647149638177428
2800308,2010,12,0.1498568558577069
2800308,2011,1,0.11398821199716852
2800308,2011,2,0.11465273270205201
2800308,2011,3,0.10978632292169561
2800308,2011,4,0.10561980676003636
2800308,2011,5,0.10480146629103976
2800308,2011,6,0.10019156992906765
2800308,2011,7,0.0977213794605724
2800308,2011,8,0.09487161071432651
2800308,2011,9,0.08734593424198972
2800308,2011,10,0.08710694977803034
2800308,2011,11,0.08989128818015764
2800308,2011,12,0.10415220178464721
2800308,2012,1,0.11379281421177377
2800308,2012,2,0.12315435948895685
2800308,2012,3,0.12854880745673222
2800308,2012,4,0.13303342376383964
2800308,2012,5,0.13444195393291045
2800308,2012,6,0.13432342899381305
2800308,2012,7,0.13338683725644412
2800308,2012,8,0.12588231232924166
2800308,2012,9,0.11882546784090503
2800308,2012,10,0.11114400775766553
2800308,2012,11,0.10248772049090468
2800308,2012,12,0.10176050724701313
2800308,2013,1,0.0932778543365712
2800308,2013,2,0.08921907583358918
2800308,2013,3,0.08276879391540753
2800308,2013,4,0.07739754626869744
2800308,2013,5,0.07104167373349377
2800308,2013,6,0.06675306226032643
2800308,2013,7,0.062277222920594046
2800308,2013,8,0.05638971551635461
2800308,2013,9,0.05228788332791935
2800308,2013,10,0.04959998768056852
2800308,2013,11,0.04650487840571147
2800308,2013,12,0.04421732923279772
2800308,2014,1,0.03369009202275945
2800308,2014,2,0.033832826141102904
2800308,2014,3,0.034072332342652265
2800308,2014,4,0.029523368989779603
2800308,2014,5,0.023706977256716603
2800308,2014,6,0.018658396903724034
2800308,2014,7,0.015306602522277273
2800308,2014,8,0.012653868921815192
2800308,2014,9,0.010085404946270448
2800308,2014,10,0.0072770145832532305
2800308,2014,11,0.008094298680752569
2800308,2014,12,0.004481843338435862
2800308,2015,1,0.0051995565433279
2800308,2015,2,0.003359818831615822
2800308,2015,3,0.0010466519023112702
2800308,2015,4,-0.008390031275055951
2800308,2015,5,-0.018160903429096167
2800308,2015,6,-0.02885335219823456
2800308,2015,7,-0.041810426998039885
2800308,2015,8,-0.05155235543056098
2800308,2015,9,-0.0635066617134533
2800308,2015,10,-0.07349656650727775
2800308,2015,11,-0.0812874816985943
2800308,2015,12,-0.08674230310740395
2800308,2016,1,-0.09709537637546584
2800308,2016,2,-0.1034853401629794
2800308,2016,3,-0.10992487566245876
2800308,2016,4,-0.11612917570637517
2800308,2016,5,-0.11966572469080672
2800308,2016,6,-0.12424107159240806
2800308,2016,7,-0.12560964884215162
2800308,2016,8,-0.12559817964399814
2800308,2016,9,-0.13135066018441527
2800308,2016,10,-0.13554071461316802
2800308,2016,11,-0.13920618326507112
2800308,2016,12,-0.13630038600839647
2800308,2017,1,-0.15944585684572044
2800308,2017,2,-0.16319638064033606
2800308,2017,3,-0.1645160517900145
2800308,2017,4,-0.16206159938478237
2800308,2017,5,-0.1593150657341668
2800308,2017,6,-0.15713548941751698
2800308,2017,7,-0.15409176296846108
2800308,2017,8,-0.15266256984347773
2800308,2017,9,-0.15298788508528116
2800308,2017,10,-0.14806976861513413
2800308,2017,11,-0.147136287117976
2800308,2017,12,-0.14185178549531333
2800308,2018,1,-0.1499937003541144
2800308,2018,2,-0.1474942781290523
2800308,2018,3,-0.14411094427025947
2800308,2018,4,-0.13645421863289167
2800308,2018,5,-0.13095549478387192
2800308,2018,6,-0.12553042368300543
2800308,2018,7,-0.115809754655317
2800308,2018,8,-0.10658429834711787
2800308,2018,9,-0.0982178720748006
2800308,2018,10,-0.08918724087482259
2800308,2018,11,-0.08200334819304839
2800308,2018,12,-0.07307205346807771
2800308,2019,1,-0.06761551235114827
2800308,2019,2,-0.05920797531898332
2800308,2019,3,-0.055930283867734666
2800308,2019,4,-0.05189194660189901
2800308,2019,5,-0.050750179595954584
2800308,2019,6,-0.04830723915647305
2800308,2019,7,-0.04675289428898977
2800308,2019,8,-0.04599930161367553
2800308,2019,9,-0.04227780224433461
2800308,2019,10,-0.040277828485937375
2800308,2019,11,-0.036422320682799166
2800308,2019,12,-0.03552007536032788
2800308,2020,1,-0.011756700545291883
2800308,2020,2,-0.008280008432342658
2800308,2020,3,-0.013512833791464894
2800308,2020,4,-0.05510641478730363
2800308,2020,5,-0.07313433749446514
2800308,2020,6,-0.07350714104396591
2800308,2020,7,-0.06525085202664965
2800308,2020,8,-0.05173724505208451
2800308,2020,9,-0.03736532800632528
2800308,2020,10,-0.026976671012622758
2800308,2020,11,-0.013708812503629403
2800308,2020,12,-0.005070216392213444
2800308,2021,1,0.0015255482935800392
2800308,2021,2,0.013523799743304935
2800308,2021,3,0.018967858542228936
2800308,2021,4,0.019042715824441798
2800308,2021,5,0.02556633711588905
2800308,2021,6,0.036171709511603096
2800308,2021,7,0.044715682817058545
2800308,2021,8,0.05359120156425361
2800308,2021,9,0.0592345479726519
2800308,2021,10,0.061507173263585374
2800308,2021,11,0.06587432814570485
2800308,2021,12,0.06789295691046023
2800308,2022,1,0.06639809638621205
2800308,2022,2,0.06525154422174109
2800308,2022,3,0.06519964190228301
2800308,2022,4,0.0644456513508615
2800308,2022,5,0.0698133395435417
2800308,2022,6,0.07527354707714709
2800308,2022,7,0.08096066124253853
2800308,2022,8,0.08367126220054175
2800308,2022,9,0.08392306533121915
2800308,2022,10,0.08334235450690279
2800308,2022,11,0.08198237944899119
2800308,2022,12,0.08047863086044123
2800308,2023,1,0.10429753260657437
2800308,2023,2,0.10320137443214138
2800308,2023,3,0.11095411644454126
2800308,2023,4,0.1513513546323133
2800308,2023,5,0.16897042470822693
2800308,2023,6,0.1705120418528791
2800308,2023,7,0.16287047984781206
2800308,2023,8,0.15017945200588825
2800308,2023,9,0.13749904821303263
2800308,2023,10,0.12577260044456284
2800308,2023,11,0.11425287134784211
2800308,2023,12,0.10641699459067457
2800308,2024,1,0.10109862415106498
2800308,2024,2,0.09347401331488601
2800308,2024,3,0.09204946733673088
2800308,2024,4,0.09450446047510497
2800308,2024,5,0.09199915807691665
2800308,2024,6,0.08882120914166951
2800308,2024,7,0.08611318758987226
2800308,2024,8,0.08194340196323474
2800308,2024,9,0.07857918982867958
2800308,2024,10,0.07783495557186916
2800308,2024,11,0.07585682737833455
2800308,2024,12,0.07455466812773642
2927408,2010,1,0.12838711320293983
2927408,2010,2,0.13458365074644585
2927408,2010,3,0.14211500720559142
2927408,2010,4,0.15072122371066066
2927408,2010,5,0.15671794240699505
2927408,2010,6,0.1594181936421165
2927408,2010,7,0.1624422508951635
2927408,2010,8,0.16895417450905054
2927408,2010,9,0.17946632958860195
2927408,2010,10,0.18404694202703545
2927408,2010,11,0.18191958542041947
2927408,2010,12,0.16478576882726909
2927408,2011,1,0.13065668626509208
2927408,2011,2,0.13088875027417435
2927408,2011,3,0.1262815075815875
2927408,2011,4,0.12185678149931893
2927408,2011,5,0.12250038022713793
2927408,2011,6,0.11837264397488162
2927408,2011,7,0.11600001406587163
2927408,2011,8,0.11347189544867547
2927408,2011,9,0.10541013586443344
2927408,2011,10,0.10491484820062665
2927408,2011,11,0.10728414032326336
2927408,2011,12,0.12443567230304306
2927408,2012,1,0.12891527665407856
2927408,2012,2,0.13746289947709228
2927408,2012,3,0.1415022516371214
2927408,2012,4,0.14543519106245686
2927408,2012,5,0.1472295377087268
2927408,2012,6,0.14748317845776615
2927408,2012,7,0.14704207464746558
2927408,2012,8,0.14062074739694744
2927408,2012,9,0.1316039100189596
2927408,2012,10,0.12455775478509684
2927408,2012,11,0.11679972547464362
2927408,2012,12,0.11742973585938841
2927408,2013,1,0.10681085450229781
2927408,2013,2,0.10247421782925095
2927408,2013,3,0.09586195180918944
2927408,2013,4,0.0899362827742918
2927408,2013,5,0.08397539103396924
2927408,2013,6,0.0807999948509263
2927408,2013,7,0.07659835431944699
2927408,2013,8,0.06955757289442188
2927408,2013,9,0.06484689402769503
2927408,2013,10,0.06229059603509147
2927408,2013,11,0.058953003716433444
2927408,2013,12,0.05778980126811528
2927408,2014,1,0.046116890689306
2927408,2014,2,0.04562523201630895
2927408,2014,3,0.04516090472691623
2927408,2014,4,0.03955138767157321
2927408,2014,5,0.03168516043149596
2927408,2014,6,0.026370752673733084
2927408,2014,7,0.02279396039635416
2927408,2014,8,0.019690360247065553
2927408,2014,9,0.01563824379934127
2927408,2014,10,0.013094539642748766
2927408,2014,11,0.014499916831121184
2927408,2014,12,0.010879196510642699
2927408,2015,1,0.013144255970213157
2927408,2015,2,0.011672976432670873
2927408,2015,3,0.010980201490382788
2927408,2015,4,7.090247475254241e-4
2927408,2015,5,-0.009307674484022494
2927408,2015,6,-0.018881924013255606
2927408,2015,7,-0.02976104701097055
2927408,2015,8,-0.03850142825200568
2927408,2015,9,-0.04907037726813383
2927408,2015,10,-0.058494767955328014
2927408,2015,11,-0.06606226412432106
2927408,2015,12,-0.06996886683863696
2927408,2016,1,-0.07893340748844441
2927408,2016,2,-0.08560518892909369
2927408,2016,3,-0.09183940250883237
2927408,2016,4,-0.09891696449955671
2927408,2016,5,-0.10334948619557284
2927408,2016,6,-0.10913559490115145
2927408,2016,7,-0.11178438081843724
2927408,2016,8,-0.11219568250475147
2927408,2016,9,-0.11865525512317214
2927408,2016,10,-0.12322907204731483
2927408,2016,11,-0.12591984055518737
2927408,2016,12,-0.12344109592131212
2927408,2017,1,-0.1475554094462207
2927408,2017,2,-0.15312769783308391
2927408,2017,3,-0.15425725239159255
2927408,2017,4,-0.1521704790332781
2927408,2017,5,-0.1495472620571374
2927408,2017,6,-0.14772861232808762
2927408,2017,7,-0.14482719165757385
2927408,2017,8,-0.14370348337341793
2927408,2017,9,-0.14461592481622057
2927408,2017,10,-0.13899809133568533
2927408,2017,11,-0.13838441832448076
2927408,2017,12,-0.13332849821904363
2927408,2018,1,-0.1370959010276296
2927408,2018,2,-0.13598619889991678
2927408,2018,3,-0.13366409680318284
2927408,2018,4,-0.12505432136515987
2927408,2018,5,-0.11999519748272156
2927408,2018,6,-0.11625551860766238
2927408,2018,7,-0.10857227949013258
2927408,2018,8,-0.10096264252639302
2927408,2018,9,-0.09385596158026772
2927408,2018,10,-0.08648823617149749
2927408,2018,11,-0.08024513333926203
2927408,2018,12,-0.07174613154780352
2927408,2019,1,-0.06435847988574335
2927408,2019,2,-0.05656473160826576
2927408,2019,3,-0.05359338293283128
2927408,2019,4,-0.04856158413373917
2927408,2019,5,-0.046886135323188506
2927408,2019,6,-0.044252743222410885
2927408,2019,7,-0.04178784614374111
2927408,2019,8,-0.04067345935565513
2927408,2019,9,-0.03681972208534034
2927408,2019,10,-0.03512731337056759
2927408,2019,11,-0.031981457243549095
2927408,2019,12,-0.02970014647619979
2927408,2020,1,-0.009512763970330384
2927408,2020,2,-0.004823651325473829
2927408,2020,3,-0.01009738767264118
2927408,2020,4,-0.0481037858604142
2927408,2020,5,-0.06556050119556048
2927408,2020,6,-0.06662755518577224
2927408,2020,7,-0.06058680106781629
2927408,2020,8,-0.04938137649733006
2927408,2020,9,-0.036780987228975714
2927408,2020,10,-0.02781818979491145
2927408,2020,11,-0.014994384946449295
2927408,2020,12,-0.005988059847143977
2927408,2021,1,-0.00325382633253299
2927408,2021,2,0.009833614858618054
2927408,2021,3,0.015380836384391656
2927408,2021,4,0.014661053883928691
2927408,2021,5,0.021432091809388425
2927408,2021,6,0.032230653257974515
2927408,2021,7,0.04052353026957697
2927408,2021,8,0.04898450295330737
2927408,2021,9,0.05410515999528102
2927408,2021,10,0.057443009192661404
2927408,2021,11,0.06244513961069019
2927408,2021,12,0.06538616996957837
2927408,2022,1,0.05949838172754082
2927408,2022,2,0.06021943725267304
2927408,2022,3,0.06188743757288378
2927408,2022,4,0.06194298949652556
2927408,2022,5,0.06813644838804675
2927408,2022,6,0.0745131490352513
2927408,2022,7,0.0790329521436951
2927408,2022,8,0.08214264681654612
2927408,2022,9,0.08285203167227115
2927408,2022,10,0.08311719934233068
2927408,2022,11,0.08233527704186004
2927408,2022,12,0.08114899448132654
2927408,2023,1,0.11903357671632649
2927408,2023,2,0.11798993062728462
2927408,2023,3,0.12642838157614325
2927408,2023,4,0.1646622346917622
2927408,2023,5,0.1827525538400039
2927408,2023,6,0.18552886834991458
2927408,2023,7,0.17983479608511937
2927408,2023,8,0.1698476922941735
2927408,2023,9,0.1584799967895931
2927408,2023,10,0.14726346250609623
2927408,2023,11,0.13644405263514245
2927408,2023,12,0.12894215212996324
2927408,2024,1,0.12343589232145041
2927408,2024,2,0.11543901648548227
2927408,2024,3,0.1140056411140588
2927408,2024,4,0.11689776794738796
2927408,2024,5,0.11354892937772336
2927408,2024,6,0.11038867687840041
2927408,2024,7,0.10752940216785953
2927408,2024,8,0.1030142834180934
2927408,2024,9,0.09918453646446196
2927408,2024,10,0.09706236854149229
2927408,2024,11,0.09430665685113877
2927408,2024,12,0.09225430342346946
3106200,2010,1,0.12163079182849679
3106200,2010,2,0.1293521048371351
3106200,2010,3,0.13818375673062996
3106200,2010,4,0.14697501046076777
3106200,2010,5,0.1540331725724424
3106200,2010,6,0.15825960274973053
3106200,2010,7,0.16279339576637064
3106200,2010,8,0.17044098659985513
3106200,2010,9,0.1796937257209507
3106200,2010,10,0.18464528511664702
3106200,2010,11,0.18317353130265399
3106200,2010,12,0.1680339229023714
3106200,2011,1,0.1212159835835747
3106200,2011,2,0.1215894443080292
3106200,2011,3,0.11680616616140609
3106200,2011,4,0.11333181467122558
3106200,2011,5,0.11316621825164216
3106200,2011,6,0.10821096287706768
3106200,2011,7,0.10500107522119502
3106200,2011,8,0.10139129138556817
3106200,2011,9,0.09403922817863042
3106200,2011,10,0.0943778594896583
3106200,2011,11,0.10042417376531236
3106200,2011,12,0.11577114772992675
3106200,2012,1,0.12866015872956715
3106200,2012,2,0.14025320838000804
3106200,2012,3,0.14911053459696177
3106200,2012,4,0.15622837016951335
3106200,2012,5,0.15898969458939224
3106200,2012,6,0.16048948570973456
3106200,2012,7,0.16058194310926313
3106200,2012,8,0.1524875152003091
3106200,2012,9,0.14342030703810071
3106200,2012,10,0.1349610506089186
3106200,2012,11,0.12656163132358644
3106200,2012,12,0.12347765812071172
3106200,2013,1,0.110935015290471
3106200,2013,2,0.1055315652825358
3106200,2013,3,0.09756217215442095
3106200,2013,4,0.09115727156636051
3106200,2013,5,0.08435438227373
3106200,2013,6,0.07940893910655956
3106200,2013,7,0.0744500428094521
3106200,2013,8,0.06680836547182392
3106200,2013,9,0.06140343681797415
3106200,2013,10,0.05782729983236794
3106200,2013,11,0.05423186854242651
3106200,2013,12,0.051829693983947
3106200,2014,1,0.04197422191682968
3106200,2014,2,0.040307442124896294
3106200,2014,3,0.03854113148048053
3106200,2014,4,0.032712252166694454
3106200,2014,5,0.02355134791445448
3106200,2014,6,0.01725526774795301
3106200,2014,7,0.012014056874749638
3106200,2014,8,0.007164535122857712
3106200,2014,9,0.0027748637924484855
3106200,2014,10,-6.084774348391733e-4
3106200,2014,11,-4.248564522826353e-4
3106200,2014,12,-0.003958184822903545
3106200,2015,1,-0.006249672768873005
3106200,2015,2,-0.008332566699678648
3106200,2015,3,-0.011390794539743957
3106200,2015,4,-0.021873877500042844
3106200,2015,5,-0.031434272657049955
3106200,2015,6,-0.04155063809039615
3106200,2015,7,-0.05310398313391122
3106200,2015,8,-0.06208365139298243
3106200,2015,9,-0.07233752413770127
3106200,2015,10,-0.08148303475266151
3106200,2015,11,-0.08917701788568712
3106200,2015,12,-0.09390894464990819
3106200,2016,1,-0.10322358258176607
3106200,2016,2,-0.1103767953467872
3106200,2016,3,-0.11730992060720401
3106200,2016,4,-0.1246362987250392
3106200,2016,5,-0.12976322479406258
3106200,2016,6,-0.13514540143413925
3106200,2016,7,-0.13770582706969553
3106200,2016,8,-0.13841650529701333
3106200,2016,9,-0.143485396059433
3106200,2016,10,-0.1472202622453568
3106200,2016,11,-0.14943232455922348
3106200,2016,12,-0.14805161797488656
3106200,2017,1,-0.17058795788595477
3106200,2017,2,-0.17417507682529212
3106200,2017,3,-0.1752405572297124
3106200,2017,4,-0.1738410120947358
3106200,2017,5,-0.17070363914795367
3106200,2017,6,-0.16830197878599462
3106200,2017,7,-0.1641200868563662
3106200,2017,8,-0.16050401246872723
3106200,2017,9,-0.15933809712147465
3106200,2017,10,-0.15411156941132095
3106200,2017,11,-0.15201815140067895
3106200,2017,12,-0.146251655059053
3106200,2018,1,-0.14985697038053392
3106200,2018,2,-0.1463731222341472
3106200,2018,3,-0.1418178254178226
3106200,2018,4,-0.13200506002449008
3106200,2018,5,-0.12494766348640204
3106200,2018,6,-0.11978511460229356
3106200,2018,7,-0.11065560874436779
3106200,2018,8,-0.10195343263464014
3106200,2018,9,-0.09426016869800585
3106200,2018,10,-0.0854251542581637
3106200,2018,11,-0.07785989772348303
3106200,2018,12,-0.06920382364828467
3106200,2019,1,-0.05873368159048883
3106200,2019,2,-0.0496852733121747
3106200,2019,3,-0.045241948219590565
3106200,2019,4,-0.040142724933927475
3106200,2019,5,-0.038028892880066195
3106200,2019,6,-0.03541152906319279
3106200,2019,7,-0.03314687391135703
3106200,2019,8,-0.03193443217316148
3106200,2019,9,-0.02881348451980166
3106200,2019,10,-0.027181191987060378
3106200,2019,11,-0.023833832623875048
3106200,2019,12,-0.021499463460030805
3106200,2020,1,-0.004429150065159808
3106200,2020,2,1.379878256637885e-4
3106200,2020,3,-0.005112794286294191
3106200,2020,4,-0.041380993121752814
3106200,2020,5,-0.05865959393013509
3106200,2020,6,-0.060670421977975286
3106200,2020,7,-0.056271228698984606
3106200,2020,8,-0.04570590635641656
3106200,2020,9,-0.03274287537171949
3106200,2020,10,-0.022593870592170977
3106200,2020,11,-0.010290235279327216
3106200,2020,12,-0.0016791937760124932
3106200,2021,1,0.0038071966802803742
3106200,2021,2,0.015881281926472646
3106200,2021,3,0.02084513908363697
3106200,2021,4,0.02085220253402516
3106200,2021,5,0.027211139595471775
3106200,2021,6,0.037714103579023474
3106200,2021,7,0.04525676884257969
3106200,2021,8,0.054149238638844716
3106200,2021,9,0.05974412814596842
3106200,2021,10,0.06266195547499147
3106200,2021,11,0.06709990439686976
3106200,2021,12,0.0702746130159477
3106200,2022,1,0.06330067638007927
3106200,2022,2,0.06396493592826309
3106200,2022,3,0.06582451317859826
3106200,2022,4,0.0665222655662756
3106200,2022,5,0.07282239542075122
3106200,2022,6,0.07955739731463095
3106200,2022,7,0.0847518592452355
3106200,2022,8,0.0887479272812854
3106200,2022,9,0.0905955089773476
3106200,2022,10,0.09144092217303298
3106200,2022,11,0.09068470240146011
3106200,2022,12,0.09009682557768021
3106200,2023,1,0.12204471771424892
3106200,2023,2,0.11979916616645267
3106200,2023,3,0.12770786886639696
3106200,2023,4,0.16478711747995214
3106200,2023,5,0.18369813861643555
3106200,2023,6,0.18733469119072474
3106200,2023,7,0.18269636458760158
3106200,2023,8,0.1724937642552285
3106200,2023,9,0.1596955169511712
3106200,2023,10,0.14759294825964073
3106200,2023,11,0.13561536214929865
3106200,2023,12,0.12763867062054182
3106200,2024,1,0.12098661893243381
3106200,2024,2,0.11178796552191111
3106200,2024,3,0.10948714958341457
3106200,2024,4,0.1115285289032684
3106200,2024,5,0.10771381951440172
3106200,2024,6,0.10392734706711401
3106200,2024,7,0.10099962530967826
3106200,2024,8,0.0966697051304203
3106200,2024,9,0.09310090114463249
3106200,2024,10,0.09139056311090155
3106200,2024,11,0.0886135437692364
3106200,2024,12,0.08680394586239425
3205309,2010,1,0.15552870436451396
3205309,2010,2,0.16370166621169827
3205309,2010,3,0.17094174290389738
3205309,2010,4,0.17802724271857068
3205309,2010,5,0.18524376616572424
3205309,2010,6,0.18445755562606286
3205309,2010,7,0.18849107840662643
3205309,2010,8,0.1956688267402442
3205309,2010,9,0.2073193805179078
3205309,2010,10,0.2128172367838121
3205309,2010,11,0.21236268031587996
3205309,2010,12,0.20013780857521044
3205309,2011,1,0.16918578324954522
3205309,2011,2,0.1702880391509335
3205309,2011,3,0.16410024486580954
3205309,2011,4,0.15885274532762916
3205309,2011,5,0.1610369505130733
3205309,2011,6,0.15583112623237988
3205309,2011,7,0.15028189018221408
3205309,2011,8,0.14859923257758628
3205309,2011,9,0.14112589923080848
3205309,2011,10,0.14225511484506784
3205309,2011,11,0.14785794018977239
3205309,2011,12,0.1655619557498537
3205309,2012,1,0.17067396322377004
3205309,2012,2,0.18000691233122787
3205309,2012,3,0.18758510260890557
3205309,2012,4,0.19303520794534829
3205309,2012,5,0.1949792210826332
3205309,2012,6,0.19521218380178323
3205309,2012,7,0.1938317771543612
3205309,2012,8,0.18628949919724103
3205309,2012,9,0.17560698156593674
3205309,2012,10,0.17075369588661296
3205309,2012,11,0.1613263604005926
3205309,2012,12,0.1588900053584124
3205309,2013,1,0.15580475905764937
3205309,2013,2,0.14895924851714165
3205309,2013,3,0.14041968236834526
3205309,2013,4,0.13355151378217023
3205309,2013,5,0.12656858271067403
3205309,2013,6,0.12756760675010606
3205309,2013,7,0.1228545459048139
3205309,2013,8,0.1163854989308605
3205309,2013,9,0.10987270983298171
3205309,2013,10,0.10570961373598602
3205309,2013,11,0.10185985988725195
3205309,2013,12,0.09903772024622079
3205309,2014,1,0.08097174611339936
3205309,2014,2,0.08018152183194815
3205309,2014,3,0.07959756099660811
3205309,2014,4,0.07552869160616833
3205309,2014,5,0.06614749361188363
3205309,2014,6,0.06171153960097334
3205309,2014,7,0.060718335312786
3205309,2014,8,0.058287262928303184
3205309,2014,9,0.056377830736506845
3205309,2014,10,0.05405646881122972
3205309,2014,11,0.055894481465853546
3205309,2014,12,0.05122246105770314
3205309,2015,1,0.04485519441717479
3205309,2015,2,0.042421828291916264
3205309,2015,3,0.03809159034110014
3205309,2015,4,0.025960109566614133
3205309,2015,5,0.016237841346811173
3205309,2015,6,0.0068232616075949845
3205309,2015,7,-0.00353904930322193
3205309,2015,8,-0.01093663486544273
3205309,2015,9,-0.02020238277822461
3205309,2015,10,-0.028506482988219707
3205309,2015,11,-0.03547663483331687
3205309,2015,12,-0.03817720736901292
3205309,2016,1,-0.060032964149429574
3205309,2016,2,-0.06755351015864633
3205309,2016,3,-0.07376025725209336
3205309,2016,4,-0.08056168588232279
3205309,2016,5,-0.08569515955121508
3205309,2016,6,-0.09323486998664728
3205309,2016,7,-0.09657410204281157
3205309,2016,8,-0.09808709538320182
3205309,2016,9,-0.10416458015307908
3205309,2016,10,-0.10665762727563988
3205309,2016,11,-0.10866404490501252
3205309,2016,12,-0.10607025440732779
3205309,2017,1,-0.13412657156084362
3205309,2017,2,-0.14138881440845313
3205309,2017,3,-0.1448490499160498
3205309,2017,4,-0.14180102407733278
3205309,2017,5,-0.14148834255195888
3205309,2017,6,-0.13912222320712292
3205309,2017,7,-0.13779725382354338
3205309,2017,8,-0.13627551081657507
3205309,2017,9,-0.13928289097558863
3205309,2017,10,-0.13393993491019257
3205309,2017,11,-0.13489839209694085
3205309,2017,12,-0.12824521292088578
3205309,2018,1,-0.12420751778803449
3205309,2018,2,-0.12303040740746925
3205309,2018,3,-0.11723547058433982
3205309,2018,4,-0.10553393657373501
3205309,2018,5,-0.09877247989234338
3205309,2018,6,-0.0956804262617056
3205309,2018,7,-0.08701591673818516
3205309,2018,8,-0.07727046939805975
3205309,2018,9,-0.07156460424196674
3205309,2018,10,-0.06399346199605337
3205309,2018,11,-0.057364363191988565
3205309,2018,12,-0.04857377391492446
3205309,2019,1,-0.03724920764745451
3205309,2019,2,-0.02896703369510713
3205309,2019,3,-0.024269075904900177
3205309,2019,4,-0.01865908825282772
3205309,2019,5,-0.014801875475619423
3205309,2019,6,-0.009537157173499658
3205309,2019,7,-0.0037648915092480654
3205309,2019,8,-0.0017742577883833642
3205309,2019,9,0.002929981205796524
3205309,2019,10,0.00427397766143074
3205309,2019,11,0.0073280101926539365
3205309,2019,12,0.008368361564081718
3205309,2020,1,0.022597650182362015
3205309,2020,2,0.027667910750328074
3205309,2020,3,0.022724607806505356
3205309,2020,4,-0.014112403680128886
3205309,2020,5,-0.029685916185050874
3205309,2020,6,-0.031432094491458985
3205309,2020,7,-0.02526667536974003
3205309,2020,8,-0.014632753750987035
3205309,2020,9,-0.0012003091188819107
3205309,2020,10,0.008633170647656908
3205309,2020,11,0.025054122436421744
3205309,2020,12,0.032518620394998886
3205309,2021,1,0.026262617134174167
3205309,2021,2,0.04256439959244619
3205309,2021,3,0.04839983233591198
3205309,2021,4,0.049229983604642584
3205309,2021,5,0.05588215792020958
3205309,2021,6,0.06736622685476379
3205309,2021,7,0.07454678202296663
3205309,2021,8,0.08186217432751323
3205309,2021,9,0.08752386354632213
3205309,2021,10,0.09080170077213338
3205309,2021,11,0.097404240714824
3205309,2021,12,0.09985959880364513
3205309,2022,1,0.08458466171336008
3205309,2022,2,0.08554501459445975
3205309,2022,3,0.0892855425130519
3205309,2022,4,0.09096733841685996
3205309,2022,5,0.09742101434919376
3205309,2022,6,0.10344827890137488
3205309,2022,7,0.1062097408534217
3205309,2022,8,0.1109229953180467
3205309,2022,9,0.11270516819036631
3205309,2022,10,0.11371266569101565
3205309,2022,11,0.11466351678097972
3205309,2022,12,0.11475816404730166
3205309,2023,1,0.15468672609636877
3205309,2023,2,0.15472651345463045
3205309,2023,3,0.16571225419596988
3205309,2023,4,0.20480021088086264
3205309,2023,5,0.22531058622516334
3205309,2023,6,0.22960725675803806
3205309,2023,7,0.2243296921078229
3205309,2023,8,0.21423924573682937
3205309,2023,9,0.20373164742872932
3205309,2023,10,0.1927248469312673
3205309,2023,11,0.17898504632991077
3205309,2023,12,0.17148542257477825
3205309,2024,1,0.17097888508076747
3205309,2024,2,0.16103626051125292
3205309,2024,3,0.15797401192388874
3205309,2024,4,0.15963638233806815
3205309,2024,5,0.15618045937725697
3205309,2024,6,0.15426641837116972
3205309,2024,7,0.15206867301259153
3205309,2024,8,0.14730876306946483
3205309,2024,9,0.14394678997481147
3205309,2024,10,0.1433671050515008
3205309,2024,11,0.13836873249279072
3205309,2024,12,0.13618475455562706
3304557,2010,1,0.13470124900414387
3304557,2010,2,0.1436790108042111
3304557,2010,3,0.1541352307221019
3304557,2010,4,0.1626672152940177
3304557,2010,5,0.16901930892982436
3304557,2010,6,0.17156805578465728
3304557,2010,7,0.17406552770425998
3304557,2010,8,0.17882752385012718
3304557,2010,9,0.18689087952199393
3304557,2010,10,0.1911817806005951
3304557,2010,11,0.19004638333366788
3304557,2010,12,0.17501409557693007
3304557,2011,1,0.1323754455040648
3304557,2011,2,0.13048277777648476
3304557,2011,3,0.12651126277851704
3304557,2011,4,0.12301700654415523
3304557,2011,5,0.12309935314569984
3304557,2011,6,0.11842612834632897
3304557,2011,7,0.11507519903595038
3304557,2011,8,0.11282645840954358
3304557,2011,9,0.10614270691527468
3304557,2011,10,0.10682925033251298
3304557,2011,11,0.1107209460094347
3304557,2011,12,0.12469454544664725
3304557,2012,1,0.1283441910884581
3304557,2012,2,0.13809720327764682
3304557,2012,3,0.14447739208452265
3304557,2012,4,0.1494172751205573
3304557,2012,5,0.15211767675018836
3304557,2012,6,0.15282128380215781
3304557,2012,7,0.15337165698311664
3304557,2012,8,0.14840579794973635
3304557,2012,9,0.13948753774317554
3304557,2012,10,0.13361672885787101
3304557,2012,11,0.12592087259451085
3304557,2012,12,0.12347890474785786
3304557,2013,1,0.11780365997248676
3304557,2013,2,0.11344442890706155
3304557,2013,3,0.10699761427566772
3304557,2013,4,0.1011224752418992
3304557,2013,5,0.09497850048535664
3304557,2013,6,0.09203426655832736
3304557,2013,7,0.08828422231632817
3304557,2013,8,0.08111287639381255
3304557,2013,9,0.07687808131960999
3304557,2013,10,0.07402899229058423
3304557,2013,11,0.06947723947266939
3304557,2013,12,0.0675727934898593
3304557,2014,1,0.05561446186986102
3304557,2014,2,0.05555345879327789
3304557,2014,3,0.05345794972002594
3304557,2014,4,0.04849066646491234
3304557,2014,5,0.040571901974974955
3304557,2014,6,0.035556467789377946
3304557,2014,7,0.03203558147386321
3304557,2014,8,0.029382200493758833
3304557,2014,9,0.025205888172880886
3304557,2014,10,0.021274151663572168
3304557,2014,11,0.020579451353723736
3304557,2014,12,0.01724135251503001
3304557,2015,1,0.01864700042770026
3304557,2015,2,0.017204465817296316
3304557,2015,3,0.015296906208624849
3304557,2015,4,0.00492883784910101
3304557,2015,5,-0.004404029014289799
3304557,2015,6,-0.013668158130468767
3304557,2015,7,-0.02398606115453352
3304557,2015,8,-0.03304498166210108
3304557,2015,9,-0.041490236105157986
3304557,2015,10,-0.05126526516257683
3304557,2015,11,-0.05913717420430378
3304557,2015,12,-0.06338344670060443
3304557,2016,1,-0.07815282543332497
3304557,2016,2,-0.08529670875445872
3304557,2016,3,-0.09282250908194717
3304557,2016,4,-0.10076059328807706
3304557,2016,5,-0.10535573194737641
3304557,2016,6,-0.11133060413910371
3304557,2016,7,-0.11462519770490133
3304557,2016,8,-0.11501061468868652
3304557,2016,9,-0.12095280531094703
3304557,2016,10,-0.12521557572614717
3304557,2016,11,-0.12673840194085276
3304557,2016,12,-0.1259884164734105
3304557,2017,1,-0.1441269294203064
3304557,2017,2,-0.1489976164432676
3304557,2017,3,-0.15133053365061266
3304557,2017,4,-0.14979398357316032
3304557,2017,5,-0.14797050162151693
3304557,2017,6,-0.1465409476286383
3304557,2017,7,-0.14415281453143805
3304557,2017,8,-0.1427527360461564
3304557,2017,9,-0.14413825119713503
3304557,2017,10,-0.13931807840778113
3304557,2017,11,-0.13737323032113335
3304557,2017,12,-0.13213047623907812
3304557,2018,1,-0.14130902249541588
3304557,2018,2,-0.138149079835748
3304557,2018,3,-0.13512661820801078
3304557,2018,4,-0.12569118390367692
3304557,2018,5,-0.11957290647820586
3304557,2018,6,-0.11520653006149059
3304557,2018,7,-0.10718687182537748
3304557,2018,8,-0.1006260251667428
3304557,2018,9,-0.09789559620461719
3304557,2018,10,-0.09025455986883744
3304557,2018,11,-0.08304564069028389
3304557,2018,12,-0.07533288967033568
3304557,2019,1,-0.06620021384598399
3304557,2019,2,-0.056000396541048186
3304557,2019,3,-0.05129693934944715
3304557,2019,4,-0.04476785324704273
3304557,2019,5,-0.04240125077071556
3304557,2019,6,-0.03915527007035522
3304557,2019,7,-0.03621991723261654
3304557,2019,8,-0.036075826057938756
3304557,2019,9,-0.035084803062884515
3304557,2019,10,-0.03268926726906856
3304557,2019,11,-0.029186684833835613
3304557,2019,12,-0.026706571988000267
3304557,2020,1,-0.012912593659002006
3304557,2020,2,-0.00698902801093605
3304557,2020,3,-0.011649667470245373
3304557,2020,4,-0.045468091366404804
3304557,2020,5,-0.059906457994318416
3304557,2020,6,-0.060631615217505784
3304557,2020,7,-0.05516633647206011
3304557,2020,8,-0.04492353303432206
3304557,2020,9,-0.03355511214850426
3304557,2020,10,-0.025018023917381452
3304557,2020,11,-0.012378997144172165
3304557,2020,12,-0.005046947407285214
3304557,2021,1,0.00712179313562132
3304557,2021,2,0.020044764485651824
3304557,2021,3,0.024997272532194147
3304557,2021,4,0.024663439066509547
3304557,2021,5,0.030895033469330813
3304557,2021,6,0.04077929127311258
3304557,2021,7,0.04711864681769581
3304557,2021,8,0.05505624481250223
3304557,2021,9,0.06258173516668585
3304557,2021,10,0.06597370006570745
3304557,2021,11,0.07081953098870071
3304557,2021,12,0.07443493230369916
3304557,2022,1,0.06701834415203636
3304557,2022,2,0.06676155816428656
3304557,2022,3,0.06854211715693084
3304557,2022,4,0.06906499118636086
3304557,2022,5,0.07488362093093782
3304557,2022,6,0.08107459481021753
3304557,2022,7,0.0860764898035205
3304557,2022,8,0.09213550360583221
3304557,2022,9,0.09552931962287865
3304557,2022,10,0.09581680526007506
3304557,2022,11,0.09616618350581933
3304557,2022,12,0.09644370978251417
3304557,2023,1,0.13141818189646343
3304557,2023,2,0.13091657975142684
3304557,2023,3,0.13901685536926658
3304557,2023,4,0.17365669187303745
3304557,2023,5,0.18999935480786673
3304557,2023,6,0.1924941046979681
3304557,2023,7,0.18750158932370586
3304557,2023,8,0.17804039612312655
3304557,2023,9,0.16921899903749235
3304557,2023,10,0.15938770926751372
3304557,2023,11,0.1488003616255438
3304557,2023,12,0.1432009861979539
3304557,2024,1,0.13543638998318558
3304557,2024,2,0.12676180864087863
3304557,2024,3,0.12345062129980314
3304557,2024,4,0.12484022327429212
3304557,2024,5,0.12031411062495012
3304557,2024,6,0.11631747861207867
3304557,2024,7,0.11508090910200895
3304557,2024,8,0.11277321161650679
3304557,2024,9,0.10922947018326204
3304557,2024,10,0.10761971211278855
3304557,2024,11,0.10505034391381837
3304557,2024,12,0.10361850235380696
3550308,2010,1,0.1377754079741654
3550308,2010,2,0.14597205547006104
3550308,2010,3,0.15602619012355184
3550308,2010,4,0.16466642197478493
3550308,2010,5,0.17149578381427102
3550308,2010,6,0.17536710773446137
3550308,2010,7,0.1792051437158875
3550308,2010,8,0.18549679838497177
3550308,2010,9,0.19285677635735735
3550308,2010,10,0.1975984766298013
3550308,2010,11,0.19710005866500488
3550308,2010,12,0.1823847302150137
3550308,2011,1,0.13564713976151913
3550308,2011,2,0.13486006585926008
3550308,2011,3,0.13026044621331034
3550308,2011,4,0.1276118750854929
3550308,2011,5,0.12716115347659102
3550308,2011,6,0.12225741588590944
3550308,2011,7,0.11885008287090697
3550308,2011,8,0.11562729086778988
3550308,2011,9,0.10901610954558352
3550308,2011,10,0.10947851994963514
3550308,2011,11,0.11551787109911388
3550308,2011,12,0.12947626162067694
3550308,2012,1,0.13565665538280833
3550308,2012,2,0.14675072666538702
3550308,2012,3,0.15505846044471752
3550308,2012,4,0.16129525612421045
3550308,2012,5,0.16320109751620915
3550308,2012,6,0.1634512290781899
3550308,2012,7,0.16371841780152663
3550308,2012,8,0.15713262585314494
3550308,2012,9,0.14981488123519762
3550308,2012,10,0.14220739533490326
3550308,2012,11,0.13395515554497267
3550308,2012,12,0.13057349041321273
3550308,2013,1,0.11712278379054862
3550308,2013,2,0.11236435017617902
3550308,2013,3,0.10543939908358631
3550308,2013,4,0.10000313481991574
3550308,2013,5,0.09357009269410965
3550308,2013,6,0.0889216752472
3550308,2013,7,0.08414153312899914
3550308,2013,8,0.07694072352507933
3550308,2013,9,0.0726198571780805
3550308,2013,10,0.06902168137028745
3550308,2013,11,0.06428157519718158
3550308,2013,12,0.06157523803462943
3550308,2014,1,0.05194934165985211
3550308,2014,2,0.05154641309930301
3550308,2014,3,0.05004266865010633
3550308,2014,4,0.04452988185219645
3550308,2014,5,0.03578991353908736
3550308,2014,6,0.029427733913946052
3550308,2014,7,0.024033566859886335
3550308,2014,8,0.019034208333473794
3550308,2014,9,0.015099627039190797
3550308,2014,10,0.01164847409599068
3550308,2014,11,0.010755120048253122
3550308,2014,12,0.007140632655714878
3550308,2015,1,0.008772206830645654
3550308,2015,2,0.007359279797589446
3550308,2015,3,0.0036214766990723666
3550308,2015,4,-0.007177703835908477
3550308,2015,5,-0.016770677206533482
3550308,2015,6,-0.02733154609516326
3550308,2015,7,-0.040308952028312285
3550308,2015,8,-0.05128784783910643
3550308,2015,9,-0.06259473449910395
3550308,2015,10,-0.07377923987943702
3550308,2015,11,-0.08279582143764358
3550308,2015,12,-0.08969281395467169
3550308,2016,1,-0.09710568995765943
3550308,2016,2,-0.10435673644820334
3550308,2016,3,-0.11321170763346552
3550308,2016,4,-0.12143873424365356
3550308,2016,5,-0.12659027471379858
3550308,2016,6,-0.1318027324847527
3550308,2016,7,-0.13460434849230504
3550308,2016,8,-0.13503754955896577
3550308,2016,9,-0.1403246172197575
3550308,2016,10,-0.14449661854150334
3550308,2016,11,-0.14698750268109662
3550308,2016,12,-0.14614535859725475
3550308,2017,1,-0.16731190061128046
3550308,2017,2,-0.1706334215772348
3550308,2017,3,-0.1723865290629772
3550308,2017,4,-0.17113910129218815
3550308,2017,5,-0.16784827923649878
3550308,2017,6,-0.1657404520610625
3550308,2017,7,-0.16193730968555203
3550308,2017,8,-0.1585586312895382
3550308,2017,9,-0.1575121545231763
3550308,2017,10,-0.15226205973497534
3550308,2017,11,-0.1496969137055339
3550308,2017,12,-0.14417511299620947
3550308,2018,1,-0.15054829228238956
3550308,2018,2,-0.1469139422633936
3550308,2018,3,-0.1425570797745874
3550308,2018,4,-0.13277870795887306
3550308,2018,5,-0.12550384288323596
3550308,2018,6,-0.1194632852986356
3550308,2018,7,-0.10961563944864011
3550308,2018,8,-0.10025040129649541
3550308,2018,9,-0.09277926311594188
3550308,2018,10,-0.08309720475860718
3550308,2018,11,-0.0750466760289177
3550308,2018,12,-0.06586496545140638
3550308,2019,1,-0.057785420019116615
3550308,2019,2,-0.048005620043810954
3550308,2019,3,-0.04299856480697307
3550308,2019,4,-0.03743587535948537
3550308,2019,5,-0.03495554464984934
3550308,2019,6,-0.032313279698752466
3550308,2019,7,-0.030081183839344633
3550308,2019,8,-0.02959531833959378
3550308,2019,9,-0.027314782931323413
3550308,2019,10,-0.02530431844886596
3550308,2019,11,-0.021240952875010193
3550308,2019,12,-0.01919040876003559
3550308,2020,1,0.001031574011683665
3550308,2020,2,0.005431920573104245
3550308,2020,3,0.0010404152773525368
3550308,2020,4,-0.034678970810672005
3550308,2020,5,-0.051143508302924065
3550308,2020,6,-0.05232116531035185
3550308,2020,7,-0.04674325761942387
3550308,2020,8,-0.0350793151824544
3550308,2020,9,-0.022620175034952707
3550308,2020,10,-0.012960986292831319
3550308,2020,11,-8.576216336780914e-4
3550308,2020,12,0.006690656670683987
3550308,2021,1,0.014248908689451526
3550308,2021,2,0.02684369533854825
3550308,2021,3,0.032451546073763306
3550308,2021,4,0.033200003545100165
3550308,2021,5,0.03924919877522646
3550308,2021,6,0.04918506251923345
3550308,2021,7,0.05631580660301117
3550308,2021,8,0.06411781008357499
3550308,2021,9,0.06986521922810296
3550308,2021,10,0.07297520804810746
3550308,2021,11,0.07769244512583338
3550308,2021,12,0.0804347109594643
3550308,2022,1,0.07370712318826136
3550308,2022,2,0.07352005495102336
3550308,2022,3,0.07465257058828742
3550308,2022,4,0.07466474322046793
3550308,2022,5,0.07995843346621555
3550308,2022,6,0.08613198642190487
3550308,2022,7,0.09166937253816539
3550308,2022,8,0.09601954928922511
3550308,2022,9,0.09881623139286078
3550308,2022,10,0.0995952353240536
3550308,2022,11,0.0988631366134691
3550308,2022,12,0.09793715475361593
3550308,2023,1,0.1258098628289499
3550308,2023,2,0.12375916252768
3550308,2023,3,0.13071467370159798
3550308,2023,4,0.16717982886183838
3550308,2023,5,0.18489971274208014
3550308,2023,6,0.18736454447242862
3550308,2023,7,0.1815712378376281
3550308,2023,8,0.16978943401404267
3550308,2023,9,0.15804650024170513
3550308,2023,10,0.14653704204505072
3550308,2023,11,0.13480352133558718
3550308,2023,12,0.12795848067758173
3550308,2024,1,0.12221045882419725
3550308,2024,2,0.1127491604105889
3550308,2024,3,0.11004491037127856
3550308,2024,4,0.11137928305392912
3550308,2024,5,0.10780144372644641
3550308,2024,6,0.10446483696913289
3550308,2024,7,0.10241926323160452
3550308,2024,8,0.09949865104121008
3550308,2024,9,0.09672858239892874
3550308,2024,10,0.09560931936230439
3550308,2024,11,0.09311940455507103
3550308,2024,12,0.09139633797684209
4106902,2010,1,0.12512390899060913
4106902,2010,2,0.133346462538516
4106902,2010,3,0.1421312575181515
4106902,2010,4,0.15072549842884117
4106902,2010,5,0.15852477049600192
4106902,2010,6,0.16306532255809433
4106902,2010,7,0.16702271546721834
4106902,2010,8,0.17357782823737092
4106902,2010,9,0.18307903943300416
4106902,2010,10,0.18833535231287554
4106902,2010,11,0.18810991404816146
4106902,2010,12,0.17579948412933077
4106902,2011,1,0.11923134184692875
4106902,2011,2,0.11872504980599974
4106902,2011,3,0.11586157211662126
4106902,2011,4,0.11230606209171395
4106902,2011,5,0.11316165327372461
4106902,2011,6,0.10924865726815879
4106902,2011,7,0.10659912443728073
4106902,2011,8,0.10474910331411803
4106902,2011,9,0.09882787746309002
4106902,2011,10,0.10015147036265103
4106902,2011,11,0.10817972081936228
4106902,2011,12,0.12588119112506133
4106902,2012,1,0.14073527883434578
4106902,2012,2,0.1534098256279418
4106902,2012,3,0.1622087608767607
4106902,2012,4,0.1684229151147139
4106902,2012,5,0.17028040765063482
4106902,2012,6,0.17152530542448818
4106902,2012,7,0.17314157465723667
4106902,2012,8,0.16740358882318015
4106902,2012,9,0.1603303097999625
4106902,2012,10,0.1523373296828569
4106902,2012,11,0.14384508432377585
4106902,2012,12,0.14068425514520363
4106902,2013,1,0.12468775142692294
4106902,2013,2,0.11952078409345905
4106902,2013,3,0.11244958873703617
4106902,2013,4,0.10686704880739177
4106902,2013,5,0.09955248396086021
4106902,2013,6,0.09449654985305282
4106902,2013,7,0.0902491955003459
4106902,2013,8,0.0829058408332795
4106902,2013,9,0.0781150026731885
4106902,2013,10,0.07496775033245462
4106902,2013,11,0.07111072287651121
4106902,2013,12,0.06834480284676238
4106902,2014,1,0.05656926237301545
4106902,2014,2,0.05439020845888949
4106902,2014,3,0.051970549491179324
4106902,2014,4,0.044664224738403334
4106902,2014,5,0.033256673516199674
4106902,2014,6,0.025245392009942018
4106902,2014,7,0.01846663356932433
4106902,2014,8,0.011387862550505085
4106902,2014,9,0.005880830877073819
4106902,2014,10,0.002205942431807645
4106902,2014,11,0.001645549327598272
4106902,2014,12,-0.002002764097397327
4106902,2015,1,-0.0015256265663789413
4106902,2015,2,-0.0034118322651959503
4106902,2015,3,-0.007509253252495975
4106902,2015,4,-0.01913153116781291
4106902,2015,5,-0.029163672476108776
4106902,2015,6,-0.04062002770018815
4106902,2015,7,-0.054767809653334984
4106902,2015,8,-0.06587721273053489
4106902,2015,9,-0.07741468328404881
4106902,2015,10,-0.08742697134824078
4106902,2015,11,-0.09620145171524609
4106902,2015,12,-0.10228678318613584
4106902,2016,1,-0.10916562174912735
4106902,2016,2,-0.11701118468783689
4106902,2016,3,-0.1251920791235178
4106902,2016,4,-0.13344911751460384
4106902,2016,5,-0.13911900045494185
4106902,2016,6,-0.14493434939555008
4106902,2016,7,-0.14874370265204462
4106902,2016,8,-0.149856779059228
4106902,2016,9,-0.15747151133623014
4106902,2016,10,-0.16231386655260904
4106902,2016,11,-0.16541177141410432
4106902,2016,12,-0.16440969850539255
4106902,2017,1,-0.18828292064766292
4106902,2017,2,-0.19212098085236654
4106902,2017,3,-0.192874207370733
4106902,2017,4,-0.19021735052282626
4106902,2017,5,-0.18495654929406957
4106902,2017,6,-0.18189253716534998
4106902,2017,7,-0.176463742868621
4106902,2017,8,-0.172073081185438
4106902,2017,9,-0.17022912586140326
4106902,2017,10,-0.1638840307571304
4106902,2017,11,-0.16062981032191828
4106902,2017,12,-0.15477798050713604
4106902,2018,1,-0.1599529811710428
4106902,2018,2,-0.15593421313623215
4106902,2018,3,-0.14955736126269517
4106902,2018,4,-0.13767946736356074
4106902,2018,5,-0.1281402038222925
4106902,2018,6,-0.11984373503995056
4106902,2018,7,-0.10776110379083659
4106902,2018,8,-0.0970389710302452
4106902,2018,9,-0.0889304680046893
4106902,2018,10,-0.0802354053986193
4106902,2018,11,-0.07304011810673831
4106902,2018,12,-0.06346321612154997
4106902,2019,1,-0.05570594607705924
4106902,2019,2,-0.046449108222942403
4106902,2019,3,-0.04107612409437427
4106902,2019,4,-0.03544425530341174
4106902,2019,5,-0.03259542304902233
4106902,2019,6,-0.02959762539817531
4106902,2019,7,-0.02693037069749955
4106902,2019,8,-0.02580058845884498
4106902,2019,9,-0.021557727242758718
4106902,2019,10,-0.019831988747032153
4106902,2019,11,-0.016243361733246538
4106902,2019,12,-0.013710658636858736
4106902,2020,1,0.011298057019942357
4106902,2020,2,0.016211242916253393
4106902,2020,3,0.013124628776923416
4106902,2020,4,-0.014980750105366116
4106902,2020,5,-0.0302925150673541
4106902,2020,6,-0.030793452254098123
4106902,2020,7,-0.025897703498883713
4106902,2020,8,-0.013960922838719768
4106902,2020,9,-0.003183127496816251
4106902,2020,10,0.0035653463007014902
4106902,2020,11,0.01306149603255264
4106902,2020,12,0.020160850004525235
4106902,2021,1,0.02875445658033831
4106902,2021,2,0.03870457780642615
4106902,2021,3,0.043104066798707555
4106902,2021,4,0.04364666619693247
4106902,2021,5,0.04875376527937595
4106902,2021,6,0.056233923675542884
4106902,2021,7,0.06121465076368218
4106902,2021,8,0.06661789347079164
4106902,2021,9,0.07017053104825294
4106902,2021,10,0.07219392854569373
4106902,2021,11,0.07678900596668572
4106902,2021,12,0.07932158461300398
4106902,2022,1,0.07299028862708681
4106902,2022,2,0.07378844106761082
4106902,2022,3,0.0759132948485892
4106902,2022,4,0.07642133079441574
4106902,2022,5,0.08229585373833523
4106902,2022,6,0.08846735610472407
4106902,2022,7,0.09400235742902305
4106902,2022,8,0.09821225589516916
4106902,2022,9,0.1009402446808356
4106902,2022,10,0.1026532282517985
4106902,2022,11,0.1026225553790879
4106902,2022,12,0.10137536201964051
4106902,2023,1,0.12062633181880651
4106902,2023,2,0.11886280106787886
4106902,2023,3,0.12437451272766421
4106902,2023,4,0.1538104177327628
4106902,2023,5,0.17030133730874883
4106902,2023,6,0.17237944242268366
4106902,2023,7,0.16677754491133104
4106902,2023,8,0.15527416722558401
4106902,2023,9,0.14504039511749103
4106902,2023,10,0.13621956977913902
4106902,2023,11,0.126903726078313
4106902,2023,12,0.11974165927033174
4106902,2024,1,0.11482720568040551
4106902,2024,2,0.10854915571061105
4106902,2024,3,0.10782996704950897
4106902,2024,4,0.10918504861064639
4106902,2024,5,0.10651670184323261
4106902,2024,6,0.10496630346524125
4106902,2024,7,0.1036652999268921
4106902,2024,8,0.10207899667951206
4106902,2024,9,0.10095999730917819
4106902,2024,10,0.10227952827851879
4106902,2024,11,0.1008125018651407
4106902,2024,12,0.09931671510377534
4314902,2010,1,0.1391879415935091
4314902,2010,2,0.14935807014236843
4314902,2010,3,0.16024749847348194
4314902,2010,4,0.1688689023457467
4314902,2010,5,0.17614026283341633
4314902,2010,6,0.17885828020446556
4314902,2010,7,0.18183607236845187
4314902,2010,8,0.18688675490457515
4314902,2010,9,0.19544364163201708
4314902,2010,10,0.2008455695672856
4314902,2010,11,0.20069445599764185
4314902,2010,12,0.18851199599063137
4314902,2011,1,0.1351069074499371
4314902,2011,2,0.13313708968749507
4314902,2011,3,0.12990318789132016
4314902,2011,4,0.1265573366127116
4314902,2011,5,0.12799008498367578
4314902,2011,6,0.12445519580296993
4314902,2011,7,0.12079924513792971
4314902,2011,8,0.11939616823446805
4314902,2011,9,0.11298094268548595
4314902,2011,10,0.11433762710921225
4314902,2011,11,0.12069341310147326
4314902,2011,12,0.13636508672331837
4314902,2012,1,0.14783261932235525
4314902,2012,2,0.1589622653190422
4314902,2012,3,0.1682790283485012
4314902,2012,4,0.17494188460962676
4314902,2012,5,0.17746853673666463
4314902,2012,6,0.17913091221425742
4314902,2012,7,0.18052409129709823
4314902,2012,8,0.1753981774101623
4314902,2012,9,0.16682440705585572
4314902,2012,10,0.15988943063362038
4314902,2012,11,0.15123943034711135
4314902,2012,12,0.1469905077011955
4314902,2013,1,0.13610133691675882
4314902,2013,2,0.13026314148672286
4314902,2013,3,0.12280569703224571
4314902,2013,4,0.11663676463751092
4314902,2013,5,0.1097268455302713
4314902,2013,6,0.10642099420116154
4314902,2013,7,0.10184876334006804
4314902,2013,8,0.09409102139616914
4314902,2013,9,0.08939388261614728
4314902,2013,10,0.08566930913344932
4314902,2013,11,0.08147769200153455
4314902,2013,12,0.07861400239422899
4314902,2014,1,0.06469285525647119
4314902,2014,2,0.06380761231021226
4314902,2014,3,0.06036903753385789
4314902,2014,4,0.05417651083838946
4314902,2014,5,0.043192741994734024
4314902,2014,6,0.03599013971566096
4314902,2014,7,0.030700342332670646
4314902,2014,8,0.0259018455621364
4314902,2014,9,0.021087257397745213
4314902,2014,10,0.016622336503601766
4314902,2014,11,0.015405554228744843
4314902,2014,12,0.011586178127618293
4314902,2015,1,0.009498430481470898
4314902,2015,2,0.007600158429438192
4314902,2015,3,0.002933467554739257
4314902,2015,4,-0.009237327567683903
4314902,2015,5,-0.019489453087834768
4314902,2015,6,-0.0303657511930161
4314902,2015,7,-0.04315080383975899
4314902,2015,8,-0.05392395001705896
4314902,2015,9,-0.0640084380763976
4314902,2015,10,-0.07433091364191532
4314902,2015,11,-0.08265428882831101
4314902,2015,12,-0.08843148273825154
4314902,2016,1,-0.10169038723061691
4314902,2016,2,-0.10935372007415556
4314902,2016,3,-0.11828498447504739
4314902,2016,4,-0.12719143971415955
4314902,2016,5,-0.1327617143616089
4314902,2016,6,-0.13956707163718052
4314902,2016,7,-0.14303157960309013
4314902,2016,8,-0.14346803118610194
4314902,2016,9,-0.15041727471195787
4314902,2016,10,-0.15450266541211824
4314902,2016,11,-0.15675779296987433
4314902,2016,12,-0.1555020542430512
4314902,2017,1,-0.17667764778257475
4314902,2017,2,-0.18142833838327335
4314902,2017,3,-0.18335899201091427
4314902,2017,4,-0.1808184167956596
4314902,2017,5,-0.17782545882911222
4314902,2017,6,-0.17550088642130465
4314902,2017,7,-0.17169971397972572
4314902,2017,8,-0.16894115802547577
4314902,2017,9,-0.16929497687170145
4314902,2017,10,-0.16356763985159464
4314902,2017,11,-0.160303352983287
4314902,2017,12,-0.15423019362690393
4314902,2018,1,-0.15745706936899642
4314902,2018,2,-0.1541867462980996
4314902,2018,3,-0.14802429325044464
4314902,2018,4,-0.1365657299646992
4314902,2018,5,-0.1280731610521723
4314902,2018,6,-0.12142113350204393
4314902,2018,7,-0.11078182598581315
4314902,2018,8,-0.10067671774823064
4314902,2018,9,-0.09329651242501326
4314902,2018,10,-0.08450939624693783
4314902,2018,11,-0.07709679329792314
4314902,2018,12,-0.06698794012800859
4314902,2019,1,-0.058266393965206074
4314902,2019,2,-0.04844892645972361
4314902,2019,3,-0.04273976014043085
4314902,2019,4,-0.03664978383694761
4314902,2019,5,-0.03326419918414129
4314902,2019,6,-0.029209357825860288
4314902,2019,7,-0.025708826500550012
4314902,2019,8,-0.024096076678398116
4314902,2019,9,-0.020519959303118247
4314902,2019,10,-0.018454568796598753
4314902,2019,11,-0.014538390717652916
4314902,2019,12,-0.012201223185675314
4314902,2020,1,0.006525659034260055
4314902,2020,2,0.011725574456886045
4314902,2020,3,0.008772144151691386
4314902,2020,4,-0.020618525960178474
4314902,2020,5,-0.03447025802495108
4314902,2020,6,-0.034679024689064857
4314902,2020,7,-0.029283727596310934
4314902,2020,8,-0.01754209393608126
4314902,2020,9,-0.006110265331236217
4314902,2020,10,0.0024925706362277436
4314902,2020,11,0.01404006147780102
4314902,2020,12,0.021129894203832707
4314902,2021,1,0.02673206228508763
4314902,2021,2,0.03836637633730332
4314902,2021,3,0.04375439258117789
4314902,2021,4,0.04499401146257734
4314902,2021,5,0.051028689182377025
4314902,2021,6,0.06020416520346592
4314902,2021,7,0.0661606903601774
4314902,2021,8,0.0727032347841529
4314902,2021,9,0.07731311252726443
4314902,2021,10,0.07974336596043867
4314902,2021,11,0.08475705974025688
4314902,2021,12,0.08725315409128671
4314902,2022,1,0.07912253514242688
4314902,2022,2,0.07942986647010192
4314902,2022,3,0.08181438217803241
4314902,2022,4,0.08283130222684869
4314902,2022,5,0.08831094019274673
4314902,2022,6,0.09419582741240222
4314902,2022,7,0.09854247428876454
4314902,2022,8,0.10285703480197558
4314902,2022,9,0.10583173463584117
4314902,2022,10,0.10753462735385215
4314902,2022,11,0.10763698378234007
4314902,2022,12,0.10723561296710618
4314902,2023,1,0.13562259830291606
4314902,2023,2,0.13380921536112428
4314902,2023,3,0.14048238823019346
4314902,2023,4,0.1717070280135223
4314902,2023,5,0.18862497072111215
4314902,2023,6,0.19094268311386775
4314902,2023,7,0.18562007880848574
4314902,2023,8,0.17463106702132428
4314902,2023,9,0.16420152837077498
4314902,2023,10,0.15421508137247866
4314902,2023,11,0.14338109340961308
4314902,2023,12,0.13662247549128098
4314902,2024,1,0.13258046476704227
4314902,2024,2,0.1247723447615885
4314902,2024,3,0.1224602780186131
4314902,2024,4,0.12343682611491054
4314902,2024,5,0.12012607179426023
4314902,2024,6,0.11784357050276034
4314902,2024,7,0.1158886511407999
4314902,2024,8,0.11288719236949947
4314902,2024,9,0.11062220304025533
4314902,2024,10,0.11080471020364364
4314902,2024,11,0.10807694079823174
4314902,2024,12,0.10622806178934995
5002704,2010,1,0.12120228323974144
5002704,2010,2,0.12607986210904748
5002704,2010,3,0.13145331065742408
5002704,2010,4,0.14032239165679591
5002704,2010,5,0.146083997196193
5002704,2010,6,0.14984065872928667
5002704,2010,7,0.15379373238980903
5002704,2010,8,0.16185048350284098
5002704,2010,9,0.1758919585617283
5002704,2010,10,0.1793845866352179
5002704,2010,11,0.17486422771936871
5002704,2010,12,0.15457603238647968
5002704,2011,1,0.11696974906811043
5002704,2011,2,0.11786663988594734
5002704,2011,3,0.11371308509381743
5002704,2011,4,0.10639128416046419
5002704,2011,5,0.10791738873719359
5002704,2011,6,0.10458324713410572
5002704,2011,7,0.10409305294070846
5002704,2011,8,0.1031375102559217
5002704,2011,9,0.09421370206673976
5002704,2011,10,0.09295052329195505
5002704,2011,11,0.09365467852460627
5002704,2011,12,0.11681403148425283
5002704,2012,1,0.12562722051483013
5002704,2012,2,0.13271543525644164
5002704,2012,3,0.13376772804427609
5002704,2012,4,0.13550375750573365
5002704,2012,5,0.1380079814251784
5002704,2012,6,0.13924245038059693
5002704,2012,7,0.13956466214561783
5002704,2012,8,0.13265978293732783
5002704,2012,9,0.12178572051925315
5002704,2012,10,0.11414166128263452
5002704,2012,11,0.1065056011356195
5002704,2012,12,0.11049300872281136
5002704,2013,1,0.09885111513188384
5002704,2013,2,0.09530919647365932
5002704,2013,3,0.08859043909130355
5002704,2013,4,0.08261532506577571
5002704,2013,5,0.07713994956750135
5002704,2013,6,0.07296561230991394
5002704,2013,7,0.06952211422844107
5002704,2013,8,0.06222962537834223
5002704,2013,9,0.05704430569575641
5002704,2013,10,0.057093878579986324
5002704,2013,11,0.055913511652493725
5002704,2013,12,0.05691762358098095
5002704,2014,1,0.044409128708325446
5002704,2014,2,0.04384471398742754
5002704,2014,3,0.04391609211964793
5002704,2014,4,0.036782041151900265
5002704,2014,5,0.027841476482966792
5002704,2014,6,0.022977035075019206
5002704,2014,7,0.019525808013264912
5002704,2014,8,0.015497917313565708
5002704,2014,9,0.009966178865406175
5002704,2014,10,0.008717091890389652
5002704,2014,11,0.012044089043315042
5002704,2014,12,0.009575930146423025
5002704,2015,1,0.010846682965546368
5002704,2015,2,0.00990721409374166
5002704,2015,3,0.012083538151698364
5002704,2015,4,0.002808335037166489
5002704,2015,5,-0.00800163153267509
5002704,2015,6,-0.016060628515238456
5002704,2015,7,-0.025317332593290536
5002704,2015,8,-0.031580506080613184
5002704,2015,9,-0.040397311478265994
5002704,2015,10,-0.04674751919774927
5002704,2015,11,-0.0524440217606442
5002704,2015,12,-0.05243705945189851
5002704,2016,1,-0.057463917531806706
5002704,2016,2,-0.06342848983152925
5002704,2016,3,-0.06610245964653572
5002704,2016,4,-0.07212857476425791
5002704,2016,5,-0.07615931936262407
5002704,2016,6,-0.08105065068700507
5002704,2016,7,-0.0842462916104268
5002704,2016,8,-0.08449030923351523
5002704,2016,9,-0.09264124728016994
5002704,2016,10,-0.09801979151073467
5002704,2016,11,-0.10083289891813246
5002704,2016,12,-0.09673956413926273
5002704,2017,1,-0.1208292573081145
5002704,2017,2,-0.12840863679909412
5002704,2017,3,-0.12845322382887225
5002704,2017,4,-0.12510856507708137
5002704,2017,5,-0.12135009541408871
5002704,2017,6,-0.1197563037482314
5002704,2017,7,-0.1170598761871461
5002704,2017,8,-0.11687101048107489
5002704,2017,9,-0.1188810453054932
5002704,2017,10,-0.11220986960551603
5002704,2017,11,-0.11177262953234143
5002704,2017,12,-0.1069123283776859
5002704,2018,1,-0.11006753841713307
5002704,2018,2,-0.11030359174962522
5002704,2018,3,-0.10881525590519411
5002704,2018,4,-0.09962273549148769
5002704,2018,5,-0.09453263221462069
5002704,2018,6,-0.09175874378341513
5002704,2018,7,-0.0856546579368785
5002704,2018,8,-0.07959753464142916
5002704,2018,9,-0.07476446378336696
5002704,2018,10,-0.06985301228180874
5002704,2018,11,-0.06500074222991038
5002704,2018,12,-0.056606821391014805
5002704,2019,1,-0.05385300827581065
5002704,2019,2,-0.04747811320648022
5002704,2019,3,-0.046798200322432724
5002704,2019,4,-0.042119226334168675
5002704,2019,5,-0.04133943177987239
5002704,2019,6,-0.03945756018849461
5002704,2019,7,-0.03705362764571237
5002704,2019,8,-0.03557529678059076
5002704,2019,9,-0.030573271686729596
5002704,2019,10,-0.029321601822492483
5002704,2019,11,-0.026444494410707016
5002704,2019,12,-0.0230476295087401
5002704,2020,1,8.552191246023657e-4
5002704,2020,2,0.005609178836210658
5002704,2020,3,2.789134316806799e-4
5002704,2020,4,-0.031996131844161814
5002704,2020,5,-0.048266312116112396
5002704,2020,6,-0.049522263490146774
5002704,2020,7,-0.0452812572074332
5002704,2020,8,-0.03492914741816371
5002704,2020,9,-0.02235519159635153
5002704,2020,10,-0.016214836383923473
5002704,2020,11,-0.005480227259958996
5002704,2020,12,0.004566085154673613
5002704,2021,1,0.0036647313583019303
5002704,2021,2,0.014182009506793306
5002704,2021,3,0.017697409491306625
5002704,2021,4,0.015071704972068075
5002704,2021,5,0.021322315303597055
5002704,2021,6,0.030799905372444952
5002704,2021,7,0.03838651418270922
5002704,2021,8,0.04627756225147735
5002704,2021,9,0.05059996093220232
5002704,2021,10,0.053109158804744754
5002704,2021,11,0.05767355302279847
5002704,2021,12,0.06216050898709012
5002704,2022,1,0.062192861837811565
5002704,2022,2,0.06412052569885239
5002704,2022,3,0.0661491765390375
5002704,2022,4,0.06626711111045137
5002704,2022,5,0.07409677561211968
5002704,2022,6,0.08113274346412115
5002704,2022,7,0.08601758926541822
5002704,2022,8,0.08916552322846014
5002704,2022,9,0.08906805978684362
5002704,2022,10,0.08873874833052177
5002704,2022,11,0.08862958920585721
5002704,2022,12,0.08765044340133644
5002704,2023,1,0.11948836540430066
5002704,2023,2,0.11997062493767373
5002704,2023,3,0.12780378878750884
5002704,2023,4,0.1594231867371442
5002704,2023,5,0.17564743422431314
5002704,2023,6,0.17913130250517817
5002704,2023,7,0.1750713849522039
5002704,2023,8,0.1673357090187697
5002704,2023,9,0.15626209737571692
5002704,2023,10,0.1462791757100942
5002704,2023,11,0.13815931156808542
5002704,2023,12,0.1305390877650899
5002704,2024,1,0.12427092126862962
5002704,2024,2,0.11878902415995674
5002704,2024,3,0.11867680934911902
5002704,2024,4,0.121800945759094
5002704,2024,5,0.11837875076324172
5002704,2024,6,0.1151541708110169
5002704,2024,7,0.11239153486760436
5002704,2024,8,0.10771823493402351
5002704,2024,9,0.10328342373815234
5002704,2024,10,0.10152174394505872
5002704,2024,11,0.09938780056380891
5002704,2024,12,0.09724178319824663
5208707,2010,1,0.1265280351535359
5208707,2010,2,0.13187750071552368
5208707,2010,3,0.13883106641490695
5208707,2010,4,0.1469199314969828
5208707,2010,5,0.15255457971037234
5208707,2010,6,0.15575690778926252
5208707,2010,7,0.15926181496130298
5208707,2010,8,0.1664896724315476
5208707,2010,9,0.17725989487813423
5208707,2010,10,0.18101962969644497
5208707,2010,11,0.1781356297192548
5208707,2010,12,0.1586542401432435
5208707,2011,1,0.12649197892177266
5208707,2011,2,0.1272281447215482
5208707,2011,3,0.12205256227592487
5208707,2011,4,0.11784571090384133
5208707,2011,5,0.1175045016990728
5208707,2011,6,0.11275982685436217
5208707,2011,7,0.11070183034681709
5208707,2011,8,0.10791043044579751
5208707,2011,9,0.09953492377423927
5208707,2011,10,0.09861614761961482
5208707,2011,11,0.09990125661406758
5208707,2011,12,0.115354038521344
5208707,2012,1,0.11873506179169194
5208707,2012,2,0.1259394212156465
5208707,2012,3,0.12884964818647807
5208707,2012,4,0.13176781803400087
5208707,2012,5,0.13300203058942037
5208707,2012,6,0.13316538492837982
5208707,2012,7,0.13182110862217808
5208707,2012,8,0.12494994446841255
5208707,2012,9,0.11546211485132467
5208707,2012,10,0.10822319595722366
5208707,2012,11,0.1010643275105967
5208707,2012,12,0.10172631623416936
5208707,2013,1,0.0911245697887993
5208707,2013,2,0.08749156658204009
5208707,2013,3,0.08102951044387696
5208707,2013,4,0.07554454436043193
5208707,2013,5,0.06997037116119914
5208707,2013,6,0.06632728488922195
5208707,2013,7,0.062418311085372956
5208707,2013,8,0.055559878125330885
5208707,2013,9,0.05040190201667308
5208707,2013,10,0.048515186954601025
5208707,2013,11,0.04517379030612011
5208707,2013,12,0.04465434986315347
5208707,2014,1,0.03692062561193069
5208707,2014,2,0.03653952139806818
5208707,2014,3,0.03706442654543213
5208707,2014,4,0.0316938604114075
5208707,2014,5,0.024888062682331045
5208707,2014,6,0.020397454652093985
5208707,2014,7,0.01697389916680246
5208707,2014,8,0.013397923657448985
5208707,2014,9,0.009516843172112785
5208707,2014,10,0.007726533028435062
5208707,2014,11,0.009728578197022317
5208707,2014,12,0.007293462653877003
5208707,2015,1,0.011585097941250604
5208707,2015,2,0.010470686365060747
5208707,2015,3,0.010846033408791155
5208707,2015,4,0.0016790302860094136
5208707,2015,5,-0.007524317303744352
5208707,2015,6,-0.01624476077192937
5208707,2015,7,-0.025887596201890583
5208707,2015,8,-0.03373116459687891
5208707,2015,9,-0.04387501035926776
5208707,2015,10,-0.052578422035349605
5208707,2015,11,-0.060125086545084985
5208707,2015,12,-0.06269492206248113
5208707,2016,1,-0.0691243695407946
5208707,2016,2,-0.07471051065812115
5208707,2016,3,-0.07975895853142595
5208707,2016,4,-0.08610639290980238
5208707,2016,5,-0.09011092783507403
5208707,2016,6,-0.09494231469617365
5208707,2016,7,-0.0972317160572973
5208707,2016,8,-0.09750553880342663
5208707,2016,9,-0.10327545177833426
5208707,2016,10,-0.10719969271553033
5208707,2016,11,-0.10890380236996407
5208707,2016,12,-0.10648909156519877
5208707,2017,1,-0.12979574470036975
5208707,2017,2,-0.13467344957166724
5208707,2017,3,-0.1356489769209243
5208707,2017,4,-0.13397810975874805
5208707,2017,5,-0.13137590698694157
5208707,2017,6,-0.129674410438039
5208707,2017,7,-0.1272009084236605
5208707,2017,8,-0.12587802809147497
5208707,2017,9,-0.12666325195034422
5208707,2017,10,-0.12107336442287177
5208707,2017,11,-0.12082249203551994
5208707,2017,12,-0.11608055627115622
5208707,2018,1,-0.12128470436235168
5208707,2018,2,-0.12023590379717365
5208707,2018,3,-0.11875198931112105
5208707,2018,4,-0.11070389502478185
5208707,2018,5,-0.10662611968242437
5208707,2018,6,-0.10447512879886584
5208707,2018,7,-0.09878219202336924
5208707,2018,8,-0.09253737804109731
5208707,2018,9,-0.08616648745918909
5208707,2018,10,-0.07923541140045592
5208707,2018,11,-0.07320894348228998
5208707,2018,12,-0.06553458733214695
5208707,2019,1,-0.06077839698270691
5208707,2019,2,-0.05378012092481657
5208707,2019,3,-0.05213802445105793
5208707,2019,4,-0.047579087421428384
5208707,2019,5,-0.047013112939739705
5208707,2019,6,-0.046023614463434594
5208707,2019,7,-0.044347577303900064
5208707,2019,8,-0.04358610975617215
5208707,2019,9,-0.03982839477468402
5208707,2019,10,-0.03874969195231483
5208707,2019,11,-0.03640950083757885
5208707,2019,12,-0.033995164602617915
5208707,2020,1,-0.012808528623619912
5208707,2020,2,-0.00877599087825661
5208707,2020,3,-0.01543760812557988
5208707,2020,4,-0.056331528905268206
5208707,2020,5,-0.07596901349586016
5208707,2020,6,-0.07941882206870778
5208707,2020,7,-0.07613990934906854
5208707,2020,8,-0.06698346271324583
5208707,2020,9,-0.053815149433013285
5208707,2020,10,-0.04462934765954289
5208707,2020,11,-0.031827536043744525
5208707,2020,12,-0.022553364535264513
5208707,2021,1,-0.023500188428082887
5208707,2021,2,-0.01038425012893629
5208707,2021,3,-0.0060041411168384505
5208707,2021,4,-0.008603318803829125
5208707,2021,5,-0.0021583337757115476
5208707,2021,6,0.009097059250669615
5208707,2021,7,0.018383295560949565
5208707,2021,8,0.028232265690799625
5208707,2021,9,0.034221485940742334
5208707,2021,10,0.03807452467607824
5208707,2021,11,0.043360359557391315
5208707,2021,12,0.04696364808228228
5208707,2022,1,0.04414105857233055
5208707,2022,2,0.04541775306188995
5208707,2022,3,0.047238528290021224
5208707,2022,4,0.04708455453258507
5208707,2022,5,0.053820217053313336
5208707,2022,6,0.06114632862806044
5208707,2022,7,0.06637700335931405
5208707,2022,8,0.06957821597482032
5208707,2022,9,0.07022696727578914
5208707,2022,10,0.07017375666682524
5208707,2022,11,0.06977159831779635
5208707,2022,12,0.06874883819163265
5208707,2023,1,0.1018476948122323
5208707,2023,2,0.10053972049575449
5208707,2023,3,0.10944859754750075
5208707,2023,4,0.14962689076063934
5208707,2023,5,0.16887152125856825
5208707,2023,6,0.17327261813146103
5208707,2023,7,0.16967160596263628
5208707,2023,8,0.1616759182866334
5208707,2023,9,0.14926481039706052
5208707,2023,10,0.13696204664336092
5208707,2023,11,0.12559675656058938
5208707,2023,12,0.11762993067078807
5208707,2024,1,0.11359785198369232
5208707,2024,2,0.10417841616552755
5208707,2024,3,0.10326221705661975
5208707,2024,4,0.1077465451955881
5208707,2024,5,0.1044010034634867
5208707,2024,6,0.10048772976973272
5208707,2024,7,0.09687700357850472
5208707,2024,8,0.09140709999459344
5208707,2024,9,0.08634491228188958
5208707,2024,10,0.08298386299984527
5208707,2024,11,0.08000765195360951
5208707,2024,12,0.07770125620729122
5300108,2010,1,0.13142614071892197
5300108,2010,2,0.13532776553783632
5300108,2010,3,0.1399492900464259
5300108,2010,4,0.14749197413714216
5300108,2010,5,0.15321064144413776
5300108,2010,6,0.156279884295322
5300108,2010,7,0.15970093078410602
5300108,2010,8,0.16718645371025573
5300108,2010,9,0.18160211950483263
5300108,2010,10,0.18693635548993726
5300108,2010,11,0.18517116932968253
5300108,2010,12,0.17090489095885747
5300108,2011,1,0.12679298056751215
5300108,2011,2,0.12711902692046886
5300108,2011,3,0.12343163627246224
5300108,2011,4,0.11750686443533392
5300108,2011,5,0.11993820599144366
5300108,2011,6,0.11705427078874633
5300108,2011,7,0.11633077151923554
5300108,2011,8,0.11558458339990828
5300108,2011,9,0.10739624978878518
5300108,2011,10,0.1069860142824644
5300108,2011,11,0.1079510535749148
5300108,2011,12,0.12799697745613936
5300108,2012,1,0.1366534295930808
5300108,2012,2,0.1433895394229096
5300108,2012,3,0.14678815582931007
5300108,2012,4,0.15048932794527337
5300108,2012,5,0.15307095331064516
5300108,2012,6,0.15498993142494458
5300108,2012,7,0.15600039025981793
5300108,2012,8,0.15115539745310244
5300108,2012,9,0.1413060621650185
5300108,2012,10,0.13452063379451884
5300108,2012,11,0.12779605228187735
5300108,2012,12,0.1296129632162608
5300108,2013,1,0.11840894158360687
5300108,2013,2,0.11458595834281254
5300108,2013,3,0.107712318694524
5300108,2013,4,0.10205482165393828
5300108,2013,5,0.09693050510309893
5300108,2013,6,0.09361962386457408
5300108,2013,7,0.09090607075569422
5300108,2013,8,0.08436738425526603
5300108,2013,9,0.07938987864354066
5300108,2013,10,0.07885752815950245
5300108,2013,11,0.0774640583292795
5300108,2013,12,0.076915961734724
5300108,2014,1,0.0639353472174988
5300108,2014,2,0.06315330141162806
5300108,2014,3,0.062351214677251424
5300108,2014,4,0.055518800825170286
5300108,2014,5,0.0454351791101463
5300108,2014,6,0.04051467982687832
5300108,2014,7,0.036819214677826416
5300108,2014,8,0.03356796148205089
5300108,2014,9,0.02853564959135549
5300108,2014,10,0.02621472990031507
5300108,2014,11,0.028395141731983507
5300108,2014,12,0.0250953831641952
5300108,2015,1,0.02806952988642357
5300108,2015,2,0.027739730674043735
5300108,2015,3,0.02831823663173865
5300108,2015,4,0.018416021036432934
5300108,2015,5,0.00778546492245313
5300108,2015,6,-0.0012817328405686616
5300108,2015,7,-0.010970903978145492
5300108,2015,8,-0.018077763056061975
5300108,2015,9,-0.02695880005117579
5300108,2015,10,-0.03331633673767627
5300108,2015,11,-0.03945097436588678
5300108,2015,12,-0.040979395497176156
5300108,2016,1,-0.05025669531922398
5300108,2016,2,-0.056345983544564195
5300108,2016,3,-0.05963530072074076
5300108,2016,4,-0.06636838070110371
5300108,2016,5,-0.07103723830774714
5300108,2016,6,-0.07724628982362904
5300108,2016,7,-0.08186973432926946
5300108,2016,8,-0.08314374475508525
5300108,2016,9,-0.09212439471636649
5300108,2016,10,-0.09842297906745365
5300108,2016,11,-0.1016764182920145
5300108,2016,12,-0.09919145611621705
5300108,2017,1,-0.12167708136840448
5300108,2017,2,-0.12969662733735488
5300108,2017,3,-0.13064908555884808
5300108,2017,4,-0.12765331505198949
5300108,2017,5,-0.1244969959964957
5300108,2017,6,-0.12361985687282818
5300108,2017,7,-0.1210232262620683
5300108,2017,8,-0.12177157499164219
5300108,2017,9,-0.12471862483860795
5300108,2017,10,-0.1190894228903353
5300108,2017,11,-0.11852660876317714
5300108,2017,12,-0.11452040664528199
5300108,2018,1,-0.11947119524971302
5300108,2018,2,-0.12003836252455184
5300108,2018,3,-0.11758041076357226
5300108,2018,4,-0.1079256539725631
5300108,2018,5,-0.10192017750849006
5300108,2018,6,-0.09832204846937824
5300108,2018,7,-0.09111148043053682
5300108,2018,8,-0.0844893087532673
5300108,2018,9,-0.07970140758703198
5300108,2018,10,-0.07516220755891645
5300108,2018,11,-0.07082642026882592
5300108,2018,12,-0.06264233460881641
5300108,2019,1,-0.060806440174067854
5300108,2019,2,-0.05346863283017759
5300108,2019,3,-0.05117685679767403
5300108,2019,4,-0.04532804653689701
5300108,2019,5,-0.04330350134352998
5300108,2019,6,-0.03939250783034456
5300108,2019,7,-0.03557835699138243
5300108,2019,8,-0.033337782307593065
5300108,2019,9,-0.02831787099046942
5300108,2019,10,-0.02627892604142459
5300108,2019,11,-0.023251764682927924
5300108,2019,12,-0.019937362779493463
5300108,2020,1,6.020650098129431e-4
5300108,2020,2,0.00681402379749433
5300108,2020,3,0.0042010614047949535
5300108,2020,4,-0.021379790970361735
5300108,2020,5,-0.033154342203899845
5300108,2020,6,-0.03161640790733533
5300108,2020,7,-0.0256703509184327
5300108,2020,8,-0.015315776708248846
5300108,2020,9,-0.005360289310371918
5300108,2020,10,-0.0010830441472691119
5300108,2020,11,0.008339509102864484
5300108,2020,12,0.016623048204580177
5300108,2021,1,0.017842854628865874
5300108,2021,2,0.0283017452822412
5300108,2021,3,0.03284202172107412
5300108,2021,4,0.03237173298494089
5300108,2021,5,0.037818979066492515
5300108,2021,6,0.046463631479460386
5300108,2021,7,0.05218119797078729
5300108,2021,8,0.058262541728637283
5300108,2021,9,0.060882167935907415
5300108,2021,10,0.06278041865092555
5300108,2021,11,0.0670773716844705
5300108,2021,12,0.07010861927444015
5300108,2022,1,0.06998689616965806
5300108,2022,2,0.07135290959024432
5300108,2022,3,0.07272580542197234
5300108,2022,4,0.07279505610794271
5300108,2022,5,0.07948186354575106
5300108,2022,6,0.08503638797431437
5300108,2022,7,0.08840446344170043
5300108,2022,8,0.09145797723678095
5300108,2022,9,0.09171438559110831
5300108,2022,10,0.09197751688253447
5300108,2022,11,0.09239713452609016
5300108,2022,12,0.09161971349011044
5300108,2023,1,0.12739789900036616
5300108,2023,2,0.12817433999345906
5300108,2023,3,0.13480577769538044
5300108,2023,4,0.1616109970153671
5300108,2023,5,0.17518757433657411
5300108,2023,6,0.1766523475063714
5300108,2023,7,0.17149695700508907
5300108,2023,8,0.16409297546172222
5300108,2023,9,0.15567763695785936
5300108,2023,10,0.1482179810273018
5300108,2023,11,0.14124119356566694
5300108,2023,12,0.13471306343011788
5300108,2024,1,0.13081692438213943
5300108,2024,2,0.12604537401860075
5300108,2024,3,0.12493370036219655
5300108,2024,4,0.12618926064257355
5300108,2024,5,0.12280757271563782
5300108,2024,6,0.12018993849652122
5300108,2024,7,0.1190084866876357
5300108,2024,8,0.11648856271597749
5300108,2024,9,0.11382853879240751
5300108,2024,10,0.1134758442136136
5300108,2024,11,0.11175934816025446
5300108,2024,12,0.11003104098347705
